{
  "event": "cyclone_idai_2019",
  "budget": 50,
  "seed_set": 3,
  "test_error_rate": 27.47111681643132,
  "test_macro_f1": 0.5479646753495026,
  "test_per_class_f1": [
    0.4444444444444444,
    0.4827586206896552,
    0.7901234567901234,
    0.8953488372093024,
    0.0,
    0.3333333333333333,
    0.5027322404371585,
    0.3838383838383838,
    0.794435857805255,
    0.8526315789473684
  ],
  "dev_error_rate": 31.421446384039896,
  "dev_macro_f1": 0.509587707546787,
  "lambda1_mean": 1.0009733211210703,
  "lambda1_std": 0.3122318994809671,
  "lambda2_mean": 0.528029091618774,
  "lambda2_std": 0.2132590394152527
}