{
  "event": "hurricane_florence_2018",
  "budget": 25,
  "seed_set": 3,
  "test_error_rate": 25.785656728444806,
  "test_macro_f1": 0.6874259434328281,
  "test_ece": 0.13060317151878845,
  "test_per_class_f1": [
    0.7112068965517241,
    0.8127208480565371,
    0.6266666666666667,
    0.9256198347107438,
    0.8268733850129198,
    0.43346007604562736,
    0.20689655172413793,
    0.8472727272727273,
    0.7961165048543689
  ],
  "dev_error_rate": 25.82159624413145,
  "dev_macro_f1": 0.6840305095054052,
  "dev_ece": 0.14712505212785304,
  "stopping_strategy": "no_early_stopping",
  "lambda1_mean": 1.1012382232175733,
  "lambda1_std": 0.16968726712886514,
  "lambda2_mean": 0.6641079562649214,
  "lambda2_std": 0.14481410731812114
}