{
  "event": "hurricane_dorian_2019",
  "budget": 50,
  "seed_set": 1,
  "test_error_rate": 35.54376657824933,
  "test_macro_f1": 0.5955776782393833,
  "test_per_class_f1": [
    0.6124763705103969,
    0.9022988505747126,
    0.6324324324324324,
    0.4186046511627907,
    0.5531914893617021,
    0.375,
    0.2153846153846154,
    0.8258706467661692,
    0.8249400479616307
  ],
  "dev_error_rate": 36.855670103092784,
  "dev_macro_f1": 0.6045159701049823,
  "lambda1_mean": 1.0462361051766107,
  "lambda1_std": 0.2547940398553442,
  "lambda2_mean": 0.5786992988975992,
  "lambda2_std": 0.19398674532012675
}