{
  "event": "canada_wildfires_2016",
  "budget": 50,
  "seed_set": 1,
  "test_error_rate": 23.370786516853936,
  "test_macro_f1": 0.5997322031995271,
  "test_ece": 0.10364823984296134,
  "test_per_class_f1": [
    0.44,
    0.8875,
    0.8627450980392157,
    0.21052631578947367,
    0.46017699115044247,
    0.25,
    0.8932584269662921,
    0.7936507936507936
  ],
  "dev_error_rate": 19.736842105263154,
  "dev_macro_f1": 0.679445564516129,
  "dev_ece": 0.06950366510110996,
  "stopping_strategy": "balanced_dev",
  "lambda1_mean": 0.9527917517439928,
  "lambda1_std": 0.2879416445926294,
  "lambda2_mean": 0.43472880063366676,
  "lambda2_std": 0.2114898788616853
}