{
  "event": "hurricane_florence_2018",
  "budget": 50,
  "seed_set": 3,
  "test_error_rate": 24.254633360193388,
  "test_macro_f1": 0.6920558739361503,
  "test_ece": 0.06293133602422825,
  "test_per_class_f1": [
    0.7177242888402626,
    0.8350877192982457,
    0.6049382716049383,
    0.9193548387096774,
    0.8391959798994975,
    0.45136186770428016,
    0.1935483870967742,
    0.8495575221238938,
    0.8177339901477833
  ],
  "dev_error_rate": 23.63067292644757,
  "dev_macro_f1": 0.6977640304394805,
  "dev_ece": 0.062172633055043725,
  "stopping_strategy": "no_early_stopping",
  "lambda1_mean": 1.0602780608241265,
  "lambda1_std": 0.1935891661112847,
  "lambda2_mean": 0.5984714022732289,
  "lambda2_std": 0.16632124798171705
}