{
  "event": "cyclone_idai_2019",
  "budget": 5,
  "seed_set": 3,
  "test_error_rate": 23.620025673940948,
  "test_macro_f1": 0.5878172705170693,
  "test_ece": 0.1177255277532668,
  "test_per_class_f1": [
    0.32,
    0.6285714285714286,
    0.7808219178082192,
    0.896969696969697,
    0.4,
    0.35714285714285715,
    0.4105960264900662,
    0.42857142857142855,
    0.8663101604278075,
    0.7891891891891892
  ],
  "dev_error_rate": 25.6857855361596,
  "dev_macro_f1": 0.5774747418273961,
  "dev_ece": 0.14333652238596106,
  "lambda1_mean": 0.751292321581542,
  "lambda1_std": 0.14861671965582207,
  "lambda2_mean": 0.1387807614479835,
  "lambda2_std": 0.05585080798481475
}