{
  "event": "kaikoura_earthquake_2016",
  "budget": 25,
  "seed_set": 2,
  "test_error_rate": 26.206896551724135,
  "test_macro_f1": 0.7016398338076533,
  "test_ece": 0.0839931285244295,
  "test_per_class_f1": [
    0.6708074534161491,
    0.8108108108108109,
    0.8787878787878788,
    0.9333333333333333,
    0.5161290322580645,
    0.5072463768115942,
    0.25,
    0.8470588235294118,
    0.9005847953216374
  ],
  "dev_error_rate": 26.785714285714292,
  "dev_macro_f1": 0.6660636759344246,
  "dev_ece": 0.09151108616164749,
  "lambda1_mean": 0.8054081217939077,
  "lambda1_std": 0.14235426105891633,
  "lambda2_mean": 0.1238983293620116,
  "lambda2_std": 0.05842562030195493
}