{
  "event": "hurricane_harvey_2017",
  "budget": 50,
  "seed_set": 1,
  "test_error_rate": 28.088642659279785,
  "test_macro_f1": 0.677046841214036,
  "test_ece": 0.11428792470049665,
  "test_per_class_f1": [
    0.6547085201793722,
    0.8857142857142857,
    0.8038461538461539,
    0.89419795221843,
    0.33755274261603374,
    0.4444444444444444,
    0.49382716049382713,
    0.8468468468468469,
    0.7322834645669292
  ],
  "dev_error_rate": 29.063509149623247,
  "dev_macro_f1": 0.6767258277527644,
  "dev_ece": 0.11725666130962109,
  "stopping_strategy": "baseline",
  "lambda1_mean": 1.0155164403797545,
  "lambda1_std": 0.24092401038473613,
  "lambda2_mean": 0.48687858272709716,
  "lambda2_std": 0.18873620987739137
}