{
  "event": "hurricane_dorian_2019",
  "budget": 5,
  "seed_set": 3,
  "test_error_rate": 37.3342175066313,
  "test_macro_f1": 0.5581747734948439,
  "test_ece": 0.25909532057195506,
  "test_per_class_f1": [
    0.6118421052631579,
    0.8502994011976048,
    0.5794392523364486,
    0.4444444444444444,
    0.5833333333333334,
    0.28992628992628994,
    0.10256410256410256,
    0.7903614457831325,
    0.7713625866050808
  ],
  "dev_error_rate": 39.432989690721655,
  "dev_macro_f1": 0.5490159555266767,
  "dev_ece": 0.28723244080992083,
  "stopping_strategy": "baseline",
  "lambda1_mean": 1.0936761755253956,
  "lambda1_std": 0.18631489140717725,
  "lambda2_mean": 0.6521471913073373,
  "lambda2_std": 0.15629421970520163
}