{
  "event": "california_wildfires_2018",
  "budget": 5,
  "seed_set": 1,
  "test_error_rate": 26.8993839835729,
  "test_macro_f1": 0.6404981802854935,
  "test_ece": 0.16663110709043502,
  "test_per_class_f1": [
    0.5671641791044776,
    0.7439024390243902,
    0.6086956521739131,
    0.914572864321608,
    0.7123287671232876,
    0.6832298136645962,
    0.21686746987951808,
    0.4375,
    0.8471454880294659,
    0.6735751295336787
  ],
  "dev_error_rate": 27.127659574468087,
  "dev_macro_f1": 0.6115250891587971,
  "dev_ece": 0.17512386486409826,
  "lambda1_mean": 0.8206692900512111,
  "lambda1_std": 0.16021656745051716,
  "lambda2_mean": 0.1581931537800626,
  "lambda2_std": 0.05311933875111624
}