{
  "event": "hurricane_dorian_2019",
  "budget": 5,
  "seed_set": 3,
  "test_error_rate": 37.201591511936336,
  "test_macro_f1": 0.5755647224417627,
  "test_ece": 0.27570311569013395,
  "test_per_class_f1": [
    0.6023688663282571,
    0.863905325443787,
    0.5676567656765676,
    0.5,
    0.5872340425531914,
    0.28217821782178215,
    0.18518518518518517,
    0.8019559902200489,
    0.789598108747045
  ],
  "dev_error_rate": 39.81958762886598,
  "dev_macro_f1": 0.5522942300917948,
  "dev_ece": 0.30715531425685,
  "stopping_strategy": "per_class_patience",
  "lambda1_mean": 1.0985598367425253,
  "lambda1_std": 0.18376746367099528,
  "lambda2_mean": 0.6493947144822239,
  "lambda2_std": 0.1536832459851592
}