{
  "event": "hurricane_florence_2018",
  "budget": 50,
  "seed_set": 3,
  "test_error_rate": 25.221595487510072,
  "test_macro_f1": 0.679543782305204,
  "test_ece": 0.07869530543024555,
  "test_per_class_f1": [
    0.6989473684210527,
    0.8157894736842105,
    0.6382978723404256,
    0.926829268292683,
    0.829736211031175,
    0.43037974683544306,
    0.17391304347826086,
    0.832089552238806,
    0.7699115044247787
  ],
  "dev_error_rate": 23.161189358372457,
  "dev_macro_f1": 0.7127480298825536,
  "dev_ece": 0.0873212975235612,
  "lambda1_mean": 0.8939890216165655,
  "lambda1_std": 0.17903067844328502,
  "lambda2_mean": 0.19992337919394515,
  "lambda2_std": 0.07095665579627944
}