{
  "event": "canada_wildfires_2016",
  "budget": 50,
  "seed_set": 2,
  "test_error_rate": 24.269662921348313,
  "test_macro_f1": 0.6061260423954972,
  "test_ece": 0.10703226970822621,
  "test_per_class_f1": [
    0.39215686274509803,
    0.8774193548387097,
    0.8761904761904762,
    0.3,
    0.43243243243243246,
    0.3333333333333333,
    0.8838526912181303,
    0.7536231884057971
  ],
  "dev_error_rate": 19.298245614035093,
  "dev_macro_f1": 0.6412721074130272,
  "dev_ece": 0.08079325505777409,
  "lambda1_mean": 0.8653914868606951,
  "lambda1_std": 0.20703432788495071,
  "lambda2_mean": 0.179339855267738,
  "lambda2_std": 0.09065718469373457
}