{
  "event": "california_wildfires_2018",
  "budget": 25,
  "seed_set": 1,
  "test_error_rate": 27.78918548939083,
  "test_macro_f1": 0.6595681732544032,
  "test_ece": 0.05281463222581992,
  "test_per_class_f1": [
    0.5666666666666667,
    0.7719298245614035,
    0.6017699115044248,
    0.8903566710700133,
    0.6597938144329897,
    0.6679764243614931,
    0.39039039039039036,
    0.5,
    0.8275862068965517,
    0.7192118226600985
  ],
  "dev_error_rate": 29.521276595744684,
  "dev_macro_f1": 0.6194792046581387,
  "dev_ece": 0.09420802036022886,
  "lambda1_mean": 0.8523425170740354,
  "lambda1_std": 0.16149266395896228,
  "lambda2_mean": 0.16861206404690093,
  "lambda2_std": 0.06029344373701583
}