{
  "event": "kerala_floods_2018",
  "budget": 50,
  "seed_set": 3,
  "test_error_rate": 33.43868520859671,
  "test_macro_f1": 0.54875979836764,
  "test_ece": 0.07499667736507397,
  "test_per_class_f1": [
    0.40963855421686746,
    0.28,
    0.5586592178770949,
    0.8571428571428571,
    0.36809815950920244,
    0.34536082474226804,
    0.6258064516129033,
    0.8034414295168762,
    0.6906906906906907
  ],
  "dev_error_rate": 30.34398034398035,
  "dev_macro_f1": 0.6130922959093975,
  "dev_ece": 0.06229951825789211,
  "stopping_strategy": "balanced_dev",
  "phase1_seed_strategy": "last",
  "phase1_best_epoch": null,
  "lambda1_mean": 1.0047166463294974,
  "lambda1_std": 0.2640675116785318,
  "lambda2_mean": 0.4857673065694459,
  "lambda2_std": 0.19864740560988323
}