{
  "event": "kaikoura_earthquake_2016",
  "budget": 10,
  "seed_set": 1,
  "test_error_rate": 27.356321839080454,
  "test_macro_f1": 0.6955329522453597,
  "test_ece": 0.1182232693008993,
  "test_per_class_f1": [
    0.7045454545454546,
    0.8333333333333334,
    0.7943262411347518,
    0.875,
    0.5555555555555556,
    0.4576271186440678,
    0.2857142857142857,
    0.8571428571428571,
    0.896551724137931
  ],
  "dev_error_rate": 32.58928571428571,
  "dev_macro_f1": 0.6309877608014255,
  "dev_ece": 0.14418815967759918,
  "stopping_strategy": "balanced_dev",
  "phase1_seed_strategy": "last",
  "phase1_best_epoch": null,
  "lambda1_mean": 1.0638308787960398,
  "lambda1_std": 0.1685343635962381,
  "lambda2_mean": 0.5400599452556543,
  "lambda2_std": 0.1607973197370209
}