{
  "event": "kerala_floods_2018",
  "budget": 50,
  "seed_set": 1,
  "test_error_rate": 34.13400758533503,
  "test_macro_f1": 0.5484525581634693,
  "test_per_class_f1": [
    0.4367816091954023,
    0.2916666666666667,
    0.5735294117647058,
    0.8421052631578947,
    0.37656903765690375,
    0.3652173913043478,
    0.6064516129032258,
    0.7984031936127745,
    0.6453488372093024
  ],
  "dev_error_rate": 31.32678132678133,
  "dev_macro_f1": 0.6052624758822716,
  "lambda1_mean": 1.0568524728322684,
  "lambda1_std": 0.23618855172826952,
  "lambda2_mean": 0.5864422297474807,
  "lambda2_std": 0.18029745309231227
}