{
  "event": "cyclone_idai_2019",
  "budget": 25,
  "seed_set": 3,
  "test_error_rate": 25.930680359435176,
  "test_macro_f1": 0.5917301121723284,
  "test_ece": 0.10888067855761507,
  "test_per_class_f1": [
    0.45614035087719296,
    0.47368421052631576,
    0.8243243243243243,
    0.9142857142857143,
    0.4,
    0.46153846153846156,
    0.4,
    0.3333333333333333,
    0.8242074927953891,
    0.8297872340425532
  ],
  "dev_error_rate": 28.179551122194514,
  "dev_macro_f1": 0.49354151164660315,
  "dev_ece": 0.1002102788918631,
  "stopping_strategy": "no_early_stopping",
  "lambda1_mean": 0.7900813291598748,
  "lambda1_std": 0.3639417863246579,
  "lambda2_mean": 0.27477713920443336,
  "lambda2_std": 0.17948402163441285
}