{
  "event": "cyclone_idai_2019",
  "budget": 25,
  "seed_set": 3,
  "test_error_rate": 29.525032092426184,
  "test_macro_f1": 0.5966875489677992,
  "test_ece": 0.06409567179438086,
  "test_per_class_f1": [
    0.42857142857142855,
    0.5405405405405406,
    0.802547770700637,
    0.9069767441860465,
    0.6666666666666666,
    0.41025641025641024,
    0.390625,
    0.23300970873786409,
    0.783661119515885,
    0.8040201005025126
  ],
  "dev_error_rate": 30.922693266832912,
  "dev_macro_f1": 0.5002180191913226,
  "dev_ece": 0.07415996320973013,
  "stopping_strategy": "scaled_threshold",
  "phase1_seed_strategy": "last",
  "phase1_best_epoch": null,
  "lambda1_mean": 0.7902266501639399,
  "lambda1_std": 0.3679013823251827,
  "lambda2_mean": 0.2746691443701458,
  "lambda2_std": 0.18035254124566508
}