{
  "event": "kaikoura_earthquake_2016",
  "budget": 5,
  "seed_set": 1,
  "test_error_rate": 28.27586206896552,
  "test_macro_f1": 0.6807994865616649,
  "test_ece": 0.10025239257976926,
  "test_per_class_f1": [
    0.7093596059113301,
    0.8648648648648649,
    0.7972027972027972,
    0.9767441860465116,
    0.39344262295081966,
    0.42990654205607476,
    0.2608695652173913,
    0.8311688311688312,
    0.8636363636363636
  ],
  "dev_error_rate": 30.35714285714286,
  "dev_macro_f1": 0.6590050714119312,
  "dev_ece": 0.107108344057841,
  "stopping_strategy": "balanced_dev",
  "phase1_seed_strategy": "last",
  "phase1_best_epoch": null,
  "lambda1_mean": 1.0512828863687629,
  "lambda1_std": 0.2261581036078175,
  "lambda2_mean": 0.5253030660484621,
  "lambda2_std": 0.19285498575730778
}