{
  "event": "cyclone_idai_2019",
  "budget": 10,
  "seed_set": 2,
  "test_error_rate": 22.20795892169448,
  "test_macro_f1": 0.5450913055555663,
  "test_ece": 0.0730818099938859,
  "test_per_class_f1": [
    0.3870967741935484,
    0.4878048780487805,
    0.8275862068965517,
    0.891566265060241,
    0.0,
    0.2222222222222222,
    0.4689655172413793,
    0.4827586206896552,
    0.8748317631224765,
    0.8080808080808081
  ],
  "dev_error_rate": 23.19201995012469,
  "dev_macro_f1": 0.5640367974724303,
  "dev_ece": 0.07730789553197537,
  "lambda1_mean": 0.823344851942785,
  "lambda1_std": 0.1980520011105495,
  "lambda2_mean": 0.1505451959659822,
  "lambda2_std": 0.06796016513012648
}