{
  "event": "cyclone_idai_2019",
  "budget": 50,
  "seed_set": 1,
  "test_error_rate": 32.86264441591784,
  "test_macro_f1": 0.5822304659648907,
  "test_ece": 0.13304486247174088,
  "test_per_class_f1": [
    0.41379310344827586,
    0.5454545454545454,
    0.7450980392156863,
    0.9081081081081082,
    0.6666666666666666,
    0.2692307692307692,
    0.41836734693877553,
    0.4,
    0.7532051282051282,
    0.7023809523809523
  ],
  "dev_error_rate": 30.922693266832912,
  "dev_macro_f1": 0.5742158642012332,
  "dev_ece": 0.10874644702212174,
  "stopping_strategy": "no_early_stopping",
  "lambda1_mean": 0.9786628208851585,
  "lambda1_std": 0.3078472404773179,
  "lambda2_mean": 0.6122680249156673,
  "lambda2_std": 0.25668784955285073
}