{
  "event": "hurricane_dorian_2019",
  "budget": 25,
  "seed_set": 1,
  "test_error_rate": 36.07427055702917,
  "test_macro_f1": 0.5806512544363879,
  "test_per_class_f1": [
    0.6229508196721312,
    0.8802228412256268,
    0.6136363636363636,
    0.4666666666666667,
    0.5763546798029556,
    0.37583892617449666,
    0.0975609756097561,
    0.8039702233250621,
    0.788659793814433
  ],
  "dev_error_rate": 35.30927835051546,
  "dev_macro_f1": 0.6218085962419093,
  "lambda1_mean": 1.058461685538105,
  "lambda1_std": 0.25051994081199813,
  "lambda2_mean": 0.5731988117656687,
  "lambda2_std": 0.18028351760043174
}