{
  "event": "kerala_floods_2018",
  "budget": 25,
  "seed_set": 2,
  "test_error_rate": 35.39823008849557,
  "test_macro_f1": 0.5460370484586384,
  "test_ece": 0.18825392400570368,
  "test_per_class_f1": [
    0.41975308641975306,
    0.26666666666666666,
    0.5562913907284768,
    0.8299319727891157,
    0.3333333333333333,
    0.3709677419354839,
    0.6984126984126984,
    0.7761194029850746,
    0.6628571428571428
  ],
  "dev_error_rate": 33.415233415233416,
  "dev_macro_f1": 0.5961710685960809,
  "dev_ece": 0.17070378948927512,
  "stopping_strategy": "per_class_patience",
  "lambda1_mean": 1.0273129542703907,
  "lambda1_std": 0.2404019488436019,
  "lambda2_mean": 0.4323522738018679,
  "lambda2_std": 0.15431761016463397
}