{
  "event": "hurricane_harvey_2017",
  "budget": 25,
  "seed_set": 3,
  "test_error_rate": 30.63711911357341,
  "test_macro_f1": 0.6493085624456741,
  "test_ece": 0.194855446820444,
  "test_per_class_f1": [
    0.5161290322580645,
    0.9045936395759717,
    0.8381742738589212,
    0.8918918918918919,
    0.26556016597510373,
    0.47285464098073554,
    0.4578313253012048,
    0.8010899182561307,
    0.6956521739130435
  ],
  "dev_error_rate": 29.60172228202368,
  "dev_macro_f1": 0.6736802517708784,
  "dev_ece": 0.2029870880529108,
  "stopping_strategy": "baseline",
  "lambda1_mean": 1.008000725310481,
  "lambda1_std": 0.17455977808323622,
  "lambda2_mean": 0.07069770349346784,
  "lambda2_std": 0.07123143808976667
}