{
  "event": "hurricane_dorian_2019",
  "budget": 25,
  "seed_set": 3,
  "test_error_rate": 36.40583554376657,
  "test_macro_f1": 0.5723437217000013,
  "test_ece": 0.05035645321051071,
  "test_per_class_f1": [
    0.5413870246085011,
    0.8967551622418879,
    0.6273291925465838,
    0.48,
    0.5364238410596026,
    0.49731182795698925,
    0.0,
    0.7802197802197802,
    0.7916666666666666
  ],
  "dev_error_rate": 38.01546391752577,
  "dev_macro_f1": 0.5931361437078677,
  "dev_ece": 0.04704700942276067,
  "stopping_strategy": "baseline",
  "lambda1_mean": 1.0250870825485991,
  "lambda1_std": 0.2706383588934186,
  "lambda2_mean": 0.4901642926810249,
  "lambda2_std": 0.17065104136635095
}