{
  "event": "hurricane_maria_2017",
  "budget": 5,
  "seed_set": 3,
  "test_error_rate": 35.228848821081826,
  "test_macro_f1": 0.6232845818812768,
  "test_per_class_f1": [
    0.5070422535211268,
    0.6419753086419753,
    0.8180242634315424,
    0.9047619047619048,
    0.30927835051546393,
    0.34968017057569295,
    0.6338028169014085,
    0.7706666666666667,
    0.6743295019157088
  ],
  "dev_error_rate": 32.74932614555256,
  "dev_macro_f1": 0.6507674788090902,
  "lambda1_mean": 1.0762544107566703,
  "lambda1_std": 0.2078177528281999,
  "lambda2_mean": 0.5565153942489462,
  "lambda2_std": 0.16571351143934437
}