{
  "event": "hurricane_florence_2018",
  "budget": 10,
  "seed_set": 1,
  "test_error_rate": 25.543916196615633,
  "test_macro_f1": 0.6514441822843339,
  "test_ece": 0.16880393282815778,
  "test_per_class_f1": [
    0.6918238993710691,
    0.8056537102473498,
    0.591715976331361,
    0.9206349206349206,
    0.8483412322274881,
    0.34854771784232363,
    0.0,
    0.8496503496503497,
    0.8066298342541437
  ],
  "dev_error_rate": 23.63067292644757,
  "dev_macro_f1": 0.6649216686000049,
  "dev_ece": 0.15168026313535482,
  "stopping_strategy": "balanced_dev",
  "phase1_seed_strategy": "last",
  "phase1_best_epoch": null,
  "lambda1_mean": 1.0495096352795523,
  "lambda1_std": 0.23829859290443742,
  "lambda2_mean": 0.5454429810431239,
  "lambda2_std": 0.1682979796958855
}