{
  "event": "hurricane_dorian_2019",
  "budget": 50,
  "seed_set": 1,
  "test_error_rate": 36.936339522546426,
  "test_macro_f1": 0.5764664690422605,
  "test_ece": 0.15787406212376032,
  "test_per_class_f1": [
    0.6052104208416834,
    0.8857142857142857,
    0.6284153005464481,
    0.3404255319148936,
    0.5246913580246914,
    0.4069264069264069,
    0.16149068322981366,
    0.8134715025906736,
    0.8218527315914489
  ],
  "dev_error_rate": 36.72680412371135,
  "dev_macro_f1": 0.6175982323246708,
  "dev_ece": 0.1523284598340079,
  "stopping_strategy": "balanced_dev",
  "lambda1_mean": 0.9951968451916844,
  "lambda1_std": 0.285004872206548,
  "lambda2_mean": 0.5707930653285356,
  "lambda2_std": 0.22956393861601623
}