{
  "event": "hurricane_dorian_2019",
  "budget": 50,
  "seed_set": 2,
  "test_error_rate": 34.6816976127321,
  "test_macro_f1": 0.5960842141572661,
  "test_ece": 0.10647389735403996,
  "test_per_class_f1": [
    0.6070686070686071,
    0.9075144508670521,
    0.6235294117647059,
    0.3829787234042553,
    0.5549132947976878,
    0.4669260700389105,
    0.1834862385321101,
    0.8291457286432161,
    0.8091954022988506
  ],
  "dev_error_rate": 34.92268041237113,
  "dev_macro_f1": 0.6119398401864002,
  "dev_ece": 0.10273140085112192,
  "stopping_strategy": "scaled_threshold",
  "phase1_seed_strategy": "last",
  "phase1_best_epoch": null,
  "lambda1_mean": 0.9686476433496237,
  "lambda1_std": 0.2972075116835405,
  "lambda2_mean": 0.60329803186597,
  "lambda2_std": 0.28962598275767953
}