{
  "event": "kaikoura_earthquake_2016",
  "budget": 25,
  "seed_set": 1,
  "test_error_rate": 24.13793103448276,
  "test_macro_f1": 0.724900317226568,
  "test_ece": 0.07270364131050547,
  "test_per_class_f1": [
    0.7,
    0.8648648648648649,
    0.8571428571428571,
    1.0,
    0.5842696629213483,
    0.578125,
    0.17391304347826086,
    0.8607594936708861,
    0.9050279329608939
  ],
  "dev_error_rate": 28.57142857142857,
  "dev_macro_f1": 0.67091650564738,
  "dev_ece": 0.1032205635149564,
  "stopping_strategy": "baseline",
  "lambda1_mean": 1.091353841135704,
  "lambda1_std": 0.1356544798609477,
  "lambda2_mean": 0.6195051407030676,
  "lambda2_std": 0.14052670085652544
}