{
  "event": "hurricane_maria_2017",
  "budget": 50,
  "seed_set": 1,
  "test_error_rate": 32.108183079056865,
  "test_macro_f1": 0.6663123340704585,
  "test_ece": 0.06727004315750608,
  "test_per_class_f1": [
    0.5645161290322581,
    0.8275862068965517,
    0.8571428571428571,
    0.9421487603305785,
    0.3375,
    0.39148936170212767,
    0.6101694915254238,
    0.786096256684492,
    0.680161943319838
  ],
  "dev_error_rate": 31.805929919137466,
  "dev_macro_f1": 0.6607127818573614,
  "dev_ece": 0.09295622944189211,
  "stopping_strategy": "baseline",
  "lambda1_mean": 0.995911448028618,
  "lambda1_std": 0.27428948922169005,
  "lambda2_mean": 0.6091975899601764,
  "lambda2_std": 0.25773795615092676
}