{
  "event": "hurricane_florence_2018",
  "budget": 5,
  "seed_set": 1,
  "test_error_rate": 24.093473005640607,
  "test_macro_f1": 0.666712827415921,
  "test_ece": 0.14347949386315414,
  "test_per_class_f1": [
    0.732943469785575,
    0.7896678966789668,
    0.6144578313253012,
    0.9333333333333333,
    0.8441558441558441,
    0.2413793103448276,
    0.16666666666666666,
    0.8517241379310345,
    0.8260869565217391
  ],
  "dev_error_rate": 22.848200312989043,
  "dev_macro_f1": 0.6550077366629646,
  "dev_ece": 0.14001001419968828,
  "lambda1_mean": 0.8701092006014999,
  "lambda1_std": 0.17581237875435046,
  "lambda2_mean": 0.1795536105807656,
  "lambda2_std": 0.05917181630463343
}