{
  "event": "hurricane_dorian_2019",
  "budget": 5,
  "seed_set": 1,
  "test_error_rate": 37.06896551724138,
  "test_macro_f1": 0.5573800594943937,
  "test_ece": 0.2802903144879746,
  "test_per_class_f1": [
    0.6115702479338843,
    0.8546511627906976,
    0.581039755351682,
    0.5263157894736842,
    0.5930735930735931,
    0.2676767676767677,
    0.0,
    0.8088235294117647,
    0.7732696897374701
  ],
  "dev_error_rate": 38.53092783505154,
  "dev_macro_f1": 0.559884649492272,
  "dev_ece": 0.3018708590456506,
  "stopping_strategy": "per_class_patience",
  "lambda1_mean": 1.0518808794070604,
  "lambda1_std": 0.22998521645379477,
  "lambda2_mean": 0.4879751916992967,
  "lambda2_std": 0.16066961160833965
}