{
  "event": "canada_wildfires_2016",
  "budget": 25,
  "seed_set": 3,
  "test_error_rate": 24.943820224719104,
  "test_macro_f1": 0.6028687981311581,
  "test_ece": 0.11231018947751335,
  "test_per_class_f1": [
    0.41025641025641024,
    0.8481012658227848,
    0.8623853211009175,
    0.27450980392156865,
    0.43243243243243246,
    0.3333333333333333,
    0.8806818181818182,
    0.78125
  ],
  "dev_error_rate": 20.614035087719294,
  "dev_macro_f1": 0.7510395003985754,
  "dev_ece": 0.10782245585792946,
  "stopping_strategy": "no_early_stopping",
  "lambda1_mean": 1.0482898015268793,
  "lambda1_std": 0.20931107822045153,
  "lambda2_mean": 0.5521583448416774,
  "lambda2_std": 0.18421309662984328
}