{
  "event": "hurricane_maria_2017",
  "budget": 5,
  "seed_set": 3,
  "test_error_rate": 32.03883495145631,
  "test_macro_f1": 0.6568929123509013,
  "test_ece": 0.23974479491022851,
  "test_per_class_f1": [
    0.6666666666666666,
    0.7123287671232876,
    0.8252911813643927,
    0.9322033898305084,
    0.3463687150837989,
    0.3480278422273782,
    0.5949820788530465,
    0.8032407407407407,
    0.6829268292682927
  ],
  "dev_error_rate": 30.862533692722373,
  "dev_macro_f1": 0.672610615976525,
  "dev_ece": 0.23674580193754796,
  "stopping_strategy": "scaled_threshold",
  "phase1_seed_strategy": "last",
  "phase1_best_epoch": null,
  "lambda1_mean": 1.0790659159875493,
  "lambda1_std": 0.20049847429890372,
  "lambda2_mean": 0.49800076108524,
  "lambda2_std": 0.1517269541108972
}