{
  "event": "hurricane_maria_2017",
  "budget": 5,
  "seed_set": 3,
  "test_error_rate": 32.24687933425797,
  "test_macro_f1": 0.6568146938642108,
  "test_ece": 0.19040218692133393,
  "test_per_class_f1": [
    0.6355140186915887,
    0.6842105263157895,
    0.8201680672268907,
    0.926829268292683,
    0.3595505617977528,
    0.3655913978494624,
    0.6405693950177936,
    0.8014796547472256,
    0.6774193548387096
  ],
  "dev_error_rate": 30.99730458221024,
  "dev_macro_f1": 0.6717141909567702,
  "dev_ece": 0.20245705705608003,
  "stopping_strategy": "balanced_dev",
  "phase1_seed_strategy": "last",
  "phase1_best_epoch": null,
  "lambda1_mean": 1.0790659159875493,
  "lambda1_std": 0.20049847429890372,
  "lambda2_mean": 0.49800076108524,
  "lambda2_std": 0.1517269541108972
}