{
  "event": "hurricane_florence_2018",
  "budget": 50,
  "seed_set": 1,
  "test_error_rate": 24.33521353746978,
  "test_macro_f1": 0.6734202900949751,
  "test_ece": 0.06606555258814699,
  "test_per_class_f1": [
    0.7385892116182573,
    0.8166089965397924,
    0.6190476190476191,
    0.8837209302325582,
    0.8459530026109661,
    0.36123348017621143,
    0.125,
    0.8706293706293706,
    0.8
  ],
  "dev_error_rate": 23.317683881064166,
  "dev_macro_f1": 0.7003561232221165,
  "dev_ece": 0.06767072746638028,
  "stopping_strategy": "weighted_macro_f1",
  "lambda1_mean": 1.06228904108562,
  "lambda1_std": 0.2195084726725528,
  "lambda2_mean": 0.5771262365021627,
  "lambda2_std": 0.1766770971906399
}