{
  "event": "hurricane_irma_2017",
  "budget": 25,
  "seed_set": 3,
  "test_error_rate": 32.008592910848556,
  "test_macro_f1": 0.656377596705553,
  "test_ece": 0.10711205229723364,
  "test_per_class_f1": [
    0.5853658536585366,
    0.8046647230320699,
    0.818297331639136,
    0.9226519337016574,
    0.47232472324723246,
    0.45646437994722955,
    0.41379310344827586,
    0.7175572519083969,
    0.7162790697674418
  ],
  "dev_error_rate": 30.79331941544885,
  "dev_macro_f1": 0.6640603166328887,
  "dev_ece": 0.09798645575011697,
  "stopping_strategy": "scaled_threshold",
  "phase1_seed_strategy": "last",
  "phase1_best_epoch": null,
  "lambda1_mean": 0.9353570410982763,
  "lambda1_std": 0.305919950245666,
  "lambda2_mean": 0.5782315795805447,
  "lambda2_std": 0.28787907218833936
}