{
  "event": "hurricane_maria_2017",
  "budget": 10,
  "seed_set": 3,
  "test_error_rate": 29.542302357836338,
  "test_macro_f1": 0.6837016196393132,
  "test_per_class_f1": [
    0.7,
    0.7536231884057971,
    0.8632619439868204,
    0.9133858267716536,
    0.27722772277227725,
    0.5368248772504092,
    0.6666666666666666,
    0.7563739376770539,
    0.6859504132231405
  ],
  "dev_error_rate": 30.188679245283023,
  "dev_macro_f1": 0.6639351064952468,
  "lambda1_mean": 1.0814351869763337,
  "lambda1_std": 0.2056217683845564,
  "lambda2_mean": 0.5579399330512684,
  "lambda2_std": 0.15959715476033168
}