{
  "event": "hurricane_harvey_2017",
  "budget": 10,
  "seed_set": 2,
  "test_error_rate": 30.914127423822713,
  "test_macro_f1": 0.6501748714917841,
  "test_ece": 0.09993502895587703,
  "test_per_class_f1": [
    0.5882352941176471,
    0.8417721518987342,
    0.7410358565737052,
    0.8972602739726028,
    0.3076923076923077,
    0.44329896907216493,
    0.4835164835164835,
    0.8265402843601896,
    0.7222222222222222
  ],
  "dev_error_rate": 31.324004305705056,
  "dev_macro_f1": 0.6568309908067973,
  "dev_ece": 0.09709995786135114,
  "stopping_strategy": "scaled_threshold",
  "phase1_seed_strategy": "last",
  "phase1_best_epoch": null,
  "lambda1_mean": 1.0523299901207033,
  "lambda1_std": 0.23909040681113122,
  "lambda2_mean": 0.4238979229911332,
  "lambda2_std": 0.2167526974793816
}