{
  "event": "hurricane_harvey_2017",
  "budget": 25,
  "seed_set": 3,
  "test_error_rate": 33.40720221606648,
  "test_macro_f1": 0.6300315599133899,
  "test_ece": 0.1540375537654369,
  "test_per_class_f1": [
    0.5023255813953489,
    0.8896551724137931,
    0.8,
    0.8858131487889274,
    0.2952029520295203,
    0.44324324324324327,
    0.4221105527638191,
    0.7869822485207101,
    0.6449511400651465
  ],
  "dev_error_rate": 32.938643702906354,
  "dev_macro_f1": 0.6521984387852303,
  "dev_ece": 0.159777707284952,
  "stopping_strategy": "balanced_dev",
  "phase1_seed_strategy": "last",
  "phase1_best_epoch": null,
  "lambda1_mean": 1.008000725310481,
  "lambda1_std": 0.17455977808323622,
  "lambda2_mean": 0.07069770349346784,
  "lambda2_std": 0.07123143808976667
}