{
  "event": "kerala_floods_2018",
  "budget": 10,
  "seed_set": 3,
  "test_error_rate": 29.582806573957022,
  "test_macro_f1": 0.5578878385412757,
  "test_ece": 0.2172829894214756,
  "test_per_class_f1": [
    0.4857142857142857,
    0.2641509433962264,
    0.5172413793103449,
    0.8181818181818182,
    0.4055299539170507,
    0.3493975903614458,
    0.6694915254237288,
    0.8510888758092996,
    0.6601941747572816
  ],
  "dev_error_rate": 26.9041769041769,
  "dev_macro_f1": 0.6159215082300631,
  "dev_ece": 0.1976575375115842,
  "stopping_strategy": "baseline",
  "lambda1_mean": 1.1095697377156966,
  "lambda1_std": 0.170268596714327,
  "lambda2_mean": 0.6189529111433302,
  "lambda2_std": 0.14580235080682977
}