{
  "event": "canada_wildfires_2016",
  "budget": 10,
  "seed_set": 3,
  "test_error_rate": 23.820224719101123,
  "test_macro_f1": 0.611569059504247,
  "test_ece": 0.033962923757145914,
  "test_per_class_f1": [
    0.43243243243243246,
    0.8611111111111112,
    0.9038461538461539,
    0.23728813559322035,
    0.42718446601941745,
    0.36363636363636365,
    0.9051490514905149,
    0.7619047619047619
  ],
  "dev_error_rate": 22.368421052631582,
  "dev_macro_f1": 0.6634507387582069,
  "dev_ece": 0.07017329583565393,
  "lambda1_mean": 0.8543313789425199,
  "lambda1_std": 0.12482577921577147,
  "lambda2_mean": 0.15494469505976857,
  "lambda2_std": 0.057535294842490085
}