{
  "event": "cyclone_idai_2019",
  "budget": 10,
  "seed_set": 1,
  "test_error_rate": 26.44415917843389,
  "test_macro_f1": 0.5465682755354437,
  "test_ece": 0.15942253654437744,
  "test_per_class_f1": [
    0.4444444444444444,
    0.5116279069767442,
    0.803030303030303,
    0.85,
    0.0,
    0.4186046511627907,
    0.40540540540540543,
    0.37777777777777777,
    0.8419580419580419,
    0.8128342245989305
  ],
  "dev_error_rate": 30.42394014962594,
  "dev_macro_f1": 0.49612102443331796,
  "dev_ece": 0.1849813742233334,
  "stopping_strategy": "scaled_threshold",
  "phase1_seed_strategy": "last",
  "phase1_best_epoch": null,
  "lambda1_mean": 1.0904713126565113,
  "lambda1_std": 0.17539092485757546,
  "lambda2_mean": 0.6486174354389396,
  "lambda2_std": 0.17319675341718374
}