{
  "event": "hurricane_dorian_2019",
  "budget": 25,
  "seed_set": 1,
  "test_error_rate": 37.9973474801061,
  "test_macro_f1": 0.5627993670553314,
  "test_ece": 0.08620663248101346,
  "test_per_class_f1": [
    0.5678496868475992,
    0.8587257617728532,
    0.5930599369085173,
    0.32653061224489793,
    0.5524861878453039,
    0.4146341463414634,
    0.15384615384615385,
    0.7990074441687345,
    0.7990543735224587
  ],
  "dev_error_rate": 38.91752577319587,
  "dev_macro_f1": 0.57976535593295,
  "dev_ece": 0.1063217711970978,
  "stopping_strategy": "balanced_dev",
  "phase1_seed_strategy": "last",
  "phase1_best_epoch": null,
  "lambda1_mean": 0.9646683490728204,
  "lambda1_std": 0.29494526777355456,
  "lambda2_mean": 0.670618053442995,
  "lambda2_std": 0.23353987439567783
}