{
  "event": "kerala_floods_2018",
  "budget": 10,
  "seed_set": 1,
  "test_error_rate": 30.530973451327437,
  "test_macro_f1": 0.548406217756751,
  "test_ece": 0.2244536260098181,
  "test_per_class_f1": [
    0.4533333333333333,
    0.25925925925925924,
    0.5238095238095238,
    0.8181818181818182,
    0.38,
    0.32238805970149254,
    0.6829268292682927,
    0.8422917897223863,
    0.6534653465346535
  ],
  "dev_error_rate": 28.37837837837838,
  "dev_macro_f1": 0.5954392540189225,
  "dev_ece": 0.2037852585535377,
  "stopping_strategy": "scaled_threshold",
  "phase1_seed_strategy": "last",
  "phase1_best_epoch": null,
  "lambda1_mean": 1.1152035816525654,
  "lambda1_std": 0.13043917875928393,
  "lambda2_mean": 0.6654950061782993,
  "lambda2_std": 0.13416353251566238
}