{
  "event": "kaikoura_earthquake_2016",
  "budget": 50,
  "seed_set": 3,
  "test_error_rate": 24.827586206896555,
  "test_macro_f1": 0.7043621751784045,
  "test_ece": 0.10856897584323225,
  "test_per_class_f1": [
    0.6987951807228916,
    0.8648648648648649,
    0.8636363636363636,
    0.9130434782608695,
    0.5348837209302325,
    0.5203252032520326,
    0.18181818181818182,
    0.8705882352941177,
    0.8913043478260869
  ],
  "dev_error_rate": 25.44642857142857,
  "dev_macro_f1": 0.7147506991782159,
  "dev_ece": 0.11939150467514989,
  "stopping_strategy": "no_early_stopping",
  "lambda1_mean": 1.0301337426455242,
  "lambda1_std": 0.23106885188307036,
  "lambda2_mean": 0.6113989258283427,
  "lambda2_std": 0.22519898583341244
}