{
  "event": "hurricane_harvey_2017",
  "budget": 50,
  "seed_set": 3,
  "test_error_rate": 30.41551246537396,
  "test_macro_f1": 0.6624053262604533,
  "test_ece": 0.14131710487224386,
  "test_per_class_f1": [
    0.6058091286307054,
    0.9178082191780822,
    0.8128772635814889,
    0.8943661971830986,
    0.3481781376518219,
    0.4484629294755877,
    0.43523316062176165,
    0.8109696376101861,
    0.6879432624113475
  ],
  "dev_error_rate": 30.355220667384287,
  "dev_macro_f1": 0.6757899104127434,
  "dev_ece": 0.13675724901860448,
  "stopping_strategy": "weighted_macro_f1",
  "phase1_seed_strategy": "last",
  "phase1_best_epoch": null,
  "lambda1_mean": 1.0008019638378942,
  "lambda1_std": 0.23648728789644385,
  "lambda2_mean": 0.7223316838354599,
  "lambda2_std": 0.2747871903983377
}