{
  "event": "hurricane_maria_2017",
  "budget": 25,
  "seed_set": 2,
  "test_error_rate": 28.155339805825243,
  "test_macro_f1": 0.6764102730139445,
  "test_ece": 0.09825705698640935,
  "test_per_class_f1": [
    0.5925925925925926,
    0.7272727272727273,
    0.8466666666666667,
    0.9047619047619048,
    0.3220338983050847,
    0.5108055009823183,
    0.6736111111111112,
    0.8251231527093597,
    0.6848249027237354
  ],
  "dev_error_rate": 28.03234501347709,
  "dev_macro_f1": 0.691158719934056,
  "dev_ece": 0.11844622699237578,
  "lambda1_mean": 0.8872831337541738,
  "lambda1_std": 0.1530203720622191,
  "lambda2_mean": 0.17587709070409652,
  "lambda2_std": 0.054879621973151195
}