{
  "event": "hurricane_florence_2018",
  "budget": 50,
  "seed_set": 3,
  "test_error_rate": 25.785656728444806,
  "test_macro_f1": 0.6693594151845699,
  "test_ece": 0.09300203437674534,
  "test_per_class_f1": [
    0.734341252699784,
    0.8316151202749141,
    0.6075949367088608,
    0.9047619047619048,
    0.8391959798994975,
    0.4066390041493776,
    0.07272727272727272,
    0.8255159474671669,
    0.8018433179723502
  ],
  "dev_error_rate": 24.726134585289515,
  "dev_macro_f1": 0.6885576965987268,
  "dev_ece": 0.10103748955637075,
  "stopping_strategy": "balanced_dev",
  "phase1_seed_strategy": "last",
  "phase1_best_epoch": null,
  "lambda1_mean": 1.0602780608241265,
  "lambda1_std": 0.1935891661112847,
  "lambda2_mean": 0.5984714022732289,
  "lambda2_std": 0.16632124798171705
}