{
  "event": "kerala_floods_2018",
  "budget": 50,
  "seed_set": 2,
  "test_error_rate": 30.025284450063218,
  "test_macro_f1": 0.5684300674649957,
  "test_ece": 0.037025227662359564,
  "test_per_class_f1": [
    0.4838709677419355,
    0.2028985507246377,
    0.5507246376811594,
    0.87248322147651,
    0.3756345177664975,
    0.45012787723785164,
    0.6412213740458015,
    0.839821314613912,
    0.6990881458966566
  ],
  "dev_error_rate": 28.00982800982801,
  "dev_macro_f1": 0.617615714985122,
  "dev_ece": 0.044681269831095057,
  "stopping_strategy": "scaled_threshold",
  "phase1_seed_strategy": "last",
  "phase1_best_epoch": null,
  "lambda1_mean": 0.9978256647278584,
  "lambda1_std": 0.2610913032438429,
  "lambda2_mean": 0.6295984498884843,
  "lambda2_std": 0.26762559780032885
}