{
  "event": "cyclone_idai_2019",
  "budget": 5,
  "seed_set": 2,
  "test_error_rate": 21.95121951219512,
  "test_macro_f1": 0.5383993132723012,
  "test_ece": 0.12055709770616424,
  "test_per_class_f1": [
    0.37037037037037035,
    0.5625,
    0.8120300751879699,
    0.896969696969697,
    0.0,
    0.21428571428571427,
    0.48554913294797686,
    0.35,
    0.8801054018445322,
    0.8121827411167513
  ],
  "dev_error_rate": 24.93765586034913,
  "dev_macro_f1": 0.5236428550628391,
  "dev_ece": 0.15180511107468547,
  "stopping_strategy": "scaled_threshold",
  "phase1_seed_strategy": "last",
  "phase1_best_epoch": null,
  "lambda1_mean": 1.0184266420150825,
  "lambda1_std": 0.26403952254842944,
  "lambda2_mean": 0.39823132157816205,
  "lambda2_std": 0.1716040022543185
}