{
  "event": "hurricane_dorian_2019",
  "budget": 50,
  "seed_set": 1,
  "test_error_rate": 36.80371352785146,
  "test_macro_f1": 0.5775366241330294,
  "test_ece": 0.16396560085151815,
  "test_per_class_f1": [
    0.6223091976516634,
    0.8882521489971347,
    0.6236559139784946,
    0.35,
    0.5031847133757962,
    0.4312896405919662,
    0.16049382716049382,
    0.7967914438502673,
    0.8218527315914489
  ],
  "dev_error_rate": 36.5979381443299,
  "dev_macro_f1": 0.6164543635392821,
  "dev_ece": 0.16570857931504543,
  "stopping_strategy": "per_class_patience",
  "lambda1_mean": 0.9951968451916844,
  "lambda1_std": 0.285004872206548,
  "lambda2_mean": 0.5707930653285356,
  "lambda2_std": 0.22956393861601623
}