{
  "event": "hurricane_irma_2017",
  "budget": 10,
  "seed_set": 3,
  "test_error_rate": 37.16433941997852,
  "test_macro_f1": 0.6129973584401982,
  "test_ece": 0.2587341644614135,
  "test_per_class_f1": [
    0.5747126436781609,
    0.7927927927927928,
    0.7285318559556787,
    0.9352112676056338,
    0.486646884272997,
    0.3384146341463415,
    0.3137254901960784,
    0.707936507936508,
    0.6390041493775933
  ],
  "dev_error_rate": 39.03966597077244,
  "dev_macro_f1": 0.5950604362090646,
  "dev_ece": 0.27407013785117357,
  "stopping_strategy": "balanced_dev",
  "phase1_seed_strategy": "last",
  "phase1_best_epoch": null,
  "lambda1_mean": 1.055455370995688,
  "lambda1_std": 0.2414439262634703,
  "lambda2_mean": 0.5296376992095123,
  "lambda2_std": 0.16277837547668567
}