{
  "event": "california_wildfires_2018",
  "budget": 25,
  "seed_set": 3,
  "test_error_rate": 27.65229295003422,
  "test_macro_f1": 0.6470423243765339,
  "test_ece": 0.04644620403249647,
  "test_per_class_f1": [
    0.5373134328358209,
    0.7333333333333333,
    0.6288659793814433,
    0.9090909090909091,
    0.7391304347826086,
    0.6547619047619048,
    0.4072948328267477,
    0.3728813559322034,
    0.8342857142857143,
    0.6534653465346535
  ],
  "dev_error_rate": 27.26063829787234,
  "dev_macro_f1": 0.6401539135238397,
  "dev_ece": 0.03419435170895244,
  "stopping_strategy": "per_class_patience",
  "lambda1_mean": 0.9935033088335936,
  "lambda1_std": 0.2715194351170715,
  "lambda2_mean": 0.6836999244336415,
  "lambda2_std": 0.2871426772098153
}