{
  "event": "cyclone_idai_2019",
  "budget": 10,
  "seed_set": 2,
  "test_error_rate": 31.57894736842105,
  "test_macro_f1": 0.574858779302398,
  "test_ece": 0.12202512816225916,
  "test_per_class_f1": [
    0.36,
    0.4583333333333333,
    0.7945205479452054,
    0.8875,
    0.5714285714285714,
    0.37037037037037035,
    0.34782608695652173,
    0.38461538461538464,
    0.7782945736434108,
    0.7956989247311828
  ],
  "dev_error_rate": 33.91521197007481,
  "dev_macro_f1": 0.5064273189343992,
  "dev_ece": 0.12048238021625836,
  "stopping_strategy": "balanced_dev",
  "phase1_seed_strategy": "last",
  "phase1_best_epoch": null,
  "lambda1_mean": 1.0746284620410516,
  "lambda1_std": 0.20056859507100336,
  "lambda2_mean": 0.5733188357060426,
  "lambda2_std": 0.18032382789442955
}