{
  "event": "cyclone_idai_2019",
  "budget": 5,
  "seed_set": 3,
  "test_error_rate": 22.721437740693197,
  "test_macro_f1": 0.5105347077887894,
  "test_ece": 0.13097569801688036,
  "test_per_class_f1": [
    0.2,
    0.5925925925925926,
    0.7692307692307693,
    0.8928571428571429,
    0.0,
    0.10526315789473684,
    0.5086705202312138,
    0.3829787234042553,
    0.8702490170380078,
    0.7835051546391752
  ],
  "dev_error_rate": 25.935162094763086,
  "dev_macro_f1": 0.4586522808513025,
  "dev_ece": 0.18014568008686832,
  "stopping_strategy": "balanced_dev",
  "phase1_seed_strategy": "last",
  "phase1_best_epoch": null,
  "lambda1_mean": 0.9877939990463919,
  "lambda1_std": 0.31361090825368076,
  "lambda2_mean": 0.5015460145669138,
  "lambda2_std": 0.2151298191540946
}