{
  "event": "kaikoura_earthquake_2016",
  "budget": 5,
  "seed_set": 3,
  "test_error_rate": 26.206896551724135,
  "test_macro_f1": 0.6935084764990984,
  "test_ece": 0.15019668813409476,
  "test_per_class_f1": [
    0.6868686868686869,
    0.7272727272727273,
    0.8396946564885496,
    0.9545454545454546,
    0.5294117647058824,
    0.5230769230769231,
    0.25,
    0.8571428571428571,
    0.8735632183908046
  ],
  "dev_error_rate": 33.03571428571429,
  "dev_macro_f1": 0.6266320250060087,
  "dev_ece": 0.17316544162375586,
  "stopping_strategy": "balanced_dev",
  "phase1_seed_strategy": "last",
  "phase1_best_epoch": null,
  "lambda1_mean": 1.0681722596853878,
  "lambda1_std": 0.20936217212933622,
  "lambda2_mean": 0.5463484554782628,
  "lambda2_std": 0.17209718677045555
}