{
  "event": "kaikoura_earthquake_2016",
  "budget": 5,
  "seed_set": 2,
  "test_error_rate": 25.74712643678161,
  "test_macro_f1": 0.6822109944359813,
  "test_ece": 0.09414475053206256,
  "test_per_class_f1": [
    0.676923076923077,
    0.7878787878787878,
    0.8695652173913043,
    1.0,
    0.5783132530120482,
    0.5238095238095238,
    0.0,
    0.8409090909090909,
    0.8625
  ],
  "dev_error_rate": 27.23214285714286,
  "dev_macro_f1": 0.6668803172121242,
  "dev_ece": 0.11748571401195866,
  "lambda1_mean": 0.7558909374158621,
  "lambda1_std": 0.19970889946210965,
  "lambda2_mean": 0.11578887525514893,
  "lambda2_std": 0.05949189046863967
}