{
  "event": "hurricane_maria_2017",
  "budget": 10,
  "seed_set": 1,
  "test_error_rate": 33.495145631067956,
  "test_macro_f1": 0.6375241971093328,
  "test_ece": 0.14988344610150742,
  "test_per_class_f1": [
    0.616822429906542,
    0.7222222222222222,
    0.8357723577235773,
    0.905982905982906,
    0.2972972972972973,
    0.3415730337078652,
    0.5758513931888545,
    0.7860696517412935,
    0.6561264822134387
  ],
  "dev_error_rate": 29.514824797843666,
  "dev_macro_f1": 0.6714640596785402,
  "dev_ece": 0.12822108002846455,
  "stopping_strategy": "per_class_patience",
  "lambda1_mean": 1.0406697904573672,
  "lambda1_std": 0.250569824613719,
  "lambda2_mean": 0.5493449093860753,
  "lambda2_std": 0.20515844564827918
}