{
  "event": "hurricane_irma_2017",
  "budget": 5,
  "seed_set": 1,
  "test_error_rate": 34.64017185821697,
  "test_macro_f1": 0.6387263766652781,
  "test_ece": 0.15050178094017774,
  "test_per_class_f1": [
    0.5915492957746479,
    0.8184438040345822,
    0.7804878048780488,
    0.9428571428571428,
    0.4966887417218543,
    0.453781512605042,
    0.3333333333333333,
    0.6401515151515151,
    0.6912442396313364
  ],
  "dev_error_rate": 36.430062630480165,
  "dev_macro_f1": 0.6310005868993372,
  "dev_ece": 0.17431518973662113,
  "lambda1_mean": 0.8816441901270474,
  "lambda1_std": 0.16639838124467987,
  "lambda2_mean": 0.1777106481651655,
  "lambda2_std": 0.06425029070567977
}