{
  "event": "canada_wildfires_2016",
  "budget": 25,
  "seed_set": 2,
  "test_error_rate": 23.59550561797753,
  "test_macro_f1": 0.5994069663430666,
  "test_ece": 0.09657517155904449,
  "test_per_class_f1": [
    0.43902439024390244,
    0.8553459119496856,
    0.8545454545454545,
    0.21052631578947367,
    0.46956521739130436,
    0.2857142857142857,
    0.8926553672316384,
    0.7878787878787878
  ],
  "dev_error_rate": 20.175438596491226,
  "dev_macro_f1": 0.7193126100252776,
  "dev_ece": 0.06472394615411754,
  "lambda1_mean": 0.8595390539110499,
  "lambda1_std": 0.19106019807088512,
  "lambda2_mean": 0.16448524937152664,
  "lambda2_std": 0.07879461091733901
}