{
  "event": "hurricane_maria_2017",
  "budget": 25,
  "seed_set": 1,
  "test_error_rate": 32.38557558945908,
  "test_macro_f1": 0.6418862771903918,
  "test_ece": 0.15448967552383464,
  "test_per_class_f1": [
    0.5147058823529411,
    0.684931506849315,
    0.8324514991181657,
    0.9344262295081968,
    0.33540372670807456,
    0.34977578475336324,
    0.6366559485530546,
    0.8166259168704156,
    0.672
  ],
  "dev_error_rate": 31.266846361185983,
  "dev_macro_f1": 0.6674395931641276,
  "dev_ece": 0.15365176846717568,
  "stopping_strategy": "scaled_threshold",
  "phase1_seed_strategy": "last",
  "phase1_best_epoch": null,
  "lambda1_mean": 1.068146111208595,
  "lambda1_std": 0.20617838386033113,
  "lambda2_mean": 0.5959000582774101,
  "lambda2_std": 0.18922944103082215
}