{
  "event": "hurricane_maria_2017",
  "budget": 50,
  "seed_set": 1,
  "test_error_rate": 27.669902912621357,
  "test_macro_f1": 0.6796559725202683,
  "test_per_class_f1": [
    0.6464646464646465,
    0.6575342465753424,
    0.8752136752136752,
    0.9193548387096774,
    0.32075471698113206,
    0.5360443622920518,
    0.6666666666666666,
    0.8180645161290323,
    0.6768060836501901
  ],
  "dev_error_rate": 27.628032345013477,
  "dev_macro_f1": 0.6828246198214534,
  "lambda1_mean": 1.048165096067701,
  "lambda1_std": 0.2363844068400437,
  "lambda2_mean": 0.5731113968909797,
  "lambda2_std": 0.1881613351007412
}