{
  "event": "hurricane_dorian_2019",
  "budget": 25,
  "seed_set": 3,
  "test_error_rate": 35.809018567639264,
  "test_macro_f1": 0.5704946116565328,
  "test_ece": 0.07480440270995585,
  "test_per_class_f1": [
    0.5855513307984791,
    0.8914956011730205,
    0.6350148367952523,
    0.3157894736842105,
    0.585635359116022,
    0.41188118811881186,
    0.10344827586206896,
    0.8197530864197531,
    0.7858823529411765
  ],
  "dev_error_rate": 35.051546391752574,
  "dev_macro_f1": 0.589749872380347,
  "dev_ece": 0.10816595328914134,
  "stopping_strategy": "balanced_dev",
  "phase1_seed_strategy": "last",
  "phase1_best_epoch": null,
  "lambda1_mean": 1.0204987671319312,
  "lambda1_std": 0.28011766241576175,
  "lambda2_mean": 0.4861833378542284,
  "lambda2_std": 0.175064930133113
}