{
  "event": "california_wildfires_2018",
  "budget": 5,
  "seed_set": 2,
  "test_error_rate": 27.926078028747437,
  "test_macro_f1": 0.598753659258316,
  "test_ece": 0.17836848870276753,
  "test_per_class_f1": [
    0.4482758620689655,
    0.7386363636363636,
    0.5970149253731343,
    0.9121447028423773,
    0.7058823529411765,
    0.6789915966386555,
    0.2815884476534296,
    0.1111111111111111,
    0.8233082706766918,
    0.6905829596412556
  ],
  "dev_error_rate": 27.526595744680847,
  "dev_macro_f1": 0.6178666086235746,
  "dev_ece": 0.1859431188315788,
  "stopping_strategy": "balanced_dev",
  "phase1_seed_strategy": "last",
  "phase1_best_epoch": null,
  "lambda1_mean": 1.058665628843352,
  "lambda1_std": 0.2408596321225704,
  "lambda2_mean": 0.6543377835141269,
  "lambda2_std": 0.19712371588236796
}