{
  "event": "kerala_floods_2018",
  "budget": 10,
  "seed_set": 3,
  "test_error_rate": 31.036662452591656,
  "test_macro_f1": 0.5563842559785495,
  "test_ece": 0.20270850866392498,
  "test_per_class_f1": [
    0.5066666666666667,
    0.208955223880597,
    0.5546218487394958,
    0.8235294117647058,
    0.4055299539170507,
    0.35942028985507246,
    0.6666666666666666,
    0.8385899814471243,
    0.6434782608695652
  ],
  "dev_error_rate": 28.62407862407862,
  "dev_macro_f1": 0.6065953301366425,
  "dev_ece": 0.1865208107584524,
  "stopping_strategy": "balanced_dev",
  "phase1_seed_strategy": "last",
  "phase1_best_epoch": null,
  "lambda1_mean": 1.1095697377156966,
  "lambda1_std": 0.170268596714327,
  "lambda2_mean": 0.6189529111433302,
  "lambda2_std": 0.14580235080682977
}