{
  "event": "kaikoura_earthquake_2016",
  "budget": 10,
  "seed_set": 1,
  "test_error_rate": 26.66666666666667,
  "test_macro_f1": 0.7153972333772054,
  "test_ece": 0.07855632106463116,
  "test_per_class_f1": [
    0.6705202312138728,
    0.8648648648648649,
    0.8296296296296296,
    0.9767441860465116,
    0.5531914893617021,
    0.4482758620689655,
    0.3,
    0.9,
    0.8953488372093024
  ],
  "dev_error_rate": 28.57142857142857,
  "dev_macro_f1": 0.675314948001686,
  "dev_ece": 0.10757253491984949,
  "lambda1_mean": 0.7615880462572346,
  "lambda1_std": 0.1550814248844468,
  "lambda2_mean": 0.1345821063180826,
  "lambda2_std": 0.04628635849805494
}