{
  "event": "hurricane_irma_2017",
  "budget": 10,
  "seed_set": 2,
  "test_error_rate": 35.9828141783029,
  "test_macro_f1": 0.6198358169723166,
  "test_ece": 0.20944804564582548,
  "test_per_class_f1": [
    0.5663716814159292,
    0.8011695906432749,
    0.762962962962963,
    0.9287749287749287,
    0.4727272727272727,
    0.2898550724637681,
    0.36363636363636365,
    0.7206106870229008,
    0.6724137931034483
  ],
  "dev_error_rate": 37.47390396659708,
  "dev_macro_f1": 0.608030618371536,
  "dev_ece": 0.2250308598195337,
  "stopping_strategy": "balanced_dev",
  "phase1_seed_strategy": "last",
  "phase1_best_epoch": null,
  "lambda1_mean": 1.0126028809408911,
  "lambda1_std": 0.2858343572280434,
  "lambda2_mean": 0.45292044848231644,
  "lambda2_std": 0.19464963739019994
}