{
  "event": "kaikoura_earthquake_2016",
  "budget": 50,
  "seed_set": 3,
  "test_error_rate": 30.574712643678158,
  "test_macro_f1": 0.6698291992137047,
  "test_ece": 0.09335346136284974,
  "test_per_class_f1": [
    0.6976744186046512,
    0.8648648648648649,
    0.7058823529411765,
    0.8076923076923077,
    0.4742268041237113,
    0.45,
    0.3333333333333333,
    0.8108108108108109,
    0.8839779005524862
  ],
  "dev_error_rate": 30.35714285714286,
  "dev_macro_f1": 0.6626375135231712,
  "dev_ece": 0.10033499941762003,
  "stopping_strategy": "balanced_dev",
  "phase1_seed_strategy": "last",
  "phase1_best_epoch": null,
  "lambda1_mean": 1.0249089282954669,
  "lambda1_std": 0.25249664562824964,
  "lambda2_mean": 0.6107605913677878,
  "lambda2_std": 0.2348776416330837
}