{
  "event": "hurricane_maria_2017",
  "budget": 25,
  "seed_set": 3,
  "test_error_rate": 27.877947295423024,
  "test_macro_f1": 0.6946472614904557,
  "test_per_class_f1": [
    0.6415094339622641,
    0.8,
    0.8590163934426229,
    0.928,
    0.34375,
    0.4891518737672584,
    0.6917808219178082,
    0.8146341463414634,
    0.683982683982684
  ],
  "dev_error_rate": 27.762803234501344,
  "dev_macro_f1": 0.6927879788852241,
  "lambda1_mean": 1.07381335187786,
  "lambda1_std": 0.20890496212562798,
  "lambda2_mean": 0.5753875495600497,
  "lambda2_std": 0.16521469700975544
}