{
  "event": "kaikoura_earthquake_2016",
  "budget": 10,
  "seed_set": 1,
  "test_error_rate": 26.436781609195403,
  "test_macro_f1": 0.7218281994435128,
  "test_ece": 0.0957915201269347,
  "test_per_class_f1": [
    0.7085714285714285,
    0.8648648648648649,
    0.8148148148148148,
    0.9333333333333333,
    0.5294117647058824,
    0.4424778761061947,
    0.42857142857142855,
    0.875,
    0.8994082840236687
  ],
  "dev_error_rate": 29.464285714285708,
  "dev_macro_f1": 0.68180601303509,
  "dev_ece": 0.07500941532530954,
  "stopping_strategy": "per_class_patience",
  "lambda1_mean": 1.0535859937121799,
  "lambda1_std": 0.18057824409609238,
  "lambda2_mean": 0.5244729408439236,
  "lambda2_std": 0.1600605678679831
}