{
  "event": "hurricane_harvey_2017",
  "budget": 10,
  "seed_set": 2,
  "test_error_rate": 32.0775623268698,
  "test_macro_f1": 0.641293604124518,
  "test_ece": 0.14124813046812024,
  "test_per_class_f1": [
    0.5593869731800766,
    0.8344370860927153,
    0.7600767754318618,
    0.8912280701754386,
    0.33136094674556216,
    0.41724137931034483,
    0.45263157894736844,
    0.7973102785782901,
    0.7279693486590039
  ],
  "dev_error_rate": 30.247578040904198,
  "dev_macro_f1": 0.666243094214244,
  "dev_ece": 0.11414814909641403,
  "lambda1_mean": 0.8871269955771773,
  "lambda1_std": 0.1429035462371147,
  "lambda2_mean": 0.1754287926192098,
  "lambda2_std": 0.0493347466460321
}