{
  "event": "hurricane_maria_2017",
  "budget": 10,
  "seed_set": 2,
  "test_error_rate": 31.692094313453534,
  "test_macro_f1": 0.6527980772001818,
  "test_ece": 0.19445568122662057,
  "test_per_class_f1": [
    0.6,
    0.6756756756756757,
    0.835236541598695,
    0.9256198347107438,
    0.3473053892215569,
    0.430062630480167,
    0.5836298932384342,
    0.8030495552731893,
    0.6746031746031746
  ],
  "dev_error_rate": 30.053908355795144,
  "dev_macro_f1": 0.6796274901526292,
  "dev_ece": 0.183244104333965,
  "stopping_strategy": "weighted_macro_f1",
  "phase1_seed_strategy": "last",
  "phase1_best_epoch": null,
  "lambda1_mean": 1.0961323583456082,
  "lambda1_std": 0.16704303496296585,
  "lambda2_mean": 0.6437248245834238,
  "lambda2_std": 0.14857861962887514
}