{
  "event": "hurricane_harvey_2017",
  "budget": 50,
  "seed_set": 2,
  "test_error_rate": 28.14404432132964,
  "test_macro_f1": 0.684140857787754,
  "test_ece": 0.13621283710168008,
  "test_per_class_f1": [
    0.6334841628959276,
    0.8852459016393442,
    0.8357588357588358,
    0.9084507042253521,
    0.38961038961038963,
    0.5067114093959731,
    0.4512820512820513,
    0.8257940327237728,
    0.7209302325581395
  ],
  "dev_error_rate": 28.63293864370291,
  "dev_macro_f1": 0.6864647660798993,
  "dev_ece": 0.1425117051511586,
  "stopping_strategy": "per_class_patience",
  "lambda1_mean": 1.0166659395115407,
  "lambda1_std": 0.2523287105878553,
  "lambda2_mean": 0.6511366758292266,
  "lambda2_std": 0.2594423660523095
}