{
  "event": "hurricane_irma_2017",
  "budget": 10,
  "seed_set": 3,
  "test_error_rate": 33.72717508055854,
  "test_macro_f1": 0.6437862725308743,
  "test_per_class_f1": [
    0.6108786610878661,
    0.8452380952380952,
    0.7744458930899609,
    0.9378531073446328,
    0.5150501672240803,
    0.41823056300268097,
    0.3300970873786408,
    0.7161290322580646,
    0.6461538461538462
  ],
  "dev_error_rate": 35.38622129436325,
  "dev_macro_f1": 0.6312111129588194,
  "lambda1_mean": 1.07400844817234,
  "lambda1_std": 0.22150659131043565,
  "lambda2_mean": 0.5541178621247449,
  "lambda2_std": 0.17118738709816797
}