{
  "event": "hurricane_maria_2017",
  "budget": 25,
  "seed_set": 2,
  "test_error_rate": 29.403606102635226,
  "test_macro_f1": 0.6689013505813748,
  "test_per_class_f1": [
    0.5625,
    0.746268656716418,
    0.8603896103896104,
    0.8805970149253731,
    0.34285714285714286,
    0.40789473684210525,
    0.7210031347962382,
    0.8160621761658031,
    0.6825396825396826
  ],
  "dev_error_rate": 30.862533692722373,
  "dev_macro_f1": 0.6630488122298152,
  "lambda1_mean": 1.06630523559614,
  "lambda1_std": 0.22230343998780674,
  "lambda2_mean": 0.5560128429522342,
  "lambda2_std": 0.17516810273700936
}