{
  "event": "hurricane_florence_2018",
  "budget": 5,
  "seed_set": 3,
  "test_error_rate": 25.141015310233684,
  "test_macro_f1": 0.6621145677763922,
  "test_ece": 0.1453579273750281,
  "test_per_class_f1": [
    0.7091633466135459,
    0.8044280442804428,
    0.6198830409356725,
    0.9322033898305084,
    0.861244019138756,
    0.39357429718875503,
    0.0,
    0.8324125230202578,
    0.8061224489795918
  ],
  "dev_error_rate": 24.56964006259781,
  "dev_macro_f1": 0.6638267233270563,
  "dev_ece": 0.1518187873613479,
  "stopping_strategy": "no_early_stopping",
  "lambda1_mean": 1.1040146303078056,
  "lambda1_std": 0.17372312555791328,
  "lambda2_mean": 0.6376702361622436,
  "lambda2_std": 0.1559915436000519
}