{
  "event": "hurricane_irma_2017",
  "budget": 50,
  "seed_set": 3,
  "test_error_rate": 32.975295381310424,
  "test_macro_f1": 0.6478445410908535,
  "test_ece": 0.10346238527979175,
  "test_per_class_f1": [
    0.6538461538461539,
    0.8433734939759037,
    0.7966573816155988,
    0.9352112676056338,
    0.5256410256410257,
    0.43656207366984995,
    0.24060150375939848,
    0.7236024844720497,
    0.6751054852320675
  ],
  "dev_error_rate": 33.298538622129435,
  "dev_macro_f1": 0.6420046143637534,
  "dev_ece": 0.11026420080276023,
  "stopping_strategy": "balanced_dev",
  "phase1_seed_strategy": "last",
  "phase1_best_epoch": null,
  "lambda1_mean": 1.002732314189264,
  "lambda1_std": 0.2829213198732604,
  "lambda2_mean": 0.44747755237493314,
  "lambda2_std": 0.17016260176891873
}