{
  "event": "hurricane_florence_2018",
  "budget": 50,
  "seed_set": 1,
  "test_error_rate": 24.254633360193388,
  "test_macro_f1": 0.6994924325407393,
  "test_ece": 0.07404310687908139,
  "test_per_class_f1": [
    0.7189542483660131,
    0.8333333333333334,
    0.6382978723404256,
    0.9344262295081968,
    0.8571428571428571,
    0.421455938697318,
    0.21818181818181817,
    0.8623188405797102,
    0.8113207547169812
  ],
  "dev_error_rate": 22.535211267605636,
  "dev_macro_f1": 0.7203610015046372,
  "dev_ece": 0.06987881833025733,
  "lambda1_mean": 0.9055147400006192,
  "lambda1_std": 0.1867301003809039,
  "lambda2_mean": 0.19952568736735346,
  "lambda2_std": 0.07496202848634684
}