{
  "event": "kaikoura_earthquake_2016",
  "budget": 10,
  "seed_set": 2,
  "test_error_rate": 25.287356321839084,
  "test_macro_f1": 0.6864135899057263,
  "test_ece": 0.15731911083747602,
  "test_per_class_f1": [
    0.6904761904761905,
    0.8571428571428571,
    0.8187919463087249,
    1.0,
    0.5813953488372093,
    0.48,
    0.0,
    0.8470588235294118,
    0.9028571428571428
  ],
  "dev_error_rate": 25.89285714285714,
  "dev_macro_f1": 0.6803937869425233,
  "dev_ece": 0.1568569842992084,
  "stopping_strategy": "no_early_stopping",
  "lambda1_mean": 1.0569303097125617,
  "lambda1_std": 0.16899692711994196,
  "lambda2_mean": 0.38862888871862505,
  "lambda2_std": 0.15359415362918993
}