{
  "event": "hurricane_irma_2017",
  "budget": 50,
  "seed_set": 2,
  "test_error_rate": 37.32545649838883,
  "test_macro_f1": 0.6125202005882717,
  "test_ece": 0.1565238133184892,
  "test_per_class_f1": [
    0.5402298850574713,
    0.8169014084507042,
    0.7633378932968536,
    0.9515669515669516,
    0.4224137931034483,
    0.4188351920693928,
    0.23076923076923078,
    0.6333333333333333,
    0.7352941176470589
  ],
  "dev_error_rate": 37.682672233820455,
  "dev_macro_f1": 0.6215059086667326,
  "dev_ece": 0.16812122605414384,
  "stopping_strategy": "balanced_dev",
  "phase1_seed_strategy": "last",
  "phase1_best_epoch": null,
  "lambda1_mean": 1.0077013594204232,
  "lambda1_std": 0.2686447091840409,
  "lambda2_mean": 0.690785252724543,
  "lambda2_std": 0.271906664368998
}