{
  "event": "hurricane_harvey_2017",
  "budget": 5,
  "seed_set": 1,
  "test_error_rate": 32.74238227146814,
  "test_macro_f1": 0.6148988792253635,
  "test_ece": 0.16595706779540742,
  "test_per_class_f1": [
    0.5693950177935944,
    0.8428571428571429,
    0.7484407484407485,
    0.8763250883392226,
    0.35294117647058826,
    0.30735930735930733,
    0.3924050632911392,
    0.8370044052863436,
    0.6073619631901841
  ],
  "dev_error_rate": 32.18514531754575,
  "dev_macro_f1": 0.6281853349349462,
  "dev_ece": 0.15499454366185567,
  "stopping_strategy": "balanced_dev",
  "phase1_seed_strategy": "last",
  "phase1_best_epoch": null,
  "lambda1_mean": 1.0267366440803387,
  "lambda1_std": 0.2416987340263742,
  "lambda2_mean": 0.40873629847226717,
  "lambda2_std": 0.16790085654711265
}