{
  "event": "hurricane_dorian_2019",
  "budget": 5,
  "seed_set": 2,
  "test_error_rate": 36.40583554376657,
  "test_macro_f1": 0.5792782260173279,
  "test_ece": 0.19262790674990934,
  "test_per_class_f1": [
    0.6074074074074074,
    0.8680351906158358,
    0.5752508361204013,
    0.4444444444444444,
    0.5836909871244635,
    0.3521739130434783,
    0.15873015873015872,
    0.7960199004975125,
    0.8277511961722488
  ],
  "dev_error_rate": 38.78865979381443,
  "dev_macro_f1": 0.6035495362685782,
  "dev_ece": 0.21506338779689727,
  "stopping_strategy": "weighted_macro_f1",
  "phase1_seed_strategy": "last",
  "phase1_best_epoch": null,
  "lambda1_mean": 1.0385052845635183,
  "lambda1_std": 0.2456073176433225,
  "lambda2_mean": 0.5917583386652583,
  "lambda2_std": 0.18603986605883474
}