{
  "event": "hurricane_irma_2017",
  "budget": 50,
  "seed_set": 2,
  "test_error_rate": 30.504833512352313,
  "test_macro_f1": 0.6679683472204185,
  "test_per_class_f1": [
    0.6277372262773723,
    0.8630952380952381,
    0.8567774936061381,
    0.947075208913649,
    0.45454545454545453,
    0.4583901773533424,
    0.32967032967032966,
    0.7281553398058253,
    0.746268656716418
  ],
  "dev_error_rate": 31.00208768267223,
  "dev_macro_f1": 0.6633947956546105,
  "lambda1_mean": 1.0664077134925696,
  "lambda1_std": 0.22519645729549165,
  "lambda2_mean": 0.5705611125011921,
  "lambda2_std": 0.17556926322688632
}