{
  "event": "hurricane_dorian_2019",
  "budget": 10,
  "seed_set": 1,
  "test_error_rate": 37.732095490716176,
  "test_macro_f1": 0.6012467889667319,
  "test_ece": 0.14374071034536118,
  "test_per_class_f1": [
    0.5518590998043053,
    0.8595505617977528,
    0.5734767025089605,
    0.5806451612903226,
    0.5812356979405034,
    0.383399209486166,
    0.2916666666666667,
    0.7903225806451613,
    0.7990654205607477
  ],
  "dev_error_rate": 38.4020618556701,
  "dev_macro_f1": 0.5956944918261559,
  "dev_ece": 0.14859959394815042,
  "lambda1_mean": 0.8633554062671288,
  "lambda1_std": 0.1612735652783259,
  "lambda2_mean": 0.17428763949625178,
  "lambda2_std": 0.053738390597394284
}