{
  "event": "california_wildfires_2018",
  "budget": 5,
  "seed_set": 1,
  "test_error_rate": 28.81587953456537,
  "test_macro_f1": 0.6162435395670214,
  "test_per_class_f1": [
    0.3559322033898305,
    0.7415730337078652,
    0.6344086021505376,
    0.9236641221374046,
    0.6756756756756757,
    0.6666666666666666,
    0.33440514469453375,
    0.3333333333333333,
    0.8133595284872298,
    0.6834170854271356
  ],
  "dev_error_rate": 29.122340425531913,
  "dev_macro_f1": 0.6126690417242772,
  "lambda1_mean": 1.0801830758592894,
  "lambda1_std": 0.21312802645423387,
  "lambda2_mean": 0.5606650470302981,
  "lambda2_std": 0.16549290510843204
}