{
  "event": "hurricane_maria_2017",
  "budget": 50,
  "seed_set": 1,
  "test_error_rate": 30.998613037447985,
  "test_macro_f1": 0.6594184063179117,
  "test_ece": 0.07551120444822243,
  "test_per_class_f1": [
    0.6153846153846154,
    0.6842105263157895,
    0.8369747899159664,
    0.926829268292683,
    0.34355828220858897,
    0.42283298097251587,
    0.6264150943396226,
    0.8068043742405833,
    0.6717557251908397
  ],
  "dev_error_rate": 29.78436657681941,
  "dev_macro_f1": 0.6790223265165363,
  "dev_ece": 0.0631107106363034,
  "stopping_strategy": "balanced_dev",
  "lambda1_mean": 1.00185963218901,
  "lambda1_std": 0.24802415080797904,
  "lambda2_mean": 0.6092814009114232,
  "lambda2_std": 0.234552050537854
}