{
  "event": "hurricane_irma_2017",
  "budget": 50,
  "seed_set": 3,
  "test_error_rate": 32.008592910848556,
  "test_macro_f1": 0.6583217338491384,
  "test_per_class_f1": [
    0.6406926406926406,
    0.8176795580110497,
    0.8164893617021277,
    0.9408450704225352,
    0.5185185185185185,
    0.4680306905370844,
    0.3404255319148936,
    0.7046632124352331,
    0.6775510204081633
  ],
  "dev_error_rate": 32.045929018789145,
  "dev_macro_f1": 0.6609793738577984,
  "lambda1_mean": 1.0461410715108546,
  "lambda1_std": 0.26355781621629987,
  "lambda2_mean": 0.5710870034479439,
  "lambda2_std": 0.1936386072910627
}