{
  "event": "hurricane_maria_2017",
  "budget": 5,
  "seed_set": 2,
  "test_error_rate": 31.414701803051315,
  "test_macro_f1": 0.6574410732139023,
  "test_ece": 0.21766497143098612,
  "test_per_class_f1": [
    0.6458333333333334,
    0.7323943661971831,
    0.8286189683860233,
    0.9243697478991597,
    0.3013698630136986,
    0.40089086859688194,
    0.5705705705705706,
    0.8125,
    0.70042194092827
  ],
  "dev_error_rate": 31.671159029649598,
  "dev_macro_f1": 0.6632643027142424,
  "dev_ece": 0.21683716689640625,
  "stopping_strategy": "baseline",
  "lambda1_mean": 1.0903623302186654,
  "lambda1_std": 0.17456649799816268,
  "lambda2_mean": 0.5825949403063364,
  "lambda2_std": 0.16147917787784394
}