{
  "event": "california_wildfires_2018",
  "budget": 10,
  "seed_set": 2,
  "test_error_rate": 26.625598904859682,
  "test_macro_f1": 0.6519688451355835,
  "test_ece": 0.11976878138987028,
  "test_per_class_f1": [
    0.4594594594594595,
    0.7790697674418605,
    0.6326530612244898,
    0.916010498687664,
    0.7878787878787878,
    0.6463414634146342,
    0.43967828418230565,
    0.2857142857142857,
    0.8566037735849057,
    0.7162790697674418
  ],
  "dev_error_rate": 28.457446808510632,
  "dev_macro_f1": 0.6482147060517234,
  "dev_ece": 0.16144556780048502,
  "stopping_strategy": "balanced_dev",
  "phase1_seed_strategy": "last",
  "phase1_best_epoch": null,
  "lambda1_mean": 1.0895497716244245,
  "lambda1_std": 0.20941157259006885,
  "lambda2_mean": 0.5787073665055836,
  "lambda2_std": 0.165257204598078
}