{
  "event": "kaikoura_earthquake_2016",
  "budget": 25,
  "seed_set": 2,
  "test_error_rate": 27.586206896551722,
  "test_macro_f1": 0.6924904073834353,
  "test_ece": 0.153725560574696,
  "test_per_class_f1": [
    0.6896551724137931,
    0.8333333333333334,
    0.8391608391608392,
    0.9545454545454546,
    0.48484848484848486,
    0.5190839694656488,
    0.20689655172413793,
    0.8378378378378378,
    0.8670520231213873
  ],
  "dev_error_rate": 31.69642857142857,
  "dev_macro_f1": 0.6654582218934366,
  "dev_ece": 0.1332659992788519,
  "stopping_strategy": "per_class_patience",
  "lambda1_mean": 0.998734422653746,
  "lambda1_std": 0.25289777863069934,
  "lambda2_mean": 0.5714962761633919,
  "lambda2_std": 0.21084303407596905
}