{
  "event": "california_wildfires_2018",
  "budget": 50,
  "seed_set": 3,
  "test_error_rate": 28.747433264887068,
  "test_macro_f1": 0.6349106813709199,
  "test_ece": 0.12939762318485162,
  "test_per_class_f1": [
    0.5396825396825397,
    0.7643312101910829,
    0.6594594594594595,
    0.8909825033647375,
    0.5871559633027523,
    0.6719367588932806,
    0.49056603773584906,
    0.2564102564102564,
    0.7789046653144016,
    0.7096774193548387
  ],
  "dev_error_rate": 28.5904255319149,
  "dev_macro_f1": 0.652761026731126,
  "dev_ece": 0.14224428100947373,
  "lambda1_mean": 0.8972333855614489,
  "lambda1_std": 0.1760964188995186,
  "lambda2_mean": 0.19775650144018972,
  "lambda2_std": 0.08275839084760488
}