{
  "event": "hurricane_harvey_2017",
  "budget": 5,
  "seed_set": 3,
  "test_error_rate": 34.12742382271469,
  "test_macro_f1": 0.6170502309273577,
  "test_ece": 0.2663659217945426,
  "test_per_class_f1": [
    0.6050420168067226,
    0.82,
    0.7137404580152672,
    0.8888888888888888,
    0.3611111111111111,
    0.22466960352422907,
    0.44,
    0.8235294117647058,
    0.6764705882352942
  ],
  "dev_error_rate": 32.18514531754575,
  "dev_macro_f1": 0.6457013048923189,
  "dev_ece": 0.24859945198563124,
  "stopping_strategy": "weighted_macro_f1",
  "phase1_seed_strategy": "last",
  "phase1_best_epoch": null,
  "lambda1_mean": 1.1176229304498377,
  "lambda1_std": 0.1353378735736395,
  "lambda2_mean": 0.6816565331004286,
  "lambda2_std": 0.128762596291869
}