{
  "event": "hurricane_dorian_2019",
  "budget": 5,
  "seed_set": 1,
  "test_error_rate": 37.40053050397878,
  "test_macro_f1": 0.5459674105963795,
  "test_ece": 0.23335148939561462,
  "test_per_class_f1": [
    0.6032315978456014,
    0.8507042253521127,
    0.5671641791044776,
    0.4,
    0.5815602836879432,
    0.3443708609271523,
    0.0,
    0.7913669064748201,
    0.7753086419753087
  ],
  "dev_error_rate": 40.07731958762887,
  "dev_macro_f1": 0.5410658719415442,
  "dev_ece": 0.25875882028611663,
  "stopping_strategy": "balanced_dev",
  "phase1_seed_strategy": "last",
  "phase1_best_epoch": null,
  "lambda1_mean": 1.0518808794070604,
  "lambda1_std": 0.22998521645379477,
  "lambda2_mean": 0.4879751916992967,
  "lambda2_std": 0.16066961160833965
}