{
  "event": "hurricane_florence_2018",
  "budget": 25,
  "seed_set": 1,
  "test_error_rate": 24.33521353746978,
  "test_macro_f1": 0.7058231396964635,
  "test_ece": 0.0733495910113901,
  "test_per_class_f1": [
    0.6984126984126984,
    0.8263888888888888,
    0.6206896551724138,
    0.9333333333333333,
    0.8407310704960835,
    0.4381625441696113,
    0.27586206896551724,
    0.8631578947368421,
    0.8556701030927835
  ],
  "dev_error_rate": 25.19561815336463,
  "dev_macro_f1": 0.6720431065416377,
  "dev_ece": 0.07565951174786767,
  "stopping_strategy": "weighted_macro_f1",
  "phase1_seed_strategy": "last",
  "phase1_best_epoch": null,
  "lambda1_mean": 1.0602573067288334,
  "lambda1_std": 0.22332484674239728,
  "lambda2_mean": 0.5514730839591429,
  "lambda2_std": 0.179899396561637
}