{
  "event": "hurricane_dorian_2019",
  "budget": 50,
  "seed_set": 2,
  "test_error_rate": 34.08488063660477,
  "test_macro_f1": 0.6055178537252635,
  "test_per_class_f1": [
    0.6377952755905512,
    0.8959537572254336,
    0.6178343949044586,
    0.4,
    0.6052631578947368,
    0.4673684210526316,
    0.2,
    0.8329048843187661,
    0.7925407925407926
  ],
  "dev_error_rate": 34.79381443298969,
  "dev_macro_f1": 0.6192497261187129,
  "lambda1_mean": 1.0544955190336491,
  "lambda1_std": 0.24034296448791867,
  "lambda2_mean": 0.5811681266671751,
  "lambda2_std": 0.1849386706515871
}