{
  "event": "hurricane_dorian_2019",
  "budget": 10,
  "seed_set": 3,
  "test_error_rate": 34.94694960212201,
  "test_macro_f1": 0.5841780346866445,
  "test_per_class_f1": [
    0.5979381443298969,
    0.8963414634146342,
    0.6563467492260062,
    0.4,
    0.569377990430622,
    0.4248496993987976,
    0.10526315789473684,
    0.8111888111888111,
    0.7962962962962963
  ],
  "dev_error_rate": 38.91752577319587,
  "dev_macro_f1": 0.5688226891794088,
  "lambda1_mean": 1.0592989608717465,
  "lambda1_std": 0.2435285088891915,
  "lambda2_mean": 0.564653726450574,
  "lambda2_std": 0.18035033809392959
}