{
  "event": "hurricane_harvey_2017",
  "budget": 10,
  "seed_set": 1,
  "test_error_rate": 30.304709141274234,
  "test_macro_f1": 0.6408232424449394,
  "test_per_class_f1": [
    0.6073298429319371,
    0.8406779661016949,
    0.7298578199052133,
    0.8819444444444444,
    0.3270440251572327,
    0.5321375186846039,
    0.3404255319148936,
    0.8321299638989169,
    0.6758620689655173
  ],
  "dev_error_rate": 30.462863293864373,
  "dev_macro_f1": 0.6419922632021176,
  "lambda1_mean": 1.0861060637673912,
  "lambda1_std": 0.1971167030099878,
  "lambda2_mean": 0.5774053960726396,
  "lambda2_std": 0.1641188998956715
}