{
  "event": "canada_wildfires_2016",
  "budget": 10,
  "seed_set": 3,
  "test_error_rate": 24.044943820224717,
  "test_macro_f1": 0.5880448774321306,
  "test_per_class_f1": [
    0.3870967741935484,
    0.8819875776397516,
    0.8347826086956521,
    0.2641509433962264,
    0.509090909090909,
    0.14285714285714285,
    0.884393063583815,
    0.8
  ],
  "dev_error_rate": 21.92982456140351,
  "dev_macro_f1": 0.6572515225261222,
  "lambda1_mean": 1.0210996415991478,
  "lambda1_std": 0.23815488953388375,
  "lambda2_mean": 0.4880168380214942,
  "lambda2_std": 0.19143743679246314
}