{
  "event": "kerala_floods_2018",
  "budget": 25,
  "seed_set": 3,
  "test_error_rate": 42.54108723135271,
  "test_macro_f1": 0.48807115423409514,
  "test_ece": 0.22903768732371432,
  "test_per_class_f1": [
    0.24539877300613497,
    0.11851851851851852,
    0.5365853658536586,
    0.8111888111888111,
    0.38181818181818183,
    0.27586206896551724,
    0.6446886446886447,
    0.711913357400722,
    0.6666666666666666
  ],
  "dev_error_rate": 42.01474201474201,
  "dev_macro_f1": 0.5219288027018999,
  "dev_ece": 0.22967940627503453,
  "stopping_strategy": "balanced_dev",
  "phase1_seed_strategy": "last",
  "phase1_best_epoch": null,
  "lambda1_mean": 1.0603480082503873,
  "lambda1_std": 0.20808825414981436,
  "lambda2_mean": 0.5701513998514266,
  "lambda2_std": 0.18158886611171215
}