{
  "event": "cyclone_idai_2019",
  "budget": 50,
  "seed_set": 1,
  "test_error_rate": 29.525032092426184,
  "test_macro_f1": 0.616419246747182,
  "test_ece": 0.05427553943706262,
  "test_per_class_f1": [
    0.4411764705882353,
    0.6451612903225806,
    0.8243243243243243,
    0.9425287356321839,
    0.75,
    0.3793103448275862,
    0.28776978417266186,
    0.2978723404255319,
    0.7919254658385093,
    0.8041237113402062
  ],
  "dev_error_rate": 28.927680798004985,
  "dev_macro_f1": 0.5149826979470083,
  "dev_ece": 0.04774306900334774,
  "stopping_strategy": "baseline",
  "lambda1_mean": 0.996055579907361,
  "lambda1_std": 0.3223819249262986,
  "lambda2_mean": 0.5337039095078874,
  "lambda2_std": 0.2135172827458177
}