{
  "event": "hurricane_florence_2018",
  "budget": 25,
  "seed_set": 3,
  "test_error_rate": 25.705076551168414,
  "test_macro_f1": 0.6606807699563696,
  "test_per_class_f1": [
    0.7110187110187111,
    0.8083623693379791,
    0.6266666666666667,
    0.9256198347107438,
    0.7989556135770235,
    0.36771300448430494,
    0.07142857142857142,
    0.8481848184818482,
    0.7881773399014779
  ],
  "dev_error_rate": 23.161189358372457,
  "dev_macro_f1": 0.6968501536874467,
  "lambda1_mean": 1.0717585843259667,
  "lambda1_std": 0.21309712233508304,
  "lambda2_mean": 0.56001135315388,
  "lambda2_std": 0.15993107089761416
}