{
  "event": "cyclone_idai_2019",
  "budget": 50,
  "seed_set": 1,
  "test_error_rate": 31.193838254172015,
  "test_macro_f1": 0.6111981287009502,
  "test_per_class_f1": [
    0.5185185185185185,
    0.6060606060606061,
    0.8333333333333334,
    0.9273743016759777,
    0.6666666666666666,
    0.3508771929824561,
    0.32857142857142857,
    0.30303030303030304,
    0.7584,
    0.8191489361702128
  ],
  "dev_error_rate": 29.42643391521197,
  "dev_macro_f1": 0.5337256954264628,
  "lambda1_mean": 0.9774776075057033,
  "lambda1_std": 0.33465509048876135,
  "lambda2_mean": 0.5340002750497528,
  "lambda2_std": 0.21808785265185338
}