{
  "event": "hurricane_maria_2017",
  "budget": 10,
  "seed_set": 3,
  "test_error_rate": 32.59361997226075,
  "test_macro_f1": 0.6430555441694801,
  "test_ece": 0.22849196625483345,
  "test_per_class_f1": [
    0.5641025641025641,
    0.6582278481012658,
    0.8161888701517707,
    0.9243697478991597,
    0.325,
    0.38477801268498946,
    0.6405228758169934,
    0.8076433121019109,
    0.6666666666666666
  ],
  "dev_error_rate": 30.32345013477089,
  "dev_macro_f1": 0.6751493873548868,
  "dev_ece": 0.2056360230693277,
  "stopping_strategy": "per_class_patience",
  "lambda1_mean": 1.0702928532382783,
  "lambda1_std": 0.2024649894425387,
  "lambda2_mean": 0.5443235102066332,
  "lambda2_std": 0.16881381554955718
}