{
  "event": "kaikoura_earthquake_2016",
  "budget": 5,
  "seed_set": 2,
  "test_error_rate": 26.66666666666667,
  "test_macro_f1": 0.6667372963509011,
  "test_ece": 0.15223008236665836,
  "test_per_class_f1": [
    0.700507614213198,
    0.9032258064516129,
    0.8029197080291971,
    0.9302325581395349,
    0.48717948717948717,
    0.42592592592592593,
    0.0,
    0.8666666666666667,
    0.8839779005524862
  ],
  "dev_error_rate": 29.01785714285714,
  "dev_macro_f1": 0.6451488163144092,
  "dev_ece": 0.17404714546033317,
  "stopping_strategy": "baseline",
  "lambda1_mean": 1.0096564065896383,
  "lambda1_std": 0.23766132384367863,
  "lambda2_mean": 0.446845611743112,
  "lambda2_std": 0.19086578665266732
}