{
  "event": "hurricane_harvey_2017",
  "budget": 50,
  "seed_set": 1,
  "test_error_rate": 29.750692520775623,
  "test_macro_f1": 0.6654594499117523,
  "test_ece": 0.13583347290506656,
  "test_per_class_f1": [
    0.6582278481012658,
    0.8833922261484098,
    0.7843137254901961,
    0.888135593220339,
    0.35514018691588783,
    0.4543761638733706,
    0.4215686274509804,
    0.8152985074626866,
    0.7286821705426356
  ],
  "dev_error_rate": 30.678148546824545,
  "dev_macro_f1": 0.6661013406925751,
  "dev_ece": 0.14849305374245086,
  "stopping_strategy": "balanced_dev",
  "lambda1_mean": 1.0127559379043942,
  "lambda1_std": 0.23429415280794774,
  "lambda2_mean": 0.4851969796561943,
  "lambda2_std": 0.18536264748220493
}