{
  "event": "hurricane_florence_2018",
  "budget": 10,
  "seed_set": 3,
  "test_error_rate": 24.89927477840451,
  "test_macro_f1": 0.663483079525228,
  "test_ece": 0.11524351422677206,
  "test_per_class_f1": [
    0.6848739495798319,
    0.8148148148148148,
    0.6298342541436464,
    0.9256198347107438,
    0.8407960199004975,
    0.36947791164658633,
    0.0,
    0.8614864864864865,
    0.8444444444444444
  ],
  "dev_error_rate": 23.004694835680752,
  "dev_macro_f1": 0.6769344976861968,
  "dev_ece": 0.1081118412047671,
  "stopping_strategy": "scaled_threshold",
  "phase1_seed_strategy": "last",
  "phase1_best_epoch": null,
  "lambda1_mean": 1.057166143113562,
  "lambda1_std": 0.22397390307586615,
  "lambda2_mean": 0.5162732227394213,
  "lambda2_std": 0.16263741926166028
}