{
  "event": "kerala_floods_2018",
  "budget": 5,
  "seed_set": 3,
  "test_error_rate": 29.3299620733249,
  "test_macro_f1": 0.5604052790738794,
  "test_ece": 0.22143729560444544,
  "test_per_class_f1": [
    0.49230769230769234,
    0.30434782608695654,
    0.49572649572649574,
    0.7777777777777778,
    0.4424778761061947,
    0.36875,
    0.6666666666666666,
    0.8483439860546194,
    0.6472491909385113
  ],
  "dev_error_rate": 26.65847665847666,
  "dev_macro_f1": 0.615531051582716,
  "dev_ece": 0.21189679278642012,
  "stopping_strategy": "weighted_macro_f1",
  "phase1_seed_strategy": "last",
  "phase1_best_epoch": null,
  "lambda1_mean": 1.1184898067350586,
  "lambda1_std": 0.15191530970542672,
  "lambda2_mean": 0.5973001768766039,
  "lambda2_std": 0.12851186397394568
}