{
  "event": "hurricane_maria_2017",
  "budget": 25,
  "seed_set": 1,
  "test_error_rate": 32.59361997226075,
  "test_macro_f1": 0.6338160574501869,
  "test_ece": 0.13951565048317632,
  "test_per_class_f1": [
    0.4805194805194805,
    0.6666666666666666,
    0.8309352517985612,
    0.943089430894309,
    0.30985915492957744,
    0.35714285714285715,
    0.6325878594249201,
    0.8195121951219512,
    0.6640316205533597
  ],
  "dev_error_rate": 32.61455525606469,
  "dev_macro_f1": 0.6431547600488023,
  "dev_ece": 0.14859496645448667,
  "stopping_strategy": "balanced_dev",
  "phase1_seed_strategy": "last",
  "phase1_best_epoch": null,
  "lambda1_mean": 1.068146111208595,
  "lambda1_std": 0.20617838386033113,
  "lambda2_mean": 0.5959000582774101,
  "lambda2_std": 0.18922944103082215
}