{
  "event": "hurricane_dorian_2019",
  "budget": 5,
  "seed_set": 3,
  "test_error_rate": 36.80371352785146,
  "test_macro_f1": 0.5703170925284824,
  "test_per_class_f1": [
    0.5988909426987061,
    0.8693181818181818,
    0.5705128205128205,
    0.5833333333333334,
    0.5972850678733032,
    0.35268817204301073,
    0.0,
    0.814621409921671,
    0.7462039045553145
  ],
  "dev_error_rate": 39.948453608247426,
  "dev_macro_f1": 0.5567126377249522,
  "lambda1_mean": 1.0777042701809008,
  "lambda1_std": 0.21655145424227992,
  "lambda2_mean": 0.5694701074696636,
  "lambda2_std": 0.16242738114834232
}