{
  "event": "hurricane_florence_2018",
  "budget": 50,
  "seed_set": 1,
  "test_error_rate": 25.302175664786464,
  "test_macro_f1": 0.6855318705443117,
  "test_ece": 0.12371232447654948,
  "test_per_class_f1": [
    0.7316017316017316,
    0.8206896551724138,
    0.6533333333333333,
    0.8976377952755905,
    0.8407310704960835,
    0.3937007874015748,
    0.16129032258064516,
    0.8472727272727273,
    0.8235294117647058
  ],
  "dev_error_rate": 22.535211267605636,
  "dev_macro_f1": 0.7084414195052579,
  "dev_ece": 0.11301791056967306,
  "stopping_strategy": "no_early_stopping",
  "lambda1_mean": 1.06228904108562,
  "lambda1_std": 0.2195084726725528,
  "lambda2_mean": 0.5771262365021627,
  "lambda2_std": 0.1766770971906399
}