{
  "event": "hurricane_florence_2018",
  "budget": 10,
  "seed_set": 3,
  "test_error_rate": 25.463336019339245,
  "test_macro_f1": 0.6762862277776185,
  "test_ece": 0.09080955222861405,
  "test_per_class_f1": [
    0.6821052631578948,
    0.8102189781021898,
    0.6120218579234973,
    0.926829268292683,
    0.8428927680798005,
    0.4061302681992337,
    0.10526315789473684,
    0.8439716312056738,
    0.8571428571428571
  ],
  "dev_error_rate": 23.474178403755865,
  "dev_macro_f1": 0.6746462001015276,
  "dev_ece": 0.09858398913684212,
  "stopping_strategy": "balanced_dev",
  "phase1_seed_strategy": "last",
  "phase1_best_epoch": null,
  "lambda1_mean": 1.057166143113562,
  "lambda1_std": 0.22397390307586615,
  "lambda2_mean": 0.5162732227394213,
  "lambda2_std": 0.16263741926166028
}