{
  "event": "hurricane_dorian_2019",
  "budget": 5,
  "seed_set": 3,
  "test_error_rate": 37.3342175066313,
  "test_macro_f1": 0.5501659214307921,
  "test_ece": 0.29073570670673643,
  "test_per_class_f1": [
    0.6045016077170418,
    0.8656716417910447,
    0.5704697986577181,
    0.47619047619047616,
    0.5833333333333334,
    0.25839793281653745,
    0.0,
    0.8078817733990148,
    0.7850467289719626
  ],
  "dev_error_rate": 39.81958762886598,
  "dev_macro_f1": 0.5214960795834641,
  "dev_ece": 0.31800624651392706,
  "stopping_strategy": "balanced_dev",
  "phase1_seed_strategy": "last",
  "phase1_best_epoch": null,
  "lambda1_mean": 1.0985598367425253,
  "lambda1_std": 0.18376746367099528,
  "lambda2_mean": 0.6493947144822239,
  "lambda2_std": 0.1536832459851592
}