{
  "event": "cyclone_idai_2019",
  "budget": 10,
  "seed_set": 2,
  "test_error_rate": 22.59306803594352,
  "test_macro_f1": 0.5360051624888702,
  "test_per_class_f1": [
    0.19047619047619047,
    0.5714285714285714,
    0.8187919463087249,
    0.8994082840236687,
    0.0,
    0.27586206896551724,
    0.4457831325301205,
    0.4642857142857143,
    0.8710990502035278,
    0.8229166666666666
  ],
  "dev_error_rate": 25.935162094763086,
  "dev_macro_f1": 0.5070065614948112,
  "lambda1_mean": 1.0028950846126665,
  "lambda1_std": 0.31149296435382745,
  "lambda2_mean": 0.5056451786956768,
  "lambda2_std": 0.20924480265300474
}