{
  "event": "canada_wildfires_2016",
  "budget": 50,
  "seed_set": 3,
  "test_error_rate": 21.123595505617978,
  "test_macro_f1": 0.665063482092368,
  "test_ece": 0.12454149535532745,
  "test_per_class_f1": [
    0.46511627906976744,
    0.8662420382165605,
    0.8846153846153846,
    0.3225806451612903,
    0.5528455284552846,
    0.5454545454545454,
    0.895774647887324,
    0.7878787878787878
  ],
  "dev_error_rate": 18.42105263157895,
  "dev_macro_f1": 0.7235835590435227,
  "dev_ece": 0.10624305812413232,
  "stopping_strategy": "no_early_stopping",
  "lambda1_mean": 0.9990324485486936,
  "lambda1_std": 0.19878337592299564,
  "lambda2_mean": 0.8008599564351755,
  "lambda2_std": 0.24695402857799362
}