{
  "event": "hurricane_harvey_2017",
  "budget": 5,
  "seed_set": 1,
  "test_error_rate": 32.02216066481994,
  "test_macro_f1": 0.6247696891223918,
  "test_ece": 0.2092722743006624,
  "test_per_class_f1": [
    0.5833333333333334,
    0.8309859154929577,
    0.7484407484407485,
    0.8723404255319149,
    0.3930131004366812,
    0.3247863247863248,
    0.40559440559440557,
    0.8373702422145328,
    0.6270627062706271
  ],
  "dev_error_rate": 31.86221743810549,
  "dev_macro_f1": 0.6318362387056105,
  "dev_ece": 0.20137638655622497,
  "stopping_strategy": "baseline",
  "lambda1_mean": 1.0267366440803387,
  "lambda1_std": 0.2416987340263742,
  "lambda2_mean": 0.40873629847226717,
  "lambda2_std": 0.16790085654711265
}