{
  "event": "hurricane_dorian_2019",
  "budget": 10,
  "seed_set": 2,
  "test_error_rate": 35.54376657824933,
  "test_macro_f1": 0.5993416587684767,
  "test_per_class_f1": [
    0.6394779771615008,
    0.8942598187311178,
    0.63125,
    0.5217391304347826,
    0.6022099447513812,
    0.365296803652968,
    0.17475728155339806,
    0.7870619946091644,
    0.778021978021978
  ],
  "dev_error_rate": 36.98453608247423,
  "dev_macro_f1": 0.605687503237928,
  "lambda1_mean": 1.0786061190065606,
  "lambda1_std": 0.2158553974553301,
  "lambda2_mean": 0.5635294836849021,
  "lambda2_std": 0.16427386116366685
}