{
  "event": "kaikoura_earthquake_2016",
  "budget": 5,
  "seed_set": 3,
  "test_error_rate": 25.057471264367813,
  "test_macro_f1": 0.7080659216538479,
  "test_per_class_f1": [
    0.7058823529411765,
    0.8333333333333334,
    0.84375,
    0.8936170212765957,
    0.5352112676056338,
    0.5578231292517006,
    0.2857142857142857,
    0.8125,
    0.9047619047619048
  ],
  "dev_error_rate": 25.44642857142857,
  "dev_macro_f1": 0.6834657248844892,
  "lambda1_mean": 1.024963643479366,
  "lambda1_std": 0.1947083394483556,
  "lambda2_mean": 0.452343069561545,
  "lambda2_std": 0.1430402021581075
}