{
  "event": "cyclone_idai_2019",
  "budget": 50,
  "seed_set": 1,
  "test_error_rate": 52.503209242618745,
  "test_macro_f1": 0.06440382941688425,
  "test_ece": 0.18874891899975638,
  "test_per_class_f1": [
    0.0,
    0.0,
    0.0,
    0.0,
    0.0,
    0.0,
    0.0,
    0.0,
    0.6440382941688425,
    0.0
  ],
  "dev_error_rate": 52.36907730673317,
  "dev_macro_f1": 0.06452702702702703,
  "dev_ece": 0.1900902635736061,
  "stopping_strategy": "baseline",
  "lambda1_mean": 0.6137763335250145,
  "lambda1_std": 0.5339470334536155,
  "lambda2_mean": 0.35157673258596783,
  "lambda2_std": 0.33136765309099675
}