{
  "event": "cyclone_idai_2019",
  "budget": 50,
  "seed_set": 1,
  "test_error_rate": 29.65340179717587,
  "test_macro_f1": 0.582261523105894,
  "test_ece": 0.11301244483526618,
  "test_per_class_f1": [
    0.31746031746031744,
    0.5714285714285714,
    0.7919463087248322,
    0.9176470588235294,
    0.6666666666666666,
    0.3333333333333333,
    0.2184873949579832,
    0.3838383838383838,
    0.8036253776435045,
    0.8181818181818182
  ],
  "dev_error_rate": 26.683291770573568,
  "dev_macro_f1": 0.5486034899315728,
  "dev_ece": 0.10670031283859005,
  "stopping_strategy": "baseline",
  "lambda1_mean": 1.02715071773441,
  "lambda1_std": 0.28604355071271576,
  "lambda2_mean": 0.6201064043609421,
  "lambda2_std": 0.22351808415517097
}