{
  "event": "canada_wildfires_2016",
  "budget": 25,
  "seed_set": 3,
  "test_error_rate": 26.29213483146068,
  "test_macro_f1": 0.5571422716307134,
  "test_ece": 0.06116354934285191,
  "test_per_class_f1": [
    0.45454545454545453,
    0.8588957055214724,
    0.8545454545454545,
    0.3225806451612903,
    0.30612244897959184,
    0.0,
    0.8735632183908046,
    0.7868852459016393
  ],
  "dev_error_rate": 25.438596491228072,
  "dev_macro_f1": 0.5654456724816765,
  "dev_ece": 0.057817955550394526,
  "stopping_strategy": "balanced_dev",
  "phase1_seed_strategy": "last",
  "phase1_best_epoch": null,
  "lambda1_mean": 1.0482898015268793,
  "lambda1_std": 0.20931107822045153,
  "lambda2_mean": 0.5521583448416774,
  "lambda2_std": 0.18421309662984328
}