{
  "event": "hurricane_maria_2017",
  "budget": 10,
  "seed_set": 2,
  "test_error_rate": 30.79056865464632,
  "test_macro_f1": 0.6568123327060822,
  "test_per_class_f1": [
    0.6666666666666666,
    0.684931506849315,
    0.832258064516129,
    0.9491525423728814,
    0.33587786259541985,
    0.3095823095823096,
    0.6066066066066066,
    0.8246225319396051,
    0.7016129032258065
  ],
  "dev_error_rate": 31.805929919137466,
  "dev_macro_f1": 0.6387731268284988,
  "lambda1_mean": 1.0792488547465506,
  "lambda1_std": 0.19930403172690622,
  "lambda2_mean": 0.5605145723953047,
  "lambda2_std": 0.15112438416814328
}