{
  "event": "canada_wildfires_2016",
  "budget": 50,
  "seed_set": 1,
  "test_error_rate": 83.14606741573034,
  "test_macro_f1": 0.036057692307692304,
  "test_ece": 0.0006164436594823797,
  "test_per_class_f1": [
    0.0,
    0.28846153846153844,
    0.0,
    0.0,
    0.0,
    0.0,
    0.0,
    0.0
  ],
  "dev_error_rate": 82.89473684210526,
  "dev_macro_f1": 0.03651685393258427,
  "dev_ece": 0.0018968627248939773,
  "stopping_strategy": "baseline",
  "lambda1_mean": 0.5153169646242922,
  "lambda1_std": 0.43090012233336067,
  "lambda2_mean": 0.23235829813393247,
  "lambda2_std": 0.22243121926540887
}