{
  "event": "canada_wildfires_2016",
  "budget": 50,
  "seed_set": 1,
  "test_error_rate": 25.168539325842698,
  "test_macro_f1": 0.5990361732095528,
  "test_ece": 0.08462250801954381,
  "test_per_class_f1": [
    0.42857142857142855,
    0.8407643312101911,
    0.8214285714285714,
    0.3076923076923077,
    0.4369747899159664,
    0.2857142857142857,
    0.8774928774928775,
    0.7936507936507936
  ],
  "dev_error_rate": 19.298245614035093,
  "dev_macro_f1": 0.7123148279179378,
  "dev_ece": 0.05887613785371442,
  "stopping_strategy": "baseline",
  "lambda1_mean": 1.0164325893557906,
  "lambda1_std": 0.21865692457288274,
  "lambda2_mean": 0.662483495938001,
  "lambda2_std": 0.25263432806759273
}