{
  "event": "hurricane_maria_2017",
  "budget": 10,
  "seed_set": 2,
  "test_error_rate": 31.62274618585298,
  "test_macro_f1": 0.6526779531650801,
  "test_ece": 0.17877047152443165,
  "test_per_class_f1": [
    0.6055045871559633,
    0.684931506849315,
    0.832520325203252,
    0.9256198347107438,
    0.3333333333333333,
    0.4375,
    0.5845070422535211,
    0.8061224489795918,
    0.6640625
  ],
  "dev_error_rate": 29.78436657681941,
  "dev_macro_f1": 0.6805486247011194,
  "dev_ece": 0.1670326586119891,
  "stopping_strategy": "no_early_stopping",
  "lambda1_mean": 1.0961323583456082,
  "lambda1_std": 0.16704303496296585,
  "lambda2_mean": 0.6437248245834238,
  "lambda2_std": 0.14857861962887514
}