{
  "event": "hurricane_harvey_2017",
  "budget": 50,
  "seed_set": 1,
  "test_error_rate": 27.922437673130197,
  "test_macro_f1": 0.6726265267043696,
  "test_ece": 0.13046255820015462,
  "test_per_class_f1": [
    0.6180257510729614,
    0.8896321070234113,
    0.8152380952380952,
    0.8733333333333333,
    0.3431952662721893,
    0.5087719298245614,
    0.4365482233502538,
    0.828436018957346,
    0.7404580152671756
  ],
  "dev_error_rate": 30.355220667384287,
  "dev_macro_f1": 0.6595027924358761,
  "dev_ece": 0.14690803265674252,
  "stopping_strategy": "scaled_threshold",
  "lambda1_mean": 1.0892369718453276,
  "lambda1_std": 0.18134532154788108,
  "lambda2_mean": 0.5837569848247228,
  "lambda2_std": 0.15515100361821757
}