{
  "event": "hurricane_harvey_2017",
  "budget": 10,
  "seed_set": 1,
  "test_error_rate": 31.301939058171747,
  "test_macro_f1": 0.6313619481250599,
  "test_ece": 0.17842205739747785,
  "test_per_class_f1": [
    0.536,
    0.8297872340425532,
    0.7838383838383839,
    0.8716216216216216,
    0.3368421052631579,
    0.4162062615101289,
    0.38509316770186336,
    0.8246869409660107,
    0.6981818181818182
  ],
  "dev_error_rate": 30.139935414424112,
  "dev_macro_f1": 0.6490531656931993,
  "dev_ece": 0.1627176334385723,
  "stopping_strategy": "no_early_stopping",
  "lambda1_mean": 1.0867094717038286,
  "lambda1_std": 0.18146497428159356,
  "lambda2_mean": 0.5657248187877815,
  "lambda2_std": 0.15971020427484106
}