{
  "event": "hurricane_dorian_2019",
  "budget": 5,
  "seed_set": 2,
  "test_error_rate": 37.0026525198939,
  "test_macro_f1": 0.557155327385603,
  "test_per_class_f1": [
    0.6003110419906688,
    0.8832807570977917,
    0.5993485342019544,
    0.5384615384615384,
    0.5897435897435898,
    0.2513089005235602,
    0.0,
    0.7807017543859649,
    0.7712418300653595
  ],
  "dev_error_rate": 39.432989690721655,
  "dev_macro_f1": 0.5611995557174347,
  "lambda1_mean": 1.075825869865466,
  "lambda1_std": 0.2180702582486341,
  "lambda2_mean": 0.5571501103434237,
  "lambda2_std": 0.16436701315738936
}