{
  "event": "hurricane_maria_2017",
  "budget": 50,
  "seed_set": 3,
  "test_error_rate": 28.502080443828014,
  "test_macro_f1": 0.6833734947814287,
  "test_ece": 0.1596316452578599,
  "test_per_class_f1": [
    0.6422018348623854,
    0.7027027027027027,
    0.8695652173913043,
    0.90625,
    0.35064935064935066,
    0.4713114754098361,
    0.6797385620915033,
    0.8142493638676844,
    0.7136929460580913
  ],
  "dev_error_rate": 27.762803234501344,
  "dev_macro_f1": 0.6953268306158361,
  "dev_ece": 0.16584958083867382,
  "stopping_strategy": "weighted_macro_f1",
  "phase1_seed_strategy": "last",
  "phase1_best_epoch": null,
  "lambda1_mean": 0.9662879998048172,
  "lambda1_std": 0.26757345124169024,
  "lambda2_mean": 0.6951042192041514,
  "lambda2_std": 0.30444368825590085
}