{
  "event": "california_wildfires_2018",
  "budget": 25,
  "seed_set": 3,
  "test_error_rate": 29.22655715263518,
  "test_macro_f1": 0.6382912397818209,
  "test_per_class_f1": [
    0.4857142857142857,
    0.7471264367816092,
    0.6526315789473685,
    0.8849797023004059,
    0.6947368421052632,
    0.6506024096385542,
    0.441025641025641,
    0.3076923076923077,
    0.7984031936127745,
    0.72
  ],
  "dev_error_rate": 29.521276595744684,
  "dev_macro_f1": 0.6392522160073839,
  "lambda1_mean": 1.0672944079381048,
  "lambda1_std": 0.22260385897217727,
  "lambda2_mean": 0.5649773736649034,
  "lambda2_std": 0.17422732125057352
}