{
  "event": "cyclone_idai_2019",
  "budget": 5,
  "seed_set": 1,
  "test_error_rate": 22.59306803594352,
  "test_macro_f1": 0.5292200131417069,
  "test_per_class_f1": [
    0.38461538461538464,
    0.42857142857142855,
    0.8467153284671532,
    0.9080459770114943,
    0.0,
    0.2222222222222222,
    0.4634146341463415,
    0.38461538461538464,
    0.8713910761154856,
    0.782608695652174
  ],
  "dev_error_rate": 25.187032418952615,
  "dev_macro_f1": 0.5356345237788278,
  "lambda1_mean": 0.9982723692464105,
  "lambda1_std": 0.31143239883121726,
  "lambda2_mean": 0.5112083469999009,
  "lambda2_std": 0.20711389550972847
}