{
  "event": "canada_wildfires_2016",
  "budget": 5,
  "seed_set": 2,
  "test_error_rate": 31.910112359550556,
  "test_macro_f1": 0.5202439736291505,
  "test_ece": 0.0733949631117703,
  "test_per_class_f1": [
    0.32142857142857145,
    0.8407643312101911,
    0.8135593220338984,
    0.25806451612903225,
    0.4,
    0.0,
    0.7781350482315113,
    0.75
  ],
  "dev_error_rate": 29.385964912280706,
  "dev_macro_f1": 0.6098153178868351,
  "dev_ece": 0.0752751556012714,
  "lambda1_mean": 0.8439538457969005,
  "lambda1_std": 0.2175665389773859,
  "lambda2_mean": 0.15934184340276306,
  "lambda2_std": 0.07244513280122214
}