{
  "event": "hurricane_irma_2017",
  "budget": 50,
  "seed_set": 2,
  "test_error_rate": 31.41783029001074,
  "test_macro_f1": 0.6598633902160757,
  "test_ece": 0.16800899587563617,
  "test_per_class_f1": [
    0.6021505376344086,
    0.8719512195121951,
    0.8414322250639387,
    0.9373297002724795,
    0.5119453924914675,
    0.41219158200290273,
    0.3673469387755102,
    0.719626168224299,
    0.6747967479674797
  ],
  "dev_error_rate": 29.749478079331936,
  "dev_macro_f1": 0.6756589471315484,
  "dev_ece": 0.15824439704791493,
  "lambda1_mean": 0.9009073145990363,
  "lambda1_std": 0.1532357800208711,
  "lambda2_mean": 0.1784531983547954,
  "lambda2_std": 0.06239392954355521
}