{
  "event": "hurricane_florence_2018",
  "budget": 10,
  "seed_set": 1,
  "test_error_rate": 25.141015310233684,
  "test_macro_f1": 0.6561621386679931,
  "test_ece": 0.1640184422974429,
  "test_per_class_f1": [
    0.6985446985446986,
    0.8042704626334519,
    0.6134969325153374,
    0.9193548387096774,
    0.8490566037735849,
    0.37037037037037035,
    0.0,
    0.8481675392670157,
    0.8021978021978022
  ],
  "dev_error_rate": 23.63067292644757,
  "dev_macro_f1": 0.6651571407568249,
  "dev_ece": 0.14211765897106116,
  "stopping_strategy": "scaled_threshold",
  "phase1_seed_strategy": "last",
  "phase1_best_epoch": null,
  "lambda1_mean": 1.0495096352795523,
  "lambda1_std": 0.23829859290443742,
  "lambda2_mean": 0.5454429810431239,
  "lambda2_std": 0.1682979796958855
}