{
  "event": "kerala_floods_2018",
  "budget": 25,
  "seed_set": 1,
  "test_error_rate": 34.51327433628318,
  "test_macro_f1": 0.5357868966152587,
  "test_ece": 0.19137664964391976,
  "test_per_class_f1": [
    0.43373493975903615,
    0.18421052631578946,
    0.5777777777777777,
    0.8428571428571429,
    0.3867924528301887,
    0.3023255813953488,
    0.6326530612244898,
    0.8005284015852048,
    0.6612021857923497
  ],
  "dev_error_rate": 29.85257985257985,
  "dev_macro_f1": 0.5969093217608162,
  "dev_ece": 0.1630103559912862,
  "stopping_strategy": "no_early_stopping",
  "lambda1_mean": 1.0493663151132995,
  "lambda1_std": 0.24689267765675096,
  "lambda2_mean": 0.5474210133426657,
  "lambda2_std": 0.1828473006163602
}