{
  "event": "california_wildfires_2018",
  "budget": 50,
  "seed_set": 3,
  "test_error_rate": 29.705681040383304,
  "test_macro_f1": 0.6389101793559789,
  "test_per_class_f1": [
    0.5074626865671642,
    0.7926829268292683,
    0.6086956521739131,
    0.898936170212766,
    0.717391304347826,
    0.6056644880174292,
    0.4642857142857143,
    0.3116883116883117,
    0.7795918367346939,
    0.7027027027027027
  ],
  "dev_error_rate": 28.5904255319149,
  "dev_macro_f1": 0.6547948576982751,
  "lambda1_mean": 1.048463861184703,
  "lambda1_std": 0.2477836786690544,
  "lambda2_mean": 0.5797455744030986,
  "lambda2_std": 0.19679150343944563
}