{
  "event": "hurricane_florence_2018",
  "budget": 25,
  "seed_set": 2,
  "test_error_rate": 24.41579371474617,
  "test_macro_f1": 0.6696128493400451,
  "test_per_class_f1": [
    0.7058823529411765,
    0.8265682656826568,
    0.6129032258064516,
    0.926829268292683,
    0.8465346534653465,
    0.39245283018867927,
    0.0,
    0.8566493955094991,
    0.8586956521739131
  ],
  "dev_error_rate": 24.726134585289515,
  "dev_macro_f1": 0.6743339278363103,
  "lambda1_mean": 1.0788290151138635,
  "lambda1_std": 0.20261372789964432,
  "lambda2_mean": 0.5684308595985897,
  "lambda2_std": 0.1571450330185657
}