{
  "event": "hurricane_maria_2017",
  "budget": 10,
  "seed_set": 1,
  "test_error_rate": 34.46601941747572,
  "test_macro_f1": 0.5781975954359427,
  "test_ece": 0.10642654126336935,
  "test_per_class_f1": [
    0.26666666666666666,
    0.5952380952380952,
    0.8581081081081081,
    0.8943089430894309,
    0.24193548387096775,
    0.3543123543123543,
    0.5971830985915493,
    0.7819905213270142,
    0.6140350877192983
  ],
  "dev_error_rate": 31.132075471698116,
  "dev_macro_f1": 0.6336685975121228,
  "dev_ece": 0.1419048234217893,
  "stopping_strategy": "weighted_macro_f1",
  "phase1_seed_strategy": "last",
  "phase1_best_epoch": null,
  "lambda1_mean": 1.049310083629452,
  "lambda1_std": 0.1908275416959875,
  "lambda2_mean": 0.14445698724217884,
  "lambda2_std": 0.1417668149989785
}