{
  "event": "hurricane_dorian_2019",
  "budget": 50,
  "seed_set": 1,
  "test_error_rate": 36.53846153846154,
  "test_macro_f1": 0.5909760814932886,
  "test_ece": 0.10671396129604041,
  "test_per_class_f1": [
    0.5975609756097561,
    0.8973607038123167,
    0.6111111111111112,
    0.43902439024390244,
    0.5470588235294118,
    0.3847980997624703,
    0.2125,
    0.8181818181818182,
    0.8111888111888111
  ],
  "dev_error_rate": 37.75773195876289,
  "dev_macro_f1": 0.6132864642351192,
  "dev_ece": 0.1100527152380685,
  "stopping_strategy": "scaled_threshold",
  "phase1_seed_strategy": "last",
  "phase1_best_epoch": null,
  "lambda1_mean": 0.9959942586530338,
  "lambda1_std": 0.28440360453178787,
  "lambda2_mean": 0.5655701909282143,
  "lambda2_std": 0.23084495426828386
}