{
  "event": "hurricane_maria_2017",
  "budget": 25,
  "seed_set": 1,
  "test_error_rate": 31.276005547850204,
  "test_macro_f1": 0.6518610537015119,
  "test_per_class_f1": [
    0.625,
    0.7352941176470589,
    0.8478964401294499,
    0.890625,
    0.3,
    0.3412322274881517,
    0.6411764705882353,
    0.8188585607940446,
    0.6666666666666666
  ],
  "dev_error_rate": 29.919137466307276,
  "dev_macro_f1": 0.6808027074089208,
  "lambda1_mean": 1.0802030520379202,
  "lambda1_std": 0.19621958524965724,
  "lambda2_mean": 0.5698491747351587,
  "lambda2_std": 0.16247150128424492
}