{
  "event": "hurricane_maria_2017",
  "budget": 5,
  "seed_set": 1,
  "test_error_rate": 32.73231622746186,
  "test_macro_f1": 0.6405879663477527,
  "test_ece": 0.22524626734931333,
  "test_per_class_f1": [
    0.6666666666666666,
    0.676056338028169,
    0.8098360655737705,
    0.9491525423728814,
    0.32432432432432434,
    0.3054187192118227,
    0.5825242718446602,
    0.8109965635738832,
    0.6403162055335968
  ],
  "dev_error_rate": 32.47978436657682,
  "dev_macro_f1": 0.6429431351718259,
  "dev_ece": 0.228888976043768,
  "lambda1_mean": 0.8779584771968052,
  "lambda1_std": 0.169402929998695,
  "lambda2_mean": 0.17261551676003686,
  "lambda2_std": 0.06223268703742603
}