{
  "event": "canada_wildfires_2016",
  "budget": 5,
  "seed_set": 3,
  "test_error_rate": 23.146067415730343,
  "test_macro_f1": 0.5664483797672383,
  "test_ece": 0.09150423996903922,
  "test_per_class_f1": [
    0.38095238095238093,
    0.8758169934640523,
    0.9038461538461539,
    0.20408163265306123,
    0.47706422018348627,
    0.0,
    0.8961748633879781,
    0.7936507936507936
  ],
  "dev_error_rate": 21.92982456140351,
  "dev_macro_f1": 0.6944272705157255,
  "dev_ece": 0.09130442560764782,
  "stopping_strategy": "per_class_patience",
  "lambda1_mean": 0.9977351859516613,
  "lambda1_std": 0.21342670504243294,
  "lambda2_mean": 0.38302498330736084,
  "lambda2_std": 0.15633560559463983
}