{
  "event": "kaikoura_earthquake_2016",
  "budget": 25,
  "seed_set": 1,
  "test_error_rate": 22.988505747126442,
  "test_macro_f1": 0.690810351909191,
  "test_per_class_f1": [
    0.7272727272727273,
    0.8292682926829268,
    0.8421052631578947,
    0.8936170212765957,
    0.6133333333333333,
    0.528,
    0.0,
    0.8571428571428571,
    0.9265536723163842
  ],
  "dev_error_rate": 25.89285714285714,
  "dev_macro_f1": 0.6636904515030682,
  "lambda1_mean": 1.0055617580058736,
  "lambda1_std": 0.19394157895497696,
  "lambda2_mean": 0.45150621341785185,
  "lambda2_std": 0.15633214767154924
}