{
  "event": "california_wildfires_2018",
  "budget": 50,
  "seed_set": 3,
  "test_error_rate": 27.378507871321013,
  "test_macro_f1": 0.6629594583377088,
  "test_ece": 0.047501753161493646,
  "test_per_class_f1": [
    0.5245901639344263,
    0.7837837837837838,
    0.5925925925925926,
    0.897119341563786,
    0.7415730337078652,
    0.6613861386138614,
    0.48223350253807107,
    0.39215686274509803,
    0.8260038240917782,
    0.7281553398058253
  ],
  "dev_error_rate": 26.329787234042556,
  "dev_macro_f1": 0.651661099285598,
  "dev_ece": 0.06666493899327645,
  "stopping_strategy": "weighted_macro_f1",
  "phase1_seed_strategy": "last",
  "phase1_best_epoch": null,
  "lambda1_mean": 0.9211232944458296,
  "lambda1_std": 0.2938953548078691,
  "lambda2_mean": 0.596091479621103,
  "lambda2_std": 0.34043939084321473
}