{
  "event": "hurricane_dorian_2019",
  "budget": 10,
  "seed_set": 1,
  "test_error_rate": 38.726790450928384,
  "test_macro_f1": 0.554309424541634,
  "test_ece": 0.1598239260125382,
  "test_per_class_f1": [
    0.6037735849056604,
    0.8383561643835616,
    0.5974842767295597,
    0.3157894736842105,
    0.5763546798029556,
    0.25870646766169153,
    0.174496644295302,
    0.815,
    0.8088235294117647
  ],
  "dev_error_rate": 40.59278350515464,
  "dev_macro_f1": 0.5859178475101028,
  "dev_ece": 0.18747202128402352,
  "stopping_strategy": "weighted_macro_f1",
  "phase1_seed_strategy": "last",
  "phase1_best_epoch": null,
  "lambda1_mean": 1.0835873408377164,
  "lambda1_std": 0.2050936850290021,
  "lambda2_mean": 0.5991093567353166,
  "lambda2_std": 0.1600762195956047
}