{
  "event": "hurricane_irma_2017",
  "budget": 25,
  "seed_set": 1,
  "test_error_rate": 33.45864661654135,
  "test_macro_f1": 0.6400519486405609,
  "test_ece": 0.18513122191362558,
  "test_per_class_f1": [
    0.5899280575539568,
    0.7851002865329513,
    0.7800511508951407,
    0.9348441926345609,
    0.5255972696245734,
    0.42934782608695654,
    0.32098765432098764,
    0.7220447284345048,
    0.672566371681416
  ],
  "dev_error_rate": 34.65553235908142,
  "dev_macro_f1": 0.6321857332696185,
  "dev_ece": 0.19429438307663588,
  "stopping_strategy": "balanced_dev",
  "phase1_seed_strategy": "last",
  "phase1_best_epoch": null,
  "lambda1_mean": 1.0390982505546382,
  "lambda1_std": 0.24904719696528088,
  "lambda2_mean": 0.501605027254218,
  "lambda2_std": 0.16490764846510866
}