{
  "event": "hurricane_irma_2017",
  "budget": 5,
  "seed_set": 1,
  "test_error_rate": 34.64017185821697,
  "test_macro_f1": 0.627103547494875,
  "test_ece": 0.2526814822671749,
  "test_per_class_f1": [
    0.5844155844155844,
    0.8085106382978723,
    0.7542706964520368,
    0.9344729344729344,
    0.49056603773584906,
    0.3592085235920852,
    0.3333333333333333,
    0.7384615384615385,
    0.6406926406926406
  ],
  "dev_error_rate": 36.11691022964509,
  "dev_macro_f1": 0.6300777064146827,
  "dev_ece": 0.26039225740323235,
  "stopping_strategy": "weighted_macro_f1",
  "phase1_seed_strategy": "last",
  "phase1_best_epoch": null,
  "lambda1_mean": 1.0746757448233755,
  "lambda1_std": 0.22648862039462714,
  "lambda2_mean": 0.5647619025878281,
  "lambda2_std": 0.17229810030894044
}