{
  "event": "cyclone_idai_2019",
  "budget": 50,
  "seed_set": 3,
  "test_error_rate": 39.66623876765083,
  "test_macro_f1": 0.562120544809558,
  "test_ece": 0.07883445243321273,
  "test_per_class_f1": [
    0.45161290322580644,
    0.5294117647058824,
    0.7672955974842768,
    0.9101796407185628,
    0.75,
    0.2727272727272727,
    0.3333333333333333,
    0.3177570093457944,
    0.6195652173913043,
    0.6693227091633466
  ],
  "dev_error_rate": 36.65835411471322,
  "dev_macro_f1": 0.5506045371908865,
  "dev_ece": 0.13627152523940939,
  "stopping_strategy": "balanced_dev",
  "phase1_seed_strategy": "last",
  "phase1_best_epoch": null,
  "lambda1_mean": 0.9803664531436541,
  "lambda1_std": 0.2809515521454802,
  "lambda2_mean": 0.5891660162636703,
  "lambda2_std": 0.2713005956096465
}