{
  "event": "hurricane_maria_2017",
  "budget": 50,
  "seed_set": 2,
  "test_error_rate": 29.26490984743412,
  "test_macro_f1": 0.6689041399705911,
  "test_ece": 0.13977166904903815,
  "test_per_class_f1": [
    0.6363636363636364,
    0.6666666666666666,
    0.8665568369028006,
    0.8923076923076924,
    0.34965034965034963,
    0.4282655246252677,
    0.6956521739130435,
    0.8152866242038217,
    0.6693877551020408
  ],
  "dev_error_rate": 28.03234501347709,
  "dev_macro_f1": 0.6844312705379973,
  "dev_ece": 0.14278460328148385,
  "lambda1_mean": 0.8723850924522304,
  "lambda1_std": 0.1656435833575737,
  "lambda2_mean": 0.17944735255033498,
  "lambda2_std": 0.05921832802583072
}