{
  "event": "canada_wildfires_2016",
  "budget": 50,
  "seed_set": 1,
  "test_error_rate": 21.34831460674157,
  "test_macro_f1": 0.6360242828818364,
  "test_ece": 0.07070499323727042,
  "test_per_class_f1": [
    0.4782608695652174,
    0.875,
    0.8932038834951457,
    0.24242424242424243,
    0.5423728813559322,
    0.4,
    0.8950276243093923,
    0.7619047619047619
  ],
  "dev_error_rate": 17.543859649122805,
  "dev_macro_f1": 0.7155704215446863,
  "dev_ece": 0.0785971388482211,
  "stopping_strategy": "no_early_stopping",
  "lambda1_mean": 0.9480135286695975,
  "lambda1_std": 0.30081589144249204,
  "lambda2_mean": 0.43252194980299985,
  "lambda2_std": 0.21164483866025355
}