{
  "event": "hurricane_dorian_2019",
  "budget": 10,
  "seed_set": 2,
  "test_error_rate": 37.732095490716176,
  "test_macro_f1": 0.5930753408117236,
  "test_ece": 0.1840723502975876,
  "test_per_class_f1": [
    0.6281833616298812,
    0.877906976744186,
    0.5953177257525084,
    0.5161290322580645,
    0.576,
    0.34285714285714286,
    0.23684210526315788,
    0.7710144927536232,
    0.7934272300469484
  ],
  "dev_error_rate": 39.432989690721655,
  "dev_macro_f1": 0.5898983251183488,
  "dev_ece": 0.19578910004539585,
  "stopping_strategy": "balanced_dev",
  "phase1_seed_strategy": "last",
  "phase1_best_epoch": null,
  "lambda1_mean": 1.0738900797736712,
  "lambda1_std": 0.2069171821889029,
  "lambda2_mean": 0.4887863630888909,
  "lambda2_std": 0.16992736070591574
}