{
  "event": "hurricane_florence_2018",
  "budget": 25,
  "seed_set": 2,
  "test_error_rate": 24.41579371474617,
  "test_macro_f1": 0.6914582377344475,
  "test_ece": 0.09641739038043591,
  "test_per_class_f1": [
    0.7142857142857143,
    0.8362369337979094,
    0.6206896551724138,
    0.912,
    0.8528678304239401,
    0.39669421487603307,
    0.19047619047619047,
    0.8485915492957746,
    0.8512820512820513
  ],
  "dev_error_rate": 22.535211267605636,
  "dev_macro_f1": 0.7002537516755185,
  "dev_ece": 0.09597914713742403,
  "stopping_strategy": "scaled_threshold",
  "phase1_seed_strategy": "last",
  "phase1_best_epoch": null,
  "lambda1_mean": 1.0613769674010018,
  "lambda1_std": 0.19957062514560267,
  "lambda2_mean": 0.5099638543195033,
  "lambda2_std": 0.15079157102141064
}