{
  "event": "canada_wildfires_2016",
  "budget": 10,
  "seed_set": 2,
  "test_error_rate": 24.269662921348313,
  "test_macro_f1": 0.5966755814527186,
  "test_per_class_f1": [
    0.43243243243243246,
    0.8627450980392157,
    0.8288288288288288,
    0.21052631578947367,
    0.46551724137931033,
    0.2857142857142857,
    0.8876404494382022,
    0.8
  ],
  "dev_error_rate": 20.614035087719294,
  "dev_macro_f1": 0.652847630765176,
  "lambda1_mean": 1.0203627667318487,
  "lambda1_std": 0.24304709239242686,
  "lambda2_mean": 0.4779280403589307,
  "lambda2_std": 0.20713471743440812
}