{
  "event": "canada_wildfires_2016",
  "budget": 50,
  "seed_set": 2,
  "test_error_rate": 19.999999999999996,
  "test_macro_f1": 0.5963432885061033,
  "test_per_class_f1": [
    0.4,
    0.868421052631579,
    0.8867924528301887,
    0.3157894736842105,
    0.5950413223140496,
    0.0,
    0.9110512129380054,
    0.7936507936507936
  ],
  "dev_error_rate": 19.736842105263154,
  "dev_macro_f1": 0.6182788565601065,
  "lambda1_mean": 0.9480720594966016,
  "lambda1_std": 0.27928151209193736,
  "lambda2_mean": 0.4711260270170925,
  "lambda2_std": 0.238497496797948
}