{
  "event": "hurricane_florence_2018",
  "budget": 10,
  "seed_set": 2,
  "test_error_rate": 24.49637389202256,
  "test_macro_f1": 0.6586180655233229,
  "test_ece": 0.09317729369370231,
  "test_per_class_f1": [
    0.7203219315895373,
    0.8106060606060606,
    0.6303030303030303,
    0.926829268292683,
    0.8502415458937198,
    0.33636363636363636,
    0.0,
    0.8586387434554974,
    0.7942583732057417
  ],
  "dev_error_rate": 23.317683881064166,
  "dev_macro_f1": 0.6930123951928404,
  "dev_ece": 0.1120919276944162,
  "stopping_strategy": "balanced_dev",
  "phase1_seed_strategy": "last",
  "phase1_best_epoch": null,
  "lambda1_mean": 1.1011730020472847,
  "lambda1_std": 0.17500660021785258,
  "lambda2_mean": 0.5500680714693921,
  "lambda2_std": 0.13948240416134872
}