{
  "event": "hurricane_dorian_2019",
  "budget": 5,
  "seed_set": 1,
  "test_error_rate": 37.06896551724138,
  "test_macro_f1": 0.5442255187196481,
  "test_ece": 0.2445568818035746,
  "test_per_class_f1": [
    0.5918003565062389,
    0.8717948717948718,
    0.5816023738872403,
    0.375,
    0.6022471910112359,
    0.3101851851851852,
    0.0,
    0.7924528301886793,
    0.7729468599033816
  ],
  "dev_error_rate": 38.91752577319587,
  "dev_macro_f1": 0.5801006062367831,
  "dev_ece": 0.263275475903731,
  "stopping_strategy": "weighted_macro_f1",
  "phase1_seed_strategy": "last",
  "phase1_best_epoch": null,
  "lambda1_mean": 1.048088971985798,
  "lambda1_std": 0.24110593321312077,
  "lambda2_mean": 0.48958713345356514,
  "lambda2_std": 0.15533997911114308
}