{
  "event": "california_wildfires_2018",
  "budget": 50,
  "seed_set": 1,
  "test_error_rate": 28.40520191649555,
  "test_macro_f1": 0.6371160091941139,
  "test_ece": 0.10630104787173461,
  "test_per_class_f1": [
    0.5428571428571428,
    0.7471264367816092,
    0.583732057416268,
    0.8833333333333333,
    0.6181818181818182,
    0.7056530214424951,
    0.4585635359116022,
    0.3125,
    0.8181818181818182,
    0.7010309278350515
  ],
  "dev_error_rate": 29.122340425531913,
  "dev_macro_f1": 0.6380291000555101,
  "dev_ece": 0.11805840173458801,
  "stopping_strategy": "balanced_dev",
  "lambda1_mean": 1.0465759245795012,
  "lambda1_std": 0.19213104757766727,
  "lambda2_mean": 0.7527045381133206,
  "lambda2_std": 0.21777481914444488
}