{
  "event": "hurricane_harvey_2017",
  "budget": 50,
  "seed_set": 1,
  "test_error_rate": 29.584487534626035,
  "test_macro_f1": 0.6686650046561843,
  "test_ece": 0.13236221121288733,
  "test_per_class_f1": [
    0.6493506493506493,
    0.8680555555555556,
    0.796,
    0.8851351351351351,
    0.3755868544600939,
    0.4724689165186501,
    0.4397905759162304,
    0.8097928436911488,
    0.7218045112781954
  ],
  "dev_error_rate": 30.462863293864373,
  "dev_macro_f1": 0.6652012061521386,
  "dev_ece": 0.14330320271981165,
  "stopping_strategy": "scaled_threshold",
  "lambda1_mean": 1.0127559379043942,
  "lambda1_std": 0.23429415280794774,
  "lambda2_mean": 0.4851969796561943,
  "lambda2_std": 0.18536264748220493
}