{
  "event": "kerala_floods_2018",
  "budget": 50,
  "seed_set": 1,
  "test_error_rate": 31.479140328697852,
  "test_macro_f1": 0.5617053886325785,
  "test_ece": 0.08072595140047834,
  "test_per_class_f1": [
    0.4235294117647059,
    0.32432432432432434,
    0.5277777777777778,
    0.8289473684210527,
    0.417910447761194,
    0.4198895027624309,
    0.6048109965635738,
    0.8204795852235904,
    0.6876790830945558
  ],
  "dev_error_rate": 31.941031941031937,
  "dev_macro_f1": 0.5924441111763152,
  "dev_ece": 0.08070937018722513,
  "stopping_strategy": "scaled_threshold",
  "lambda1_mean": 0.9511358495875107,
  "lambda1_std": 0.2886658142449597,
  "lambda2_mean": 0.5605233118652219,
  "lambda2_std": 0.3095156750881851
}