{
  "event": "california_wildfires_2018",
  "budget": 50,
  "seed_set": 3,
  "test_error_rate": 29.431895961670087,
  "test_macro_f1": 0.6441714643233941,
  "test_ece": 0.10426593583630503,
  "test_per_class_f1": [
    0.5555555555555556,
    0.8198757763975155,
    0.6236559139784946,
    0.8946648426812586,
    0.6804123711340206,
    0.6666666666666666,
    0.4845360824742268,
    0.27956989247311825,
    0.7515923566878981,
    0.6851851851851852
  ],
  "dev_error_rate": 28.457446808510632,
  "dev_macro_f1": 0.648868855852476,
  "dev_ece": 0.11308330832485188,
  "stopping_strategy": "balanced_dev",
  "phase1_seed_strategy": "last",
  "phase1_best_epoch": null,
  "lambda1_mean": 0.9211232944458296,
  "lambda1_std": 0.2938953548078691,
  "lambda2_mean": 0.596091479621103,
  "lambda2_std": 0.34043939084321473
}