{
  "event": "cyclone_idai_2019",
  "budget": 10,
  "seed_set": 1,
  "test_error_rate": 28.626444159178433,
  "test_macro_f1": 0.5536772183756851,
  "test_ece": 0.11458098172988451,
  "test_per_class_f1": [
    0.52,
    0.31746031746031744,
    0.732824427480916,
    0.9146341463414634,
    0.3333333333333333,
    0.4,
    0.2702702702702703,
    0.40425531914893614,
    0.8287769784172662,
    0.8152173913043478
  ],
  "dev_error_rate": 31.92019950124688,
  "dev_macro_f1": 0.5330985365570297,
  "dev_ece": 0.12321776790809154,
  "stopping_strategy": "baseline",
  "lambda1_mean": 1.0754223862256258,
  "lambda1_std": 0.19935915680926153,
  "lambda2_mean": 0.652543001830302,
  "lambda2_std": 0.19596201575166036
}