{
  "event": "hurricane_florence_2018",
  "budget": 25,
  "seed_set": 1,
  "test_error_rate": 25.946817082997587,
  "test_macro_f1": 0.6800284485125655,
  "test_ece": 0.1344043493847228,
  "test_per_class_f1": [
    0.690744920993228,
    0.8321678321678322,
    0.5868263473053892,
    0.9193548387096774,
    0.8277634961439588,
    0.4075471698113208,
    0.1568627450980392,
    0.8520499108734403,
    0.8469387755102041
  ],
  "dev_error_rate": 26.447574334898285,
  "dev_macro_f1": 0.6769660131823642,
  "dev_ece": 0.1400190203309246,
  "stopping_strategy": "no_early_stopping",
  "lambda1_mean": 1.0602573067288334,
  "lambda1_std": 0.22332484674239728,
  "lambda2_mean": 0.5514730839591429,
  "lambda2_std": 0.179899396561637
}