{
  "event": "cyclone_idai_2019",
  "budget": 25,
  "seed_set": 1,
  "test_error_rate": 29.781771501925547,
  "test_macro_f1": 0.6105503545030814,
  "test_ece": 0.055618305816117874,
  "test_per_class_f1": [
    0.3611111111111111,
    0.625,
    0.8026315789473685,
    0.9028571428571428,
    0.6666666666666666,
    0.36363636363636365,
    0.39106145251396646,
    0.4,
    0.7789799072642968,
    0.8135593220338984
  ],
  "dev_error_rate": 30.42394014962594,
  "dev_macro_f1": 0.5391333727568103,
  "dev_ece": 0.06845967415859575,
  "stopping_strategy": "balanced_dev",
  "phase1_seed_strategy": "last",
  "phase1_best_epoch": null,
  "lambda1_mean": 0.9986350215949887,
  "lambda1_std": 0.2994045136514221,
  "lambda2_mean": 0.5564073178094738,
  "lambda2_std": 0.22066274783723122
}