{
  "event": "hurricane_irma_2017",
  "budget": 50,
  "seed_set": 1,
  "test_error_rate": 34.1031149301826,
  "test_macro_f1": 0.6366419908450758,
  "test_ece": 0.1970866384298794,
  "test_per_class_f1": [
    0.5904761904761905,
    0.8267477203647416,
    0.7853403141361257,
    0.9371428571428572,
    0.4919093851132686,
    0.4222222222222222,
    0.30612244897959184,
    0.7058823529411765,
    0.6639344262295082
  ],
  "dev_error_rate": 35.69937369519833,
  "dev_macro_f1": 0.6328068613500701,
  "dev_ece": 0.22304135548545823,
  "stopping_strategy": "balanced_dev",
  "lambda1_mean": 1.0705413404146076,
  "lambda1_std": 0.1735638950425615,
  "lambda2_mean": 0.7022741003842596,
  "lambda2_std": 0.17439730135218168
}