{
  "event": "kaikoura_earthquake_2016",
  "budget": 5,
  "seed_set": 1,
  "test_error_rate": 28.505747126436788,
  "test_macro_f1": 0.6870963468914755,
  "test_ece": 0.10558607776959736,
  "test_per_class_f1": [
    0.693069306930693,
    0.9142857142857143,
    0.8,
    0.9523809523809523,
    0.4411764705882353,
    0.42201834862385323,
    0.2857142857142857,
    0.8354430379746836,
    0.8397790055248618
  ],
  "dev_error_rate": 29.464285714285708,
  "dev_macro_f1": 0.6766739589403443,
  "dev_ece": 0.14864763717300128,
  "stopping_strategy": "per_class_patience",
  "lambda1_mean": 1.0512828863687629,
  "lambda1_std": 0.2261581036078175,
  "lambda2_mean": 0.5253030660484621,
  "lambda2_std": 0.19285498575730778
}