{
  "event": "kerala_floods_2018",
  "budget": 50,
  "seed_set": 3,
  "test_error_rate": 32.61694058154235,
  "test_macro_f1": 0.5698128857339696,
  "test_ece": 0.06061446602667024,
  "test_per_class_f1": [
    0.5,
    0.4666666666666667,
    0.547945205479452,
    0.8366013071895425,
    0.33136094674556216,
    0.3582887700534759,
    0.6266666666666667,
    0.81282722513089,
    0.6479591836734694
  ],
  "dev_error_rate": 28.869778869778873,
  "dev_macro_f1": 0.6402458317683553,
  "dev_ece": 0.07954864084940284,
  "stopping_strategy": "no_early_stopping",
  "lambda1_mean": 1.0047166463294974,
  "lambda1_std": 0.2640675116785318,
  "lambda2_mean": 0.4857673065694459,
  "lambda2_std": 0.19864740560988323
}