{
  "event": "hurricane_irma_2017",
  "budget": 50,
  "seed_set": 3,
  "test_error_rate": 31.52524167561761,
  "test_macro_f1": 0.6572628305843137,
  "test_ece": 0.12522839781229014,
  "test_per_class_f1": [
    0.6103286384976526,
    0.8211143695014663,
    0.8447368421052631,
    0.9307479224376731,
    0.4876325088339223,
    0.49635036496350365,
    0.3486238532110092,
    0.6981450252951096,
    0.6776859504132231
  ],
  "dev_error_rate": 30.89770354906054,
  "dev_macro_f1": 0.6616510198912333,
  "dev_ece": 0.12287707405946452,
  "lambda1_mean": 0.9064486805320195,
  "lambda1_std": 0.18035190418867048,
  "lambda2_mean": 0.194453348782152,
  "lambda2_std": 0.06943886553319785
}