{
  "event": "hurricane_harvey_2017",
  "budget": 5,
  "seed_set": 1,
  "test_error_rate": 33.40720221606648,
  "test_macro_f1": 0.6122051357590569,
  "test_ece": 0.14718397895385027,
  "test_per_class_f1": [
    0.5739130434782609,
    0.8613138686131386,
    0.7505720823798627,
    0.8827586206896552,
    0.3333333333333333,
    0.427255985267035,
    0.3492063492063492,
    0.8215919487648673,
    0.5099009900990099
  ],
  "dev_error_rate": 31.754574811625403,
  "dev_macro_f1": 0.6349729456357698,
  "dev_ece": 0.13237896003430574,
  "stopping_strategy": "no_early_stopping",
  "lambda1_mean": 1.0267366440803387,
  "lambda1_std": 0.2416987340263742,
  "lambda2_mean": 0.40873629847226717,
  "lambda2_std": 0.16790085654711265
}