{
  "event": "hurricane_florence_2018",
  "budget": 10,
  "seed_set": 3,
  "test_error_rate": 25.543916196615633,
  "test_macro_f1": 0.6832962429599085,
  "test_ece": 0.07667887957705119,
  "test_per_class_f1": [
    0.6834381551362684,
    0.8086642599277978,
    0.6229508196721312,
    0.926829268292683,
    0.84,
    0.390625,
    0.18181818181818182,
    0.8458781362007168,
    0.8494623655913979
  ],
  "dev_error_rate": 24.4131455399061,
  "dev_macro_f1": 0.6862779828406455,
  "dev_ece": 0.06982856049130962,
  "stopping_strategy": "no_early_stopping",
  "lambda1_mean": 1.057166143113562,
  "lambda1_std": 0.22397390307586615,
  "lambda2_mean": 0.5162732227394213,
  "lambda2_std": 0.16263741926166028
}