{
  "event": "kerala_floods_2018",
  "budget": 25,
  "seed_set": 1,
  "test_error_rate": 29.519595448798984,
  "test_macro_f1": 0.5555982177015825,
  "test_per_class_f1": [
    0.40963855421686746,
    0.23529411764705882,
    0.5357142857142857,
    0.8275862068965517,
    0.423963133640553,
    0.38064516129032255,
    0.65,
    0.8551895587321318,
    0.6823529411764706
  ],
  "dev_error_rate": 28.00982800982801,
  "dev_macro_f1": 0.6128848422268254,
  "lambda1_mean": 1.0674275830098563,
  "lambda1_std": 0.22501481734436166,
  "lambda2_mean": 0.5656031291824736,
  "lambda2_std": 0.17410354670012754
}