{
  "event": "hurricane_maria_2017",
  "budget": 10,
  "seed_set": 1,
  "test_error_rate": 31.900138696255198,
  "test_macro_f1": 0.6492202880337714,
  "test_per_class_f1": [
    0.66,
    0.7027027027027027,
    0.8137715179968701,
    0.9401709401709402,
    0.33093525179856115,
    0.2878411910669975,
    0.6163141993957704,
    0.819047619047619,
    0.6721991701244814
  ],
  "dev_error_rate": 32.21024258760108,
  "dev_macro_f1": 0.6407579748071102,
  "lambda1_mean": 1.087221914586614,
  "lambda1_std": 0.1947690175891027,
  "lambda2_mean": 0.5695348132335203,
  "lambda2_std": 0.16100970280794932
}