{
  "event": "hurricane_maria_2017",
  "budget": 25,
  "seed_set": 2,
  "test_error_rate": 31.692094313453534,
  "test_macro_f1": 0.6664822518009353,
  "test_ece": 0.1131528660386346,
  "test_per_class_f1": [
    0.7291666666666666,
    0.6753246753246753,
    0.8375209380234506,
    0.8656716417910447,
    0.3121951219512195,
    0.42299794661190965,
    0.6758620689655173,
    0.7936507936507936,
    0.6859504132231405
  ],
  "dev_error_rate": 30.99730458221024,
  "dev_macro_f1": 0.6712976166923932,
  "dev_ece": 0.11487396242162287,
  "stopping_strategy": "balanced_dev",
  "phase1_seed_strategy": "last",
  "phase1_best_epoch": null,
  "lambda1_mean": 0.9496065084024568,
  "lambda1_std": 0.2868716079285004,
  "lambda2_mean": 0.6185834055839613,
  "lambda2_std": 0.3084151637501356
}