{
  "event": "kaikoura_earthquake_2016",
  "budget": 5,
  "seed_set": 2,
  "test_error_rate": 27.816091954022994,
  "test_macro_f1": 0.659468133592162,
  "test_per_class_f1": [
    0.6820809248554913,
    0.8333333333333334,
    0.7973856209150327,
    0.9523809523809523,
    0.5121951219512195,
    0.464,
    0.0,
    0.8089887640449438,
    0.8848484848484849
  ],
  "dev_error_rate": 30.35714285714286,
  "dev_macro_f1": 0.6305989096782774,
  "lambda1_mean": 1.0072689509438477,
  "lambda1_std": 0.19789895534400148,
  "lambda2_mean": 0.3990158381863987,
  "lambda2_std": 0.15170429794930115
}