{
  "event": "hurricane_florence_2018",
  "budget": 5,
  "seed_set": 2,
  "test_error_rate": 24.73811442385173,
  "test_macro_f1": 0.6419757862747537,
  "test_ece": 0.1884416381646124,
  "test_per_class_f1": [
    0.723404255319149,
    0.7865168539325843,
    0.5955056179775281,
    0.8888888888888888,
    0.8480725623582767,
    0.25136612021857924,
    0.0,
    0.8611111111111112,
    0.8229166666666666
  ],
  "dev_error_rate": 23.78716744913928,
  "dev_macro_f1": 0.6547755415385,
  "dev_ece": 0.1709538609582307,
  "stopping_strategy": "balanced_dev",
  "phase1_seed_strategy": "last",
  "phase1_best_epoch": null,
  "lambda1_mean": 1.111263111865817,
  "lambda1_std": 0.15773683533054403,
  "lambda2_mean": 0.5912307137521771,
  "lambda2_std": 0.13463432389323035
}