{
  "event": "kaikoura_earthquake_2016",
  "budget": 25,
  "seed_set": 3,
  "test_error_rate": 25.977011494252878,
  "test_macro_f1": 0.7081321067574828,
  "test_ece": 0.12821290493011478,
  "test_per_class_f1": [
    0.7368421052631579,
    0.8484848484848485,
    0.8413793103448276,
    0.9767441860465116,
    0.5066666666666667,
    0.43243243243243246,
    0.3333333333333333,
    0.8433734939759037,
    0.8539325842696629
  ],
  "dev_error_rate": 28.125,
  "dev_macro_f1": 0.695076854680796,
  "dev_ece": 0.14293316073183499,
  "stopping_strategy": "no_early_stopping",
  "lambda1_mean": 0.9746923417506942,
  "lambda1_std": 0.24817078275750196,
  "lambda2_mean": 0.5694609625968837,
  "lambda2_std": 0.24235928432479142
}