{
  "event": "kerala_floods_2018",
  "budget": 25,
  "seed_set": 1,
  "test_error_rate": 37.10493046776233,
  "test_macro_f1": 0.5217189730793145,
  "test_ece": 0.14533667796669356,
  "test_per_class_f1": [
    0.3883495145631068,
    0.14814814814814814,
    0.592,
    0.8450704225352113,
    0.38524590163934425,
    0.29253731343283584,
    0.5952380952380952,
    0.7682843472317157,
    0.6805970149253732
  ],
  "dev_error_rate": 35.62653562653563,
  "dev_macro_f1": 0.5475674191991868,
  "dev_ece": 0.1487098819683752,
  "stopping_strategy": "balanced_dev",
  "phase1_seed_strategy": "last",
  "phase1_best_epoch": null,
  "lambda1_mean": 1.0493663151132995,
  "lambda1_std": 0.24689267765675096,
  "lambda2_mean": 0.5474210133426657,
  "lambda2_std": 0.1828473006163602
}