{
  "event": "hurricane_florence_2018",
  "budget": 5,
  "seed_set": 1,
  "test_error_rate": 25.221595487510072,
  "test_macro_f1": 0.6770712583094003,
  "test_ece": 0.15554492522592414,
  "test_per_class_f1": [
    0.7072243346007605,
    0.7806691449814126,
    0.5988023952095808,
    0.9322033898305084,
    0.8440366972477065,
    0.31155778894472363,
    0.26666666666666666,
    0.8504504504504504,
    0.8020304568527918
  ],
  "dev_error_rate": 23.78716744913928,
  "dev_macro_f1": 0.6791927079365465,
  "dev_ece": 0.14992248550267287,
  "stopping_strategy": "scaled_threshold",
  "phase1_seed_strategy": "last",
  "phase1_best_epoch": null,
  "lambda1_mean": 1.0937135646632337,
  "lambda1_std": 0.1809381158035125,
  "lambda2_mean": 0.5987200112826773,
  "lambda2_std": 0.14829684641653867
}