{
  "event": "kaikoura_earthquake_2016",
  "budget": 50,
  "seed_set": 1,
  "test_error_rate": 23.908045977011493,
  "test_macro_f1": 0.7002325361248101,
  "test_ece": 0.1166378539184044,
  "test_per_class_f1": [
    0.6909090909090909,
    0.8571428571428571,
    0.8656716417910447,
    1.0,
    0.6170212765957447,
    0.4881889763779528,
    0.0,
    0.8505747126436781,
    0.9325842696629213
  ],
  "dev_error_rate": 24.55357142857143,
  "dev_macro_f1": 0.6828907801646189,
  "dev_ece": 0.13875977561942177,
  "stopping_strategy": "baseline",
  "lambda1_mean": 0.9982561530124267,
  "lambda1_std": 0.20548429696840934,
  "lambda2_mean": 0.44236731703390475,
  "lambda2_std": 0.17909338517956452
}