{
  "event": "hurricane_irma_2017",
  "budget": 10,
  "seed_set": 2,
  "test_error_rate": 35.284640171858214,
  "test_macro_f1": 0.6239233304081293,
  "test_ece": 0.17265347793906377,
  "test_per_class_f1": [
    0.574468085106383,
    0.8597560975609756,
    0.7736318407960199,
    0.9291784702549575,
    0.424,
    0.42857142857142855,
    0.265625,
    0.6782608695652174,
    0.6818181818181818
  ],
  "dev_error_rate": 34.34237995824635,
  "dev_macro_f1": 0.6373592639696725,
  "dev_ece": 0.18182636943639946,
  "stopping_strategy": "per_class_patience",
  "lambda1_mean": 1.0126028809408911,
  "lambda1_std": 0.2858343572280434,
  "lambda2_mean": 0.45292044848231644,
  "lambda2_std": 0.19464963739019994
}