{
  "event": "california_wildfires_2018",
  "budget": 25,
  "seed_set": 3,
  "test_error_rate": 30.04791238877481,
  "test_macro_f1": 0.6249258687382463,
  "test_ece": 0.05685227421927666,
  "test_per_class_f1": [
    0.5074626865671642,
    0.7411764705882353,
    0.5849056603773585,
    0.8900804289544236,
    0.66,
    0.6268656716417911,
    0.4262295081967213,
    0.3508771929824561,
    0.8151093439363817,
    0.646551724137931
  ],
  "dev_error_rate": 30.984042553191493,
  "dev_macro_f1": 0.6162496887823659,
  "dev_ece": 0.05655940709278937,
  "stopping_strategy": "balanced_dev",
  "phase1_seed_strategy": "last",
  "phase1_best_epoch": null,
  "lambda1_mean": 0.9977344638463737,
  "lambda1_std": 0.25993879126644814,
  "lambda2_mean": 0.6544160687376717,
  "lambda2_std": 0.26104447145130205
}