{
  "event": "hurricane_harvey_2017",
  "budget": 5,
  "seed_set": 2,
  "test_error_rate": 31.966759002770083,
  "test_macro_f1": 0.6331765850273372,
  "test_ece": 0.24750305445570694,
  "test_per_class_f1": [
    0.6108786610878661,
    0.8,
    0.7252336448598131,
    0.8896797153024911,
    0.3709677419354839,
    0.28509719222462204,
    0.4722222222222222,
    0.8399646330680813,
    0.7045454545454546
  ],
  "dev_error_rate": 33.90742734122713,
  "dev_macro_f1": 0.6079245934799206,
  "dev_ece": 0.262578783462584,
  "stopping_strategy": "balanced_dev",
  "phase1_seed_strategy": "last",
  "phase1_best_epoch": null,
  "lambda1_mean": 1.1124192599576603,
  "lambda1_std": 0.15989097111847952,
  "lambda2_mean": 0.6226902352196874,
  "lambda2_std": 0.14598018122190506
}