{
  "event": "canada_wildfires_2016",
  "budget": 25,
  "seed_set": 1,
  "test_error_rate": 23.820224719101123,
  "test_macro_f1": 0.6033601265011828,
  "test_per_class_f1": [
    0.43902439024390244,
    0.8711656441717791,
    0.8867924528301887,
    0.2608695652173913,
    0.48214285714285715,
    0.25,
    0.8793103448275862,
    0.7575757575757576
  ],
  "dev_error_rate": 21.49122807017544,
  "dev_macro_f1": 0.6800877243313973,
  "lambda1_mean": 0.9852324031175894,
  "lambda1_std": 0.2625889832745928,
  "lambda2_mean": 0.48175934275280524,
  "lambda2_std": 0.20786295647213518
}