{
  "event": "canada_wildfires_2016",
  "budget": 5,
  "seed_set": 2,
  "test_error_rate": 23.820224719101123,
  "test_macro_f1": 0.548391444189757,
  "test_ece": 0.07905316570501651,
  "test_per_class_f1": [
    0.25,
    0.8834355828220859,
    0.8392857142857143,
    0.2564102564102564,
    0.528,
    0.0,
    0.88,
    0.75
  ],
  "dev_error_rate": 22.368421052631582,
  "dev_macro_f1": 0.6543182722201146,
  "dev_ece": 0.08768719232134653,
  "stopping_strategy": "no_early_stopping",
  "lambda1_mean": 0.9215463267917372,
  "lambda1_std": 0.29756699581939566,
  "lambda2_mean": 0.38298025099983396,
  "lambda2_std": 0.1923710949889235
}