{
  "event": "california_wildfires_2018",
  "budget": 10,
  "seed_set": 3,
  "test_error_rate": 29.089664613278575,
  "test_macro_f1": 0.6375691052281908,
  "test_ece": 0.10733612023503056,
  "test_per_class_f1": [
    0.5671641791044776,
    0.7738095238095238,
    0.5201793721973094,
    0.8900662251655629,
    0.7341772151898734,
    0.6181818181818182,
    0.49746192893401014,
    0.24615384615384617,
    0.8155339805825242,
    0.7129629629629629
  ],
  "dev_error_rate": 28.324468085106382,
  "dev_macro_f1": 0.641599442739928,
  "dev_ece": 0.12101351850210354,
  "stopping_strategy": "scaled_threshold",
  "phase1_seed_strategy": "last",
  "phase1_best_epoch": null,
  "lambda1_mean": 1.0266077813805417,
  "lambda1_std": 0.24411977492935574,
  "lambda2_mean": 0.503180780262882,
  "lambda2_std": 0.18731959100937046
}