{
  "event": "cyclone_idai_2019",
  "budget": 50,
  "seed_set": 1,
  "test_error_rate": 34.53145057766367,
  "test_macro_f1": 0.5742895704969351,
  "test_ece": 0.08777209584611982,
  "test_per_class_f1": [
    0.35294117647058826,
    0.4074074074074074,
    0.7785234899328859,
    0.9195402298850575,
    0.8571428571428571,
    0.23076923076923078,
    0.30434782608695654,
    0.358974358974359,
    0.7397708674304418,
    0.7934782608695652
  ],
  "dev_error_rate": 34.413965087281795,
  "dev_macro_f1": 0.48140430140697577,
  "dev_ece": 0.09981345981731085,
  "stopping_strategy": "balanced_dev",
  "lambda1_mean": 0.981909752720095,
  "lambda1_std": 0.2880091837763698,
  "lambda2_mean": 0.624100331341421,
  "lambda2_std": 0.24136564451994338
}