{
  "event": "kaikoura_earthquake_2016",
  "budget": 5,
  "seed_set": 3,
  "test_error_rate": 25.057471264367813,
  "test_macro_f1": 0.6851484766387187,
  "test_ece": 0.12718252618422454,
  "test_per_class_f1": [
    0.7368421052631579,
    0.8484848484848485,
    0.8633093525179856,
    1.0,
    0.5142857142857142,
    0.5230769230769231,
    0.0,
    0.8045977011494253,
    0.8757396449704142
  ],
  "dev_error_rate": 28.57142857142857,
  "dev_macro_f1": 0.6858479222518005,
  "dev_ece": 0.15059058501252104,
  "stopping_strategy": "per_class_patience",
  "lambda1_mean": 1.0628543268751192,
  "lambda1_std": 0.22734083228181326,
  "lambda2_mean": 0.541975422893636,
  "lambda2_std": 0.18451257254905926
}