{
  "event": "california_wildfires_2018",
  "budget": 10,
  "seed_set": 2,
  "test_error_rate": 26.9678302532512,
  "test_macro_f1": 0.6083335987361557,
  "test_per_class_f1": [
    0.5517241379310345,
    0.7770700636942676,
    0.5959595959595959,
    0.9093298291721419,
    0.75,
    0.6926994906621392,
    0.30604982206405695,
    0.0,
    0.8447653429602888,
    0.6557377049180327
  ],
  "dev_error_rate": 26.329787234042556,
  "dev_macro_f1": 0.6160030479902381,
  "lambda1_mean": 1.0750542278285014,
  "lambda1_std": 0.2177180534478687,
  "lambda2_mean": 0.5527632599739972,
  "lambda2_std": 0.16675422434248474
}