{
  "event": "canada_wildfires_2016",
  "budget": 50,
  "seed_set": 1,
  "test_error_rate": 23.59550561797753,
  "test_macro_f1": 0.6029949379182509,
  "test_ece": 0.1024458153863971,
  "test_per_class_f1": [
    0.44,
    0.8834355828220859,
    0.88,
    0.3076923076923077,
    0.47863247863247865,
    0.18181818181818182,
    0.8857142857142857,
    0.7666666666666667
  ],
  "dev_error_rate": 20.175438596491226,
  "dev_macro_f1": 0.6961271778955,
  "dev_ece": 0.05102438571160295,
  "stopping_strategy": "scaled_threshold",
  "lambda1_mean": 0.9674168012467517,
  "lambda1_std": 0.2932983145191479,
  "lambda2_mean": 0.49329937950352093,
  "lambda2_std": 0.22618943191054586
}