{
  "event": "california_wildfires_2018",
  "budget": 50,
  "seed_set": 2,
  "test_error_rate": 27.036276522929505,
  "test_macro_f1": 0.6564896487575923,
  "test_ece": 0.11298219646434929,
  "test_per_class_f1": [
    0.45,
    0.7777777777777778,
    0.6739130434782609,
    0.910761154855643,
    0.7555555555555555,
    0.6666666666666666,
    0.46112600536193027,
    0.3188405797101449,
    0.8185483870967742,
    0.7317073170731707
  ],
  "dev_error_rate": 28.191489361702125,
  "dev_macro_f1": 0.6533012786029094,
  "dev_ece": 0.15141120660019686,
  "stopping_strategy": "balanced_dev",
  "phase1_seed_strategy": "last",
  "phase1_best_epoch": null,
  "lambda1_mean": 0.9848135902983683,
  "lambda1_std": 0.2661561656593867,
  "lambda2_mean": 0.6423295984049979,
  "lambda2_std": 0.263160987735825
}