{
  "event": "california_wildfires_2018",
  "budget": 10,
  "seed_set": 3,
  "test_error_rate": 27.65229295003422,
  "test_macro_f1": 0.6371078886095238,
  "test_per_class_f1": [
    0.576271186440678,
    0.7857142857142857,
    0.6354166666666666,
    0.897742363877822,
    0.7105263157894737,
    0.6909090909090909,
    0.40350877192982454,
    0.16326530612244897,
    0.8091603053435115,
    0.6985645933014354
  ],
  "dev_error_rate": 26.46276595744681,
  "dev_macro_f1": 0.643285936571901,
  "lambda1_mean": 1.081703165964103,
  "lambda1_std": 0.20717598765218578,
  "lambda2_mean": 0.5621576219811352,
  "lambda2_std": 0.16376721042582812
}