{
  "event": "california_wildfires_2018",
  "budget": 5,
  "seed_set": 3,
  "test_error_rate": 26.488706365503077,
  "test_macro_f1": 0.622389128149601,
  "test_per_class_f1": [
    0.5882352941176471,
    0.7540983606557377,
    0.6349206349206349,
    0.9028132992327366,
    0.696969696969697,
    0.6994906621392191,
    0.3250883392226148,
    0.11764705882352941,
    0.8312611012433393,
    0.6733668341708543
  ],
  "dev_error_rate": 26.196808510638302,
  "dev_macro_f1": 0.6029514637736987,
  "lambda1_mean": 1.0675625299695282,
  "lambda1_std": 0.22666228112554823,
  "lambda2_mean": 0.5598997735706474,
  "lambda2_std": 0.1738779201308628
}