{
  "event": "hurricane_harvey_2017",
  "budget": 50,
  "seed_set": 3,
  "test_error_rate": 28.80886426592798,
  "test_macro_f1": 0.6709025104249355,
  "test_ece": 0.07922320643290258,
  "test_per_class_f1": [
    0.6027397260273972,
    0.9209621993127147,
    0.8207171314741036,
    0.8912280701754386,
    0.3090128755364807,
    0.5060658578856152,
    0.42857142857142855,
    0.8257575757575758,
    0.7330677290836654
  ],
  "dev_error_rate": 28.63293864370291,
  "dev_macro_f1": 0.690619912386994,
  "dev_ece": 0.06634193026852683,
  "stopping_strategy": "balanced_dev",
  "phase1_seed_strategy": "last",
  "phase1_best_epoch": null,
  "lambda1_mean": 1.0008019638378942,
  "lambda1_std": 0.23648728789644385,
  "lambda2_mean": 0.7223316838354599,
  "lambda2_std": 0.2747871903983377
}