{
  "event": "hurricane_harvey_2017",
  "budget": 50,
  "seed_set": 1,
  "test_error_rate": 27.922437673130197,
  "test_macro_f1": 0.6710254353473042,
  "test_per_class_f1": [
    0.6504065040650406,
    0.862876254180602,
    0.81640625,
    0.8783783783783784,
    0.31901840490797545,
    0.5102040816326531,
    0.46153846153846156,
    0.8331762488218661,
    0.7072243346007605
  ],
  "dev_error_rate": 29.27879440258342,
  "dev_macro_f1": 0.6640295137565494,
  "lambda1_mean": 1.0841496630861498,
  "lambda1_std": 0.18699992967681325,
  "lambda2_mean": 0.58013610744449,
  "lambda2_std": 0.159330332884502
}