{
  "event": "kerala_floods_2018",
  "budget": 5,
  "seed_set": 1,
  "test_error_rate": 29.70922882427307,
  "test_macro_f1": 0.5644273911384665,
  "test_ece": 0.22789972835937433,
  "test_per_class_f1": [
    0.49230769230769234,
    0.37209302325581395,
    0.5166666666666667,
    0.7878787878787878,
    0.4079601990049751,
    0.3668639053254438,
    0.6561264822134387,
    0.8486997635933806,
    0.63125
  ],
  "dev_error_rate": 26.412776412776417,
  "dev_macro_f1": 0.607049186635297,
  "dev_ece": 0.2112554341774315,
  "stopping_strategy": "per_class_patience",
  "lambda1_mean": 1.0943906044209994,
  "lambda1_std": 0.1871833779187793,
  "lambda2_mean": 0.6335631942295544,
  "lambda2_std": 0.16079074473758206
}