{
  "event": "cyclone_idai_2019",
  "budget": 5,
  "seed_set": 1,
  "test_error_rate": 23.87676508344031,
  "test_macro_f1": 0.6228183430803165,
  "test_ece": 0.11632694332682275,
  "test_per_class_f1": [
    0.45,
    0.5238095238095238,
    0.7916666666666666,
    0.891566265060241,
    0.6666666666666666,
    0.43902439024390244,
    0.4166666666666667,
    0.3870967741935484,
    0.8678720445062587,
    0.7938144329896907
  ],
  "dev_error_rate": 28.6783042394015,
  "dev_macro_f1": 0.46523549998892577,
  "dev_ece": 0.1408253061652481,
  "stopping_strategy": "balanced_dev",
  "phase1_seed_strategy": "last",
  "phase1_best_epoch": null,
  "lambda1_mean": 1.0701220179023618,
  "lambda1_std": 0.21525007626785925,
  "lambda2_mean": 0.5852311188501165,
  "lambda2_std": 0.17978342450162482
}