{
  "event": "california_wildfires_2018",
  "budget": 5,
  "seed_set": 1,
  "test_error_rate": 30.527036276522935,
  "test_macro_f1": 0.58324843263445,
  "test_ece": 0.1468271143545768,
  "test_per_class_f1": [
    0.4126984126984127,
    0.6976744186046512,
    0.5869565217391305,
    0.8937823834196891,
    0.6764705882352942,
    0.657243816254417,
    0.32432432432432434,
    0.10810810810810811,
    0.8055009823182712,
    0.6697247706422018
  ],
  "dev_error_rate": 27.792553191489368,
  "dev_macro_f1": 0.6128862236333261,
  "dev_ece": 0.1583090410072436,
  "stopping_strategy": "no_early_stopping",
  "lambda1_mean": 0.510935195490708,
  "lambda1_std": 0.2225872660194812,
  "lambda2_mean": 0.6163829415721638,
  "lambda2_std": 0.20135897839526382
}