{
  "event": "california_wildfires_2018",
  "budget": 50,
  "seed_set": 2,
  "test_error_rate": 26.9678302532512,
  "test_macro_f1": 0.6617102970123103,
  "test_ece": 0.09959109681342906,
  "test_per_class_f1": [
    0.47619047619047616,
    0.7619047619047619,
    0.6666666666666666,
    0.9148099606815203,
    0.7857142857142857,
    0.6625766871165644,
    0.4603174603174603,
    0.3384615384615385,
    0.8161616161616162,
    0.7342995169082126
  ],
  "dev_error_rate": 28.058510638297875,
  "dev_macro_f1": 0.661020296127546,
  "dev_ece": 0.13035120375137382,
  "stopping_strategy": "weighted_macro_f1",
  "phase1_seed_strategy": "last",
  "phase1_best_epoch": null,
  "lambda1_mean": 0.9848135902983683,
  "lambda1_std": 0.2661561656593867,
  "lambda2_mean": 0.6423295984049979,
  "lambda2_std": 0.263160987735825
}