{
  "event": "hurricane_florence_2018",
  "budget": 5,
  "seed_set": 3,
  "test_error_rate": 26.99435938759065,
  "test_macro_f1": 0.6751531525723542,
  "test_ece": 0.07469016260720375,
  "test_per_class_f1": [
    0.757396449704142,
    0.7918088737201365,
    0.6875,
    0.9256198347107438,
    0.7786259541984732,
    0.4046692607003891,
    0.13793103448275862,
    0.7984344422700587,
    0.794392523364486
  ],
  "dev_error_rate": 26.76056338028169,
  "dev_macro_f1": 0.6784418080820627,
  "dev_ece": 0.06634888808492204,
  "lambda1_mean": 0.8534922022295851,
  "lambda1_std": 0.18479897553118746,
  "lambda2_mean": 0.17693301751744417,
  "lambda2_std": 0.06154903003573382
}