{
  "event": "hurricane_maria_2017",
  "budget": 5,
  "seed_set": 2,
  "test_error_rate": 31.414701803051315,
  "test_macro_f1": 0.6613797606137927,
  "test_ece": 0.2223219236413252,
  "test_per_class_f1": [
    0.6530612244897959,
    0.7352941176470589,
    0.822742474916388,
    0.9322033898305084,
    0.31724137931034485,
    0.4087912087912088,
    0.5705705705705706,
    0.8091236494597839,
    0.7033898305084746
  ],
  "dev_error_rate": 31.671159029649598,
  "dev_macro_f1": 0.661988362095889,
  "dev_ece": 0.22662761269232656,
  "stopping_strategy": "balanced_dev",
  "phase1_seed_strategy": "last",
  "phase1_best_epoch": null,
  "lambda1_mean": 1.0903623302186654,
  "lambda1_std": 0.17456649799816268,
  "lambda2_mean": 0.5825949403063364,
  "lambda2_std": 0.16147917787784394
}