{
  "event": "hurricane_florence_2018",
  "budget": 25,
  "seed_set": 3,
  "test_error_rate": 26.430298146655918,
  "test_macro_f1": 0.6769908167556015,
  "test_ece": 0.08065405999528696,
  "test_per_class_f1": [
    0.6845637583892618,
    0.7792207792207793,
    0.6187050359712231,
    0.9180327868852459,
    0.8421052631578947,
    0.4377358490566038,
    0.14285714285714285,
    0.8327402135231317,
    0.8369565217391305
  ],
  "dev_error_rate": 23.474178403755865,
  "dev_macro_f1": 0.7086349322602873,
  "dev_ece": 0.10210859663609606,
  "lambda1_mean": 0.8681679358822573,
  "lambda1_std": 0.17427032286161798,
  "lambda2_mean": 0.17643053240803286,
  "lambda2_std": 0.05791476947920474
}