{
  "event": "cyclone_idai_2019",
  "budget": 25,
  "seed_set": 1,
  "test_error_rate": 30.551989730423625,
  "test_macro_f1": 0.626167137155883,
  "test_ece": 0.09253147755186424,
  "test_per_class_f1": [
    0.375,
    0.5555555555555556,
    0.8,
    0.9142857142857143,
    0.8,
    0.4444444444444444,
    0.4,
    0.3783783783783784,
    0.7588424437299035,
    0.8351648351648352
  ],
  "dev_error_rate": 32.91770573566085,
  "dev_macro_f1": 0.5356037695957347,
  "dev_ece": 0.10867566606053095,
  "stopping_strategy": "no_early_stopping",
  "lambda1_mean": 0.9986350215949887,
  "lambda1_std": 0.2994045136514221,
  "lambda2_mean": 0.5564073178094738,
  "lambda2_std": 0.22066274783723122
}