{
  "event": "hurricane_florence_2018",
  "budget": 5,
  "seed_set": 3,
  "test_error_rate": 24.33521353746978,
  "test_macro_f1": 0.6548162427675546,
  "test_ece": 0.1791572932943426,
  "test_per_class_f1": [
    0.7161904761904762,
    0.803030303030303,
    0.6127167630057804,
    0.9333333333333333,
    0.8518518518518519,
    0.30456852791878175,
    0.0,
    0.8591549295774648,
    0.8125
  ],
  "dev_error_rate": 24.100156494522697,
  "dev_macro_f1": 0.6554226984229351,
  "dev_ece": 0.18096975835276324,
  "stopping_strategy": "scaled_threshold",
  "phase1_seed_strategy": "last",
  "phase1_best_epoch": null,
  "lambda1_mean": 1.1040146303078056,
  "lambda1_std": 0.17372312555791328,
  "lambda2_mean": 0.6376702361622436,
  "lambda2_std": 0.1559915436000519
}