{
  "event": "cyclone_idai_2019",
  "budget": 50,
  "seed_set": 3,
  "test_error_rate": 31.450577663671375,
  "test_macro_f1": 0.6126521098804967,
  "test_ece": 0.10767371851152266,
  "test_per_class_f1": [
    0.5263157894736842,
    0.5454545454545454,
    0.8026315789473685,
    0.896551724137931,
    0.8571428571428571,
    0.2564102564102564,
    0.3657142857142857,
    0.35514018691588783,
    0.7711598746081505,
    0.75
  ],
  "dev_error_rate": 30.673316708229425,
  "dev_macro_f1": 0.5646684548651911,
  "dev_ece": 0.12634388526478904,
  "stopping_strategy": "scaled_threshold",
  "phase1_seed_strategy": "last",
  "phase1_best_epoch": null,
  "lambda1_mean": 0.9803664531436541,
  "lambda1_std": 0.2809515521454802,
  "lambda2_mean": 0.5891660162636703,
  "lambda2_std": 0.2713005956096465
}