{
  "event": "hurricane_harvey_2017",
  "budget": 50,
  "seed_set": 2,
  "test_error_rate": 30.249307479224374,
  "test_macro_f1": 0.6597026225032042,
  "test_per_class_f1": [
    0.6097560975609756,
    0.8704318936877077,
    0.812,
    0.8881118881118881,
    0.3333333333333333,
    0.4665461121157324,
    0.40540540540540543,
    0.8124392614188533,
    0.7392996108949417
  ],
  "dev_error_rate": 30.355220667384287,
  "dev_macro_f1": 0.6707335902292512,
  "lambda1_mean": 1.0755243347977466,
  "lambda1_std": 0.211836250427001,
  "lambda2_mean": 0.5793149441304427,
  "lambda2_std": 0.17250282498163036
}