{
  "event": "hurricane_maria_2017",
  "budget": 25,
  "seed_set": 1,
  "test_error_rate": 29.680998613037445,
  "test_macro_f1": 0.6697111237536965,
  "test_ece": 0.14424922502239268,
  "test_per_class_f1": [
    0.6530612244897959,
    0.6582278481012658,
    0.8417618270799347,
    0.9344262295081968,
    0.3225806451612903,
    0.45491803278688525,
    0.6588235294117647,
    0.8072445019404916,
    0.6963562753036437
  ],
  "dev_error_rate": 28.706199460916437,
  "dev_macro_f1": 0.6948306394270616,
  "dev_ece": 0.14721806403600943,
  "stopping_strategy": "baseline",
  "lambda1_mean": 1.072957037966393,
  "lambda1_std": 0.20405191882532547,
  "lambda2_mean": 0.587983118448441,
  "lambda2_std": 0.18030026800456225
}