{
  "event": "kaikoura_earthquake_2016",
  "budget": 50,
  "seed_set": 2,
  "test_error_rate": 23.2183908045977,
  "test_macro_f1": 0.6998261214270287,
  "test_per_class_f1": [
    0.7127659574468085,
    0.8387096774193549,
    0.8776978417266187,
    1.0,
    0.5542168674698795,
    0.5528455284552846,
    0.0,
    0.8604651162790697,
    0.9017341040462428
  ],
  "dev_error_rate": 25.44642857142857,
  "dev_macro_f1": 0.6885013101013014,
  "lambda1_mean": 0.9659592291878808,
  "lambda1_std": 0.24248697725914384,
  "lambda2_mean": 0.4086413303472783,
  "lambda2_std": 0.19367960046216387
}