{
  "event": "hurricane_florence_2018",
  "budget": 10,
  "seed_set": 1,
  "test_error_rate": 25.221595487510072,
  "test_macro_f1": 0.656220475381628,
  "test_ece": 0.16246855602352778,
  "test_per_class_f1": [
    0.6985446985446986,
    0.8042704626334519,
    0.6086956521739131,
    0.928,
    0.8443396226415094,
    0.36585365853658536,
    0.0,
    0.8496503496503497,
    0.8066298342541437
  ],
  "dev_error_rate": 23.78716744913928,
  "dev_macro_f1": 0.6658076152485891,
  "dev_ece": 0.14660203177044645,
  "stopping_strategy": "weighted_macro_f1",
  "phase1_seed_strategy": "last",
  "phase1_best_epoch": null,
  "lambda1_mean": 1.0495096352795523,
  "lambda1_std": 0.23829859290443742,
  "lambda2_mean": 0.5454429810431239,
  "lambda2_std": 0.1682979796958855
}