{
  "event": "kaikoura_earthquake_2016",
  "budget": 50,
  "seed_set": 1,
  "test_error_rate": 25.51724137931034,
  "test_macro_f1": 0.7437560653926618,
  "test_ece": 0.09527904528310926,
  "test_per_class_f1": [
    0.6941176470588235,
    0.8571428571428571,
    0.8095238095238095,
    0.9545454545454546,
    0.5531914893617021,
    0.5,
    0.5454545454545454,
    0.8809523809523809,
    0.898876404494382
  ],
  "dev_error_rate": 25.0,
  "dev_macro_f1": 0.6843427654690157,
  "dev_ece": 0.12633094071809736,
  "stopping_strategy": "balanced_dev",
  "lambda1_mean": 0.6963469650926074,
  "lambda1_std": 0.2735189552167998,
  "lambda2_mean": 0.25458249516725695,
  "lambda2_std": 0.17651586972736502
}