{
  "event": "kerala_floods_2018",
  "budget": 25,
  "seed_set": 2,
  "test_error_rate": 33.05941845764855,
  "test_macro_f1": 0.5408737934285619,
  "test_per_class_f1": [
    0.4523809523809524,
    0.17391304347826086,
    0.5230769230769231,
    0.8333333333333334,
    0.3391812865497076,
    0.39215686274509803,
    0.6751054852320675,
    0.8141592920353983,
    0.6645569620253164
  ],
  "dev_error_rate": 31.081081081081084,
  "dev_macro_f1": 0.5914932427482269,
  "lambda1_mean": 1.089773949518254,
  "lambda1_std": 0.19761504830997495,
  "lambda2_mean": 0.5734392806667163,
  "lambda2_std": 0.15308854655755422
}