{
  "event": "hurricane_florence_2018",
  "budget": 50,
  "seed_set": 2,
  "test_error_rate": 25.624496373892026,
  "test_macro_f1": 0.674813349292891,
  "test_ece": 0.048259685084668,
  "test_per_class_f1": [
    0.7327586206896551,
    0.8181818181818182,
    0.6756756756756757,
    0.890625,
    0.8195876288659794,
    0.417910447761194,
    0.09302325581395349,
    0.8388278388278388,
    0.7867298578199052
  ],
  "dev_error_rate": 21.909233176838818,
  "dev_macro_f1": 0.7022682845692263,
  "dev_ece": 0.07374421473306855,
  "stopping_strategy": "per_class_patience",
  "lambda1_mean": 1.068267510999404,
  "lambda1_std": 0.1925794694830843,
  "lambda2_mean": 0.6256167265587784,
  "lambda2_std": 0.16931650019812408
}