{
  "event": "hurricane_harvey_2017",
  "budget": 10,
  "seed_set": 2,
  "test_error_rate": 31.246537396121887,
  "test_macro_f1": 0.6430374364117413,
  "test_ece": 0.1047625921604706,
  "test_per_class_f1": [
    0.592,
    0.8461538461538461,
    0.7351778656126482,
    0.8958333333333334,
    0.29743589743589743,
    0.42907801418439717,
    0.43956043956043955,
    0.8262910798122066,
    0.7258064516129032
  ],
  "dev_error_rate": 30.139935414424112,
  "dev_macro_f1": 0.6603801352332431,
  "dev_ece": 0.10744464548206431,
  "stopping_strategy": "per_class_patience",
  "lambda1_mean": 1.0523299901207033,
  "lambda1_std": 0.23909040681113122,
  "lambda2_mean": 0.4238979229911332,
  "lambda2_std": 0.2167526974793816
}