{
  "event": "kaikoura_earthquake_2016",
  "budget": 50,
  "seed_set": 3,
  "test_error_rate": 24.827586206896555,
  "test_macro_f1": 0.6849709609995187,
  "test_per_class_f1": [
    0.7272727272727273,
    0.8571428571428571,
    0.8307692307692308,
    0.9767441860465116,
    0.5,
    0.532258064516129,
    0.0,
    0.8314606741573034,
    0.9090909090909091
  ],
  "dev_error_rate": 22.76785714285714,
  "dev_macro_f1": 0.7130499711127003,
  "lambda1_mean": 0.9532290856169271,
  "lambda1_std": 0.24854350947269213,
  "lambda2_mean": 0.43888823939310995,
  "lambda2_std": 0.18909638820360367
}