{
  "event": "kerala_floods_2018",
  "budget": 50,
  "seed_set": 1,
  "test_error_rate": 31.22629582806574,
  "test_macro_f1": 0.5616804785969143,
  "test_ece": 0.11241170417343169,
  "test_per_class_f1": [
    0.40476190476190477,
    0.3181818181818182,
    0.5522388059701493,
    0.8299319727891157,
    0.375,
    0.457286432160804,
    0.6402877697841727,
    0.8221649484536082,
    0.6552706552706553
  ],
  "dev_error_rate": 30.466830466830462,
  "dev_macro_f1": 0.6068240598577372,
  "dev_ece": 0.11920646147880276,
  "stopping_strategy": "baseline",
  "lambda1_mean": 1.0702483844235222,
  "lambda1_std": 0.18295561031877192,
  "lambda2_mean": 0.6982408903534766,
  "lambda2_std": 0.20061690133485935
}