{
  "event": "hurricane_dorian_2019",
  "budget": 5,
  "seed_set": 2,
  "test_error_rate": 37.9973474801061,
  "test_macro_f1": 0.5566114913950999,
  "test_ece": 0.24533122005212846,
  "test_per_class_f1": [
    0.5964285714285714,
    0.8571428571428571,
    0.5633802816901409,
    0.4,
    0.5730994152046783,
    0.2676767676767677,
    0.16129032258064516,
    0.7933491686460807,
    0.7971360381861575
  ],
  "dev_error_rate": 39.046391752577314,
  "dev_macro_f1": 0.5850407207365805,
  "dev_ece": 0.2592530188717179,
  "stopping_strategy": "per_class_patience",
  "lambda1_mean": 1.0254751651269667,
  "lambda1_std": 0.2743935650904122,
  "lambda2_mean": 0.5954043766763948,
  "lambda2_std": 0.18991610854569418
}