{
  "event": "kerala_floods_2018",
  "budget": 50,
  "seed_set": 1,
  "test_error_rate": 30.530973451327437,
  "test_macro_f1": 0.5562224968468513,
  "test_ece": 0.08286662675751144,
  "test_per_class_f1": [
    0.4,
    0.3111111111111111,
    0.5652173913043478,
    0.8133333333333334,
    0.463768115942029,
    0.32996632996632996,
    0.61198738170347,
    0.8419071518193224,
    0.6687116564417178
  ],
  "dev_error_rate": 30.34398034398035,
  "dev_macro_f1": 0.5908599260503206,
  "dev_ece": 0.07247581248713947,
  "stopping_strategy": "scaled_threshold",
  "phase1_seed_strategy": "last",
  "phase1_best_epoch": null,
  "lambda1_mean": 0.931402225464861,
  "lambda1_std": 0.2975101907426563,
  "lambda2_mean": 0.5698287497167472,
  "lambda2_std": 0.32982131697733874
}