{
  "event": "kaikoura_earthquake_2016",
  "budget": 10,
  "seed_set": 3,
  "test_error_rate": 25.977011494252878,
  "test_macro_f1": 0.6754238868648145,
  "test_ece": 0.10715834594320975,
  "test_per_class_f1": [
    0.6946107784431138,
    0.8648648648648649,
    0.7966101694915254,
    0.9333333333333333,
    0.5714285714285714,
    0.5373134328358209,
    0.0,
    0.7766990291262136,
    0.903954802259887
  ],
  "dev_error_rate": 25.44642857142857,
  "dev_macro_f1": 0.6904928027926704,
  "dev_ece": 0.13353619391896898,
  "stopping_strategy": "scaled_threshold",
  "phase1_seed_strategy": "last",
  "phase1_best_epoch": null,
  "lambda1_mean": 1.088202431548378,
  "lambda1_std": 0.1395783540447831,
  "lambda2_mean": 0.5171185276428548,
  "lambda2_std": 0.11370316183049557
}