{
  "event": "kerala_floods_2018",
  "budget": 5,
  "seed_set": 3,
  "test_error_rate": 29.70922882427307,
  "test_macro_f1": 0.5540455968936073,
  "test_ece": 0.19253035690329323,
  "test_per_class_f1": [
    0.4745762711864407,
    0.3076923076923077,
    0.4897959183673469,
    0.8120300751879699,
    0.40860215053763443,
    0.34055727554179566,
    0.6482213438735178,
    0.8510888758092996,
    0.6538461538461539
  ],
  "dev_error_rate": 28.25552825552825,
  "dev_macro_f1": 0.5791098646601633,
  "dev_ece": 0.18947619379152533,
  "lambda1_mean": 0.8774279499173603,
  "lambda1_std": 0.1782323103666355,
  "lambda2_mean": 0.18195022601752897,
  "lambda2_std": 0.055761794047253725
}