{
  "event": "hurricane_dorian_2019",
  "budget": 25,
  "seed_set": 2,
  "test_error_rate": 36.07427055702917,
  "test_macro_f1": 0.5760008433450431,
  "test_ece": 0.11184665251434323,
  "test_per_class_f1": [
    0.5932203389830508,
    0.8731563421828908,
    0.6235955056179775,
    0.30434782608695654,
    0.561038961038961,
    0.4416135881104034,
    0.20202020202020202,
    0.7971360381861575,
    0.7878787878787878
  ],
  "dev_error_rate": 37.88659793814433,
  "dev_macro_f1": 0.5962679204903067,
  "dev_ece": 0.1317885131719186,
  "stopping_strategy": "per_class_patience",
  "lambda1_mean": 1.000452966928115,
  "lambda1_std": 0.2854599290293038,
  "lambda2_mean": 0.6719496414927344,
  "lambda2_std": 0.2588087147217037
}