{
  "event": "hurricane_maria_2017",
  "budget": 50,
  "seed_set": 3,
  "test_error_rate": 30.443828016643547,
  "test_macro_f1": 0.6651988231257827,
  "test_ece": 0.11072245461352156,
  "test_per_class_f1": [
    0.6326530612244898,
    0.676056338028169,
    0.8465430016863407,
    0.8992248062015504,
    0.32432432432432434,
    0.47388059701492535,
    0.6385964912280702,
    0.8025974025974026,
    0.6929133858267716
  ],
  "dev_error_rate": 27.49326145552561,
  "dev_macro_f1": 0.7029457741957742,
  "dev_ece": 0.09819949854095031,
  "stopping_strategy": "per_class_patience",
  "lambda1_mean": 0.9731403368007029,
  "lambda1_std": 0.2676777420148757,
  "lambda2_mean": 0.6879993310030048,
  "lambda2_std": 0.3067000913691922
}