{
  "event": "hurricane_harvey_2017",
  "budget": 5,
  "seed_set": 3,
  "test_error_rate": 33.57340720221607,
  "test_macro_f1": 0.6267774225345435,
  "test_ece": 0.25262114645041256,
  "test_per_class_f1": [
    0.6031746031746031,
    0.8456375838926175,
    0.7167630057803468,
    0.8768115942028986,
    0.3835616438356164,
    0.2657952069716776,
    0.44047619047619047,
    0.8249534450651769,
    0.6838235294117647
  ],
  "dev_error_rate": 34.230355220667384,
  "dev_macro_f1": 0.6271416614629568,
  "dev_ece": 0.25531520031240196,
  "stopping_strategy": "balanced_dev",
  "phase1_seed_strategy": "last",
  "phase1_best_epoch": null,
  "lambda1_mean": 1.117803186074454,
  "lambda1_std": 0.1339138736160144,
  "lambda2_mean": 0.6796305218850038,
  "lambda2_std": 0.1307899484716499
}