{
  "event": "kerala_floods_2018",
  "budget": 10,
  "seed_set": 2,
  "test_error_rate": 31.35271807838179,
  "test_macro_f1": 0.5475072428319309,
  "test_ece": 0.21505323444244684,
  "test_per_class_f1": [
    0.46875,
    0.25925925925925924,
    0.5,
    0.8169014084507042,
    0.36180904522613067,
    0.35751295336787564,
    0.6844444444444444,
    0.837378640776699,
    0.6415094339622641
  ],
  "dev_error_rate": 26.412776412776417,
  "dev_macro_f1": 0.6278318591908918,
  "dev_ece": 0.17498366120992181,
  "stopping_strategy": "no_early_stopping",
  "lambda1_mean": 1.0443251143345704,
  "lambda1_std": 0.22919034891846518,
  "lambda2_mean": 0.48865230812833543,
  "lambda2_std": 0.165082005748662
}