{
  "event": "hurricane_harvey_2017",
  "budget": 25,
  "seed_set": 2,
  "test_error_rate": 29.806094182825483,
  "test_macro_f1": 0.6692257762905851,
  "test_ece": 0.10193727183209889,
  "test_per_class_f1": [
    0.6419753086419753,
    0.8589743589743589,
    0.8,
    0.903448275862069,
    0.38461538461538464,
    0.4905008635578584,
    0.3876651982378855,
    0.8069164265129684,
    0.7489361702127659
  ],
  "dev_error_rate": 28.95586652314317,
  "dev_macro_f1": 0.6843867218843094,
  "dev_ece": 0.0846905078261738,
  "stopping_strategy": "scaled_threshold",
  "phase1_seed_strategy": "last",
  "phase1_best_epoch": null,
  "lambda1_mean": 1.0707724062397685,
  "lambda1_std": 0.21319915429309844,
  "lambda2_mean": 0.4855199246838084,
  "lambda2_std": 0.18145361941420857
}