{
  "event": "hurricane_dorian_2019",
  "budget": 5,
  "seed_set": 1,
  "test_error_rate": 37.40053050397878,
  "test_macro_f1": 0.5543274621296633,
  "test_per_class_f1": [
    0.5906542056074766,
    0.8753623188405797,
    0.5592705167173252,
    0.47058823529411764,
    0.5671641791044776,
    0.3542600896860987,
    0.0,
    0.7990314769975787,
    0.7726161369193154
  ],
  "dev_error_rate": 38.91752577319587,
  "dev_macro_f1": 0.5553353443687616,
  "lambda1_mean": 1.0802851591935805,
  "lambda1_std": 0.21676320928622198,
  "lambda2_mean": 0.5693112573640378,
  "lambda2_std": 0.16339088889146994
}