{
  "event": "hurricane_harvey_2017",
  "budget": 10,
  "seed_set": 3,
  "test_error_rate": 33.18559556786703,
  "test_macro_f1": 0.6361695530981507,
  "test_ece": 0.15853812512103213,
  "test_per_class_f1": [
    0.596078431372549,
    0.7670454545454546,
    0.8253275109170306,
    0.8904593639575972,
    0.3511450381679389,
    0.40540540540540543,
    0.37606837606837606,
    0.7904191616766467,
    0.7235772357723578
  ],
  "dev_error_rate": 33.79978471474704,
  "dev_macro_f1": 0.6386012202447088,
  "dev_ece": 0.1546409553552469,
  "stopping_strategy": "scaled_threshold",
  "phase1_seed_strategy": "last",
  "phase1_best_epoch": null,
  "lambda1_mean": 0.9746207118579439,
  "lambda1_std": 0.27842256147862204,
  "lambda2_mean": 0.385722027789219,
  "lambda2_std": 0.16069222754222134
}