{
  "event": "california_wildfires_2018",
  "budget": 10,
  "seed_set": 1,
  "test_error_rate": 27.58384668035592,
  "test_macro_f1": 0.5896894446480965,
  "test_per_class_f1": [
    0.42857142857142855,
    0.7469879518072289,
    0.6136363636363636,
    0.9076723016905072,
    0.6933333333333334,
    0.6901172529313233,
    0.2805755395683453,
    0.0,
    0.8378870673952641,
    0.6981132075471698
  ],
  "dev_error_rate": 26.46276595744681,
  "dev_macro_f1": 0.6020874409881201,
  "lambda1_mean": 1.0767334969472127,
  "lambda1_std": 0.21983453904997272,
  "lambda2_mean": 0.5591349962899577,
  "lambda2_std": 0.1683061254194467
}