{
  "event": "kaikoura_earthquake_2016",
  "budget": 50,
  "seed_set": 3,
  "test_error_rate": 27.126436781609197,
  "test_macro_f1": 0.7141889389064691,
  "test_ece": 0.1368833075309622,
  "test_per_class_f1": [
    0.735632183908046,
    0.8888888888888888,
    0.7703703703703704,
    0.8837209302325582,
    0.475,
    0.47540983606557374,
    0.46153846153846156,
    0.8860759493670886,
    0.851063829787234
  ],
  "dev_error_rate": 26.339285714285708,
  "dev_macro_f1": 0.707828873651942,
  "dev_ece": 0.11531521938741203,
  "stopping_strategy": "baseline",
  "lambda1_mean": 1.0249089282954669,
  "lambda1_std": 0.25249664562824964,
  "lambda2_mean": 0.6107605913677878,
  "lambda2_std": 0.2348776416330837
}