{
  "event": "canada_wildfires_2016",
  "budget": 5,
  "seed_set": 1,
  "test_error_rate": 26.516853932584272,
  "test_macro_f1": 0.5755720681814145,
  "test_ece": 0.13892050814092827,
  "test_per_class_f1": [
    0.34285714285714286,
    0.8098159509202454,
    0.831858407079646,
    0.3181818181818182,
    0.42718446601941745,
    0.4,
    0.8624338624338624,
    0.6122448979591837
  ],
  "dev_error_rate": 25.0,
  "dev_macro_f1": 0.6301225048100049,
  "dev_ece": 0.1442005383340936,
  "stopping_strategy": "baseline",
  "lambda1_mean": 1.0264867173085075,
  "lambda1_std": 0.2441288230187116,
  "lambda2_mean": 0.44660480330002134,
  "lambda2_std": 0.2294551218394283
}