{
  "event": "hurricane_dorian_2019",
  "budget": 25,
  "seed_set": 2,
  "test_error_rate": 35.94164456233422,
  "test_macro_f1": 0.5746442290664109,
  "test_ece": 0.12388205633990329,
  "test_per_class_f1": [
    0.5932203389830508,
    0.8771929824561403,
    0.6197183098591549,
    0.2692307692307692,
    0.5684754521963824,
    0.44820295983086683,
    0.20408163265306123,
    0.8019559902200489,
    0.7897196261682243
  ],
  "dev_error_rate": 37.75773195876289,
  "dev_macro_f1": 0.5985219156839487,
  "dev_ece": 0.13725794632871124,
  "stopping_strategy": "scaled_threshold",
  "phase1_seed_strategy": "last",
  "phase1_best_epoch": null,
  "lambda1_mean": 1.000452966928115,
  "lambda1_std": 0.2854599290293038,
  "lambda2_mean": 0.6719496414927344,
  "lambda2_std": 0.2588087147217037
}