{
  "event": "hurricane_maria_2017",
  "budget": 10,
  "seed_set": 2,
  "test_error_rate": 34.67406380027739,
  "test_macro_f1": 0.6233279245940404,
  "test_ece": 0.13837307571703453,
  "test_per_class_f1": [
    0.559322033898305,
    0.704225352112676,
    0.7821067821067821,
    0.9180327868852459,
    0.23853211009174313,
    0.350210970464135,
    0.6394984326018809,
    0.7617728531855956,
    0.65625
  ],
  "dev_error_rate": 32.884097035040426,
  "dev_macro_f1": 0.6524044350134331,
  "dev_ece": 0.141284310391971,
  "lambda1_mean": 0.857309481971043,
  "lambda1_std": 0.14902742757755244,
  "lambda2_mean": 0.168401430514847,
  "lambda2_std": 0.05004261992792022
}