{
  "event": "california_wildfires_2018",
  "budget": 50,
  "seed_set": 2,
  "test_error_rate": 27.65229295003422,
  "test_macro_f1": 0.63656045542243,
  "test_per_class_f1": [
    0.5306122448979592,
    0.7857142857142857,
    0.5857740585774058,
    0.8900949796472184,
    0.7529411764705882,
    0.6879194630872483,
    0.3356164383561644,
    0.2608695652173913,
    0.8273244781783681,
    0.7087378640776699
  ],
  "dev_error_rate": 28.457446808510632,
  "dev_macro_f1": 0.6265204825453199,
  "lambda1_mean": 1.042038009483336,
  "lambda1_std": 0.25260371643213164,
  "lambda2_mean": 0.5704938823700573,
  "lambda2_std": 0.20091076153448423
}