{
  "event": "hurricane_irma_2017",
  "budget": 25,
  "seed_set": 2,
  "test_error_rate": 31.57894736842105,
  "test_macro_f1": 0.6563375329959017,
  "test_per_class_f1": [
    0.608058608058608,
    0.8984615384615384,
    0.8169014084507042,
    0.9315068493150684,
    0.4876325088339223,
    0.397677793904209,
    0.3409090909090909,
    0.7455621301775148,
    0.680327868852459
  ],
  "dev_error_rate": 31.419624217119,
  "dev_macro_f1": 0.6608532312072914,
  "lambda1_mean": 1.0745442832984813,
  "lambda1_std": 0.21716888661022296,
  "lambda2_mean": 0.5689684745576227,
  "lambda2_std": 0.1722380796642695
}