{
  "event": "kaikoura_earthquake_2016",
  "budget": 50,
  "seed_set": 3,
  "test_error_rate": 24.36781609195402,
  "test_macro_f1": 0.7126903085145799,
  "test_ece": 0.10255635380744933,
  "test_per_class_f1": [
    0.7209302325581395,
    0.8888888888888888,
    0.8682170542635659,
    0.9333333333333333,
    0.5609756097560976,
    0.5203252032520326,
    0.2,
    0.8505747126436781,
    0.8709677419354839
  ],
  "dev_error_rate": 27.23214285714286,
  "dev_macro_f1": 0.7051863146825988,
  "dev_ece": 0.11243312446666616,
  "stopping_strategy": "weighted_macro_f1",
  "phase1_seed_strategy": "last",
  "phase1_best_epoch": null,
  "lambda1_mean": 1.0301337426455242,
  "lambda1_std": 0.23106885188307036,
  "lambda2_mean": 0.6113989258283427,
  "lambda2_std": 0.22519898583341244
}