{
  "event": "canada_wildfires_2016",
  "budget": 10,
  "seed_set": 1,
  "test_error_rate": 25.168539325842698,
  "test_macro_f1": 0.549555185531042,
  "test_ece": 0.0903089628460702,
  "test_per_class_f1": [
    0.43636363636363634,
    0.8860759493670886,
    0.8910891089108911,
    0.17391304347826086,
    0.3564356435643564,
    0.0,
    0.8833333333333333,
    0.7692307692307693
  ],
  "dev_error_rate": 21.92982456140351,
  "dev_macro_f1": 0.6485148751262644,
  "dev_ece": 0.09552467300703651,
  "stopping_strategy": "scaled_threshold",
  "phase1_seed_strategy": "last",
  "phase1_best_epoch": null,
  "lambda1_mean": 1.0760475605870385,
  "lambda1_std": 0.18259608941172376,
  "lambda2_mean": 0.6800155731973849,
  "lambda2_std": 0.18428973208564906
}