{
  "event": "hurricane_harvey_2017",
  "budget": 50,
  "seed_set": 1,
  "test_error_rate": 33.01939058171746,
  "test_macro_f1": 0.6394017758206694,
  "test_ece": 0.14626508242866007,
  "test_per_class_f1": [
    0.5982142857142857,
    0.8698630136986302,
    0.7834645669291339,
    0.891156462585034,
    0.30939226519337015,
    0.4816753926701571,
    0.34265734265734266,
    0.7596741344195519,
    0.7185185185185186
  ],
  "dev_error_rate": 33.04628632938643,
  "dev_macro_f1": 0.6472814135379636,
  "dev_ece": 0.1445159674396556,
  "stopping_strategy": "balanced_dev",
  "phase1_seed_strategy": "last",
  "phase1_best_epoch": null,
  "lambda1_mean": 1.0155164403797545,
  "lambda1_std": 0.24092401038473613,
  "lambda2_mean": 0.48687858272709716,
  "lambda2_std": 0.18873620987739137
}