{
  "event": "hurricane_maria_2017",
  "budget": 10,
  "seed_set": 2,
  "test_error_rate": 31.414701803051315,
  "test_macro_f1": 0.6530166015192861,
  "test_ece": 0.20000034087077914,
  "test_per_class_f1": [
    0.6363636363636364,
    0.6842105263157895,
    0.8368336025848142,
    0.9411764705882353,
    0.2814814814814815,
    0.3870967741935484,
    0.6226415094339622,
    0.8070175438596491,
    0.680327868852459
  ],
  "dev_error_rate": 28.57142857142857,
  "dev_macro_f1": 0.6869218525050286,
  "dev_ece": 0.17954661084635237,
  "stopping_strategy": "balanced_dev",
  "phase1_seed_strategy": "last",
  "phase1_best_epoch": null,
  "lambda1_mean": 1.0878678527606644,
  "lambda1_std": 0.1801200861934569,
  "lambda2_mean": 0.6364198862473784,
  "lambda2_std": 0.1585061596380453
}