{
  "event": "california_wildfires_2018",
  "budget": 25,
  "seed_set": 2,
  "test_error_rate": 26.351813826146476,
  "test_macro_f1": 0.6631261001507628,
  "test_ece": 0.09734493487914242,
  "test_per_class_f1": [
    0.4482758620689655,
    0.7898089171974523,
    0.6540284360189573,
    0.9110512129380054,
    0.7804878048780488,
    0.6654275092936803,
    0.45910290237467016,
    0.32653061224489793,
    0.837573385518591,
    0.7589743589743589
  ],
  "dev_error_rate": 27.26063829787234,
  "dev_macro_f1": 0.6668676094754182,
  "dev_ece": 0.11566289712456947,
  "stopping_strategy": "weighted_macro_f1",
  "phase1_seed_strategy": "last",
  "phase1_best_epoch": null,
  "lambda1_mean": 1.0650366719733313,
  "lambda1_std": 0.23477997260742292,
  "lambda2_mean": 0.5537140399133861,
  "lambda2_std": 0.17758188155255422
}