{
  "event": "cyclone_idai_2019",
  "budget": 10,
  "seed_set": 1,
  "test_error_rate": 21.694480102695767,
  "test_macro_f1": 0.4915296676186781,
  "test_per_class_f1": [
    0.19047619047619047,
    0.3,
    0.8,
    0.8633879781420765,
    0.0,
    0.1111111111111111,
    0.5060240963855421,
    0.43333333333333335,
    0.887434554973822,
    0.8235294117647058
  ],
  "dev_error_rate": 25.436408977556113,
  "dev_macro_f1": 0.5171002007209667,
  "lambda1_mean": 0.986797236918847,
  "lambda1_std": 0.3232893884784498,
  "lambda2_mean": 0.5065333970212282,
  "lambda2_std": 0.21170060670071
}