{
  "event": "canada_wildfires_2016",
  "budget": 25,
  "seed_set": 3,
  "test_error_rate": 23.370786516853936,
  "test_macro_f1": 0.6191062458108145,
  "test_per_class_f1": [
    0.3902439024390244,
    0.8860759493670886,
    0.8545454545454545,
    0.32432432432432434,
    0.5,
    0.2857142857142857,
    0.8786127167630058,
    0.8333333333333334
  ],
  "dev_error_rate": 22.368421052631582,
  "dev_macro_f1": 0.7331081092880223,
  "lambda1_mean": 1.0047977304234752,
  "lambda1_std": 0.2351544131948329,
  "lambda2_mean": 0.4929428613676332,
  "lambda2_std": 0.19978367416030637
}