{
  "event": "hurricane_florence_2018",
  "budget": 5,
  "seed_set": 3,
  "test_error_rate": 25.302175664786464,
  "test_macro_f1": 0.6475109647549737,
  "test_per_class_f1": [
    0.7013487475915221,
    0.7956204379562044,
    0.5989304812834224,
    0.9105691056910569,
    0.8454106280193237,
    0.29441624365482233,
    0.0,
    0.8505338078291815,
    0.8307692307692308
  ],
  "dev_error_rate": 22.848200312989043,
  "dev_macro_f1": 0.6691633427041654,
  "lambda1_mean": 1.0720925511336001,
  "lambda1_std": 0.2248920142133326,
  "lambda2_mean": 0.5643457558413285,
  "lambda2_std": 0.16729030871138414
}