{
  "event": "cyclone_idai_2019",
  "budget": 5,
  "seed_set": 3,
  "test_error_rate": 26.572528883183566,
  "test_macro_f1": 0.5818776960951253,
  "test_ece": 0.05463653600108792,
  "test_per_class_f1": [
    0.35714285714285715,
    0.5128205128205128,
    0.7862068965517242,
    0.9166666666666666,
    0.4,
    0.4230769230769231,
    0.45517241379310347,
    0.30612244897959184,
    0.8238719068413392,
    0.837696335078534
  ],
  "dev_error_rate": 29.925187032418954,
  "dev_macro_f1": 0.5077823026296929,
  "dev_ece": 0.08774578790563597,
  "stopping_strategy": "no_early_stopping",
  "lambda1_mean": 0.9859284462976369,
  "lambda1_std": 0.31590163880660127,
  "lambda2_mean": 0.5032469120217321,
  "lambda2_std": 0.21403635199553872
}