{
  "event": "cyclone_idai_2019",
  "budget": 25,
  "seed_set": 2,
  "test_error_rate": 27.72785622593068,
  "test_macro_f1": 0.5654048253896905,
  "test_per_class_f1": [
    0.32432432432432434,
    0.5405405405405406,
    0.7901234567901234,
    0.9162011173184358,
    0.4,
    0.3283582089552239,
    0.3387096774193548,
    0.43902439024390244,
    0.8254437869822485,
    0.7513227513227513
  ],
  "dev_error_rate": 29.675810473815456,
  "dev_macro_f1": 0.5045106387023294,
  "lambda1_mean": 0.9921057909998481,
  "lambda1_std": 0.3174830778322834,
  "lambda2_mean": 0.5025272209177393,
  "lambda2_std": 0.20816366499663114
}