{
  "event": "kaikoura_earthquake_2016",
  "budget": 25,
  "seed_set": 1,
  "test_error_rate": 24.13793103448276,
  "test_macro_f1": 0.6953760432749755,
  "test_ece": 0.11374761427956065,
  "test_per_class_f1": [
    0.7167630057803468,
    0.8648648648648649,
    0.8592592592592593,
    1.0,
    0.5842696629213483,
    0.49206349206349204,
    0.0,
    0.8372093023255814,
    0.903954802259887
  ],
  "dev_error_rate": 25.0,
  "dev_macro_f1": 0.68092749676632,
  "dev_ece": 0.11587533235017738,
  "lambda1_mean": 0.7914205599482512,
  "lambda1_std": 0.16645884110605855,
  "lambda2_mean": 0.14097128136204334,
  "lambda2_std": 0.060713525606451435
}