{
  "event": "hurricane_maria_2017",
  "budget": 25,
  "seed_set": 1,
  "test_error_rate": 29.403606102635226,
  "test_macro_f1": 0.6700809612980074,
  "test_ece": 0.16708856304376368,
  "test_per_class_f1": [
    0.6732673267326733,
    0.6419753086419753,
    0.840064620355412,
    0.9344262295081968,
    0.32786885245901637,
    0.45052631578947366,
    0.6626506024096386,
    0.8149100257069408,
    0.6850393700787402
  ],
  "dev_error_rate": 28.301886792452834,
  "dev_macro_f1": 0.6956598004451701,
  "dev_ece": 0.17238795178919786,
  "stopping_strategy": "no_early_stopping",
  "lambda1_mean": 1.072957037966393,
  "lambda1_std": 0.20405191882532547,
  "lambda2_mean": 0.587983118448441,
  "lambda2_std": 0.18030026800456225
}