{
  "event": "california_wildfires_2018",
  "budget": 50,
  "seed_set": 3,
  "test_error_rate": 29.637234770705,
  "test_macro_f1": 0.6344309111276603,
  "test_ece": 0.14204516680496831,
  "test_per_class_f1": [
    0.4927536231884058,
    0.7682926829268293,
    0.6413043478260869,
    0.8939597315436242,
    0.68,
    0.6457023060796646,
    0.47117794486215536,
    0.2962962962962963,
    0.7723577235772358,
    0.6824644549763034
  ],
  "dev_error_rate": 27.526595744680847,
  "dev_macro_f1": 0.6544344329817198,
  "dev_ece": 0.13627762347459788,
  "stopping_strategy": "no_early_stopping",
  "lambda1_mean": 0.9211232944458296,
  "lambda1_std": 0.2938953548078691,
  "lambda2_mean": 0.596091479621103,
  "lambda2_std": 0.34043939084321473
}