{
  "event": "hurricane_maria_2017",
  "budget": 50,
  "seed_set": 2,
  "test_error_rate": 29.126213592233007,
  "test_macro_f1": 0.6787536717278146,
  "test_ece": 0.1678698579580542,
  "test_per_class_f1": [
    0.631578947368421,
    0.7246376811594203,
    0.8604269293924466,
    0.8976377952755905,
    0.36363636363636365,
    0.42535787321063395,
    0.6936026936026936,
    0.8214285714285714,
    0.6904761904761905
  ],
  "dev_error_rate": 29.24528301886793,
  "dev_macro_f1": 0.6738706427789998,
  "dev_ece": 0.17504899131480572,
  "stopping_strategy": "weighted_macro_f1",
  "phase1_seed_strategy": "last",
  "phase1_best_epoch": null,
  "lambda1_mean": 1.060779429672463,
  "lambda1_std": 0.21315445568055544,
  "lambda2_mean": 0.5656887014661044,
  "lambda2_std": 0.17431865448117403
}