{
  "event": "hurricane_irma_2017",
  "budget": 25,
  "seed_set": 1,
  "test_error_rate": 33.45864661654135,
  "test_macro_f1": 0.6388007737141358,
  "test_per_class_f1": [
    0.6111111111111112,
    0.7878787878787878,
    0.7989203778677463,
    0.9347826086956522,
    0.5116279069767442,
    0.4497991967871486,
    0.234375,
    0.7022653721682848,
    0.7184466019417476
  ],
  "dev_error_rate": 32.35908141962421,
  "dev_macro_f1": 0.6552070752993048,
  "lambda1_mean": 1.0699102342764597,
  "lambda1_std": 0.2291163182618144,
  "lambda2_mean": 0.5752862048520184,
  "lambda2_std": 0.17311234738966072
}