{
  "event": "kaikoura_earthquake_2016",
  "budget": 5,
  "seed_set": 1,
  "test_error_rate": 24.597701149425287,
  "test_macro_f1": 0.7228612663142757,
  "test_per_class_f1": [
    0.7231638418079096,
    0.8421052631578947,
    0.8636363636363636,
    0.9767441860465116,
    0.4857142857142857,
    0.5196850393700787,
    0.3076923076923077,
    0.8674698795180723,
    0.9195402298850575
  ],
  "dev_error_rate": 30.35714285714286,
  "dev_macro_f1": 0.6432112608495006,
  "lambda1_mean": 1.0315753122895153,
  "lambda1_std": 0.18393206103553877,
  "lambda2_mean": 0.4661638438715652,
  "lambda2_std": 0.1434011385847308
}