{
  "event": "hurricane_florence_2018",
  "budget": 50,
  "seed_set": 1,
  "test_error_rate": 26.510878323932307,
  "test_macro_f1": 0.6697626506420842,
  "test_ece": 0.12613420821216012,
  "test_per_class_f1": [
    0.6989010989010989,
    0.8299319727891157,
    0.5952380952380952,
    0.896,
    0.8307692307692308,
    0.3665338645418327,
    0.16666666666666666,
    0.8477064220183487,
    0.7961165048543689
  ],
  "dev_error_rate": 25.19561815336463,
  "dev_macro_f1": 0.6884709357801445,
  "dev_ece": 0.11384179353340876,
  "stopping_strategy": "balanced_dev",
  "lambda1_mean": 1.0057484344122678,
  "lambda1_std": 0.24372660330540633,
  "lambda2_mean": 0.6183891159355756,
  "lambda2_std": 0.22682301870868862
}