{
  "event": "hurricane_dorian_2019",
  "budget": 10,
  "seed_set": 1,
  "test_error_rate": 37.46684350132627,
  "test_macro_f1": 0.544282432218015,
  "test_per_class_f1": [
    0.5963855421686747,
    0.8695652173913043,
    0.6,
    0.4444444444444444,
    0.5885167464114832,
    0.23157894736842105,
    0.0,
    0.8074245939675174,
    0.7606263982102909
  ],
  "dev_error_rate": 39.30412371134021,
  "dev_macro_f1": 0.5542225971802943,
  "lambda1_mean": 1.0783871132097451,
  "lambda1_std": 0.21994915224901357,
  "lambda2_mean": 0.57422470677545,
  "lambda2_std": 0.15976755704141407
}