{
  "event": "california_wildfires_2018",
  "budget": 25,
  "seed_set": 1,
  "test_error_rate": 28.54209445585215,
  "test_macro_f1": 0.6229475097276873,
  "test_ece": 0.039843444400744256,
  "test_per_class_f1": [
    0.5142857142857142,
    0.7898089171974523,
    0.6346153846153846,
    0.9047619047619048,
    0.6538461538461539,
    0.6871609403254972,
    0.3521594684385382,
    0.19672131147540983,
    0.7951807228915663,
    0.7009345794392523
  ],
  "dev_error_rate": 28.191489361702125,
  "dev_macro_f1": 0.6302148553472074,
  "dev_ece": 0.04725011255829893,
  "stopping_strategy": "weighted_macro_f1",
  "phase1_seed_strategy": "last",
  "phase1_best_epoch": null,
  "lambda1_mean": 0.9817179010453798,
  "lambda1_std": 0.28798076818169854,
  "lambda2_mean": 0.46895207956888,
  "lambda2_std": 0.21989206968936123
}