{
  "event": "canada_wildfires_2016",
  "budget": 50,
  "seed_set": 3,
  "test_error_rate": 23.370786516853936,
  "test_macro_f1": 0.6202323794984852,
  "test_ece": 0.08402518780713665,
  "test_per_class_f1": [
    0.37037037037037035,
    0.8662420382165605,
    0.8761904761904762,
    0.2926829268292683,
    0.4536082474226804,
    0.42857142857142855,
    0.9,
    0.7741935483870968
  ],
  "dev_error_rate": 21.49122807017544,
  "dev_macro_f1": 0.635892684658899,
  "dev_ece": 0.06514504381961984,
  "stopping_strategy": "balanced_dev",
  "phase1_seed_strategy": "last",
  "phase1_best_epoch": null,
  "lambda1_mean": 0.9990324485486936,
  "lambda1_std": 0.19878337592299564,
  "lambda2_mean": 0.8008599564351755,
  "lambda2_std": 0.24695402857799362
}