{
  "event": "hurricane_harvey_2017",
  "budget": 5,
  "seed_set": 3,
  "test_error_rate": 36.343490304709135,
  "test_macro_f1": 0.6182214118654205,
  "test_ece": 0.13814121469896587,
  "test_per_class_f1": [
    0.5932203389830508,
    0.7142857142857143,
    0.7413441955193483,
    0.8943661971830986,
    0.3787878787878788,
    0.3505535055350554,
    0.39814814814814814,
    0.7442827442827443,
    0.749003984063745
  ],
  "dev_error_rate": 35.6297093649085,
  "dev_macro_f1": 0.6279623929479451,
  "dev_ece": 0.11701309013674668,
  "lambda1_mean": 0.871092529290955,
  "lambda1_std": 0.15865842957957335,
  "lambda2_mean": 0.17774643979030547,
  "lambda2_std": 0.05213437754614452
}