{
  "event": "california_wildfires_2018",
  "budget": 5,
  "seed_set": 2,
  "test_error_rate": 27.241615331964407,
  "test_macro_f1": 0.610978558297346,
  "test_per_class_f1": [
    0.6,
    0.7344632768361582,
    0.6020408163265306,
    0.8944591029023746,
    0.746268656716418,
    0.7013888888888888,
    0.3197278911564626,
    0.0,
    0.8387096774193549,
    0.6727272727272727
  ],
  "dev_error_rate": 26.46276595744681,
  "dev_macro_f1": 0.6093120159377328,
  "lambda1_mean": 1.0802282952403996,
  "lambda1_std": 0.21538968093457433,
  "lambda2_mean": 0.5518595000525062,
  "lambda2_std": 0.16556805606311012
}