{
  "event": "canada_wildfires_2016",
  "budget": 10,
  "seed_set": 2,
  "test_error_rate": 24.269662921348313,
  "test_macro_f1": 0.5567269172470257,
  "test_ece": 0.0887060119194931,
  "test_per_class_f1": [
    0.4090909090909091,
    0.8679245283018868,
    0.8932038834951457,
    0.1702127659574468,
    0.42201834862385323,
    0.0,
    0.8913649025069638,
    0.8
  ],
  "dev_error_rate": 20.175438596491226,
  "dev_macro_f1": 0.6852943167521113,
  "dev_ece": 0.059936515986919424,
  "stopping_strategy": "scaled_threshold",
  "phase1_seed_strategy": "last",
  "phase1_best_epoch": null,
  "lambda1_mean": 1.050967098010502,
  "lambda1_std": 0.20391629500616065,
  "lambda2_mean": 0.5235223927237884,
  "lambda2_std": 0.1997400963845
}