{
  "event": "cyclone_idai_2019",
  "budget": 10,
  "seed_set": 3,
  "test_error_rate": 24.518613607188698,
  "test_macro_f1": 0.6092568625429918,
  "test_per_class_f1": [
    0.3333333333333333,
    0.6,
    0.8243243243243243,
    0.8957055214723927,
    0.5714285714285714,
    0.375,
    0.39520958083832336,
    0.4307692307692308,
    0.8539638386648123,
    0.8128342245989305
  ],
  "dev_error_rate": 25.6857855361596,
  "dev_macro_f1": 0.5230170353566825,
  "lambda1_mean": 1.0084197921544078,
  "lambda1_std": 0.28804712654072545,
  "lambda2_mean": 0.489552712198778,
  "lambda2_std": 0.20215775359766436
}