{
  "event": "hurricane_harvey_2017",
  "budget": 5,
  "seed_set": 2,
  "test_error_rate": 31.911357340720226,
  "test_macro_f1": 0.6344646025305086,
  "test_ece": 0.24472369721721743,
  "test_per_class_f1": [
    0.5983606557377049,
    0.8275862068965517,
    0.7204502814258912,
    0.9084507042253521,
    0.41044776119402987,
    0.23660714285714285,
    0.4413793103448276,
    0.8446771378708552,
    0.7222222222222222
  ],
  "dev_error_rate": 31.969860064585575,
  "dev_macro_f1": 0.6319602119585758,
  "dev_ece": 0.2479350970751246,
  "stopping_strategy": "weighted_macro_f1",
  "phase1_seed_strategy": "last",
  "phase1_best_epoch": null,
  "lambda1_mean": 1.117625460215146,
  "lambda1_std": 0.1493558494982265,
  "lambda2_mean": 0.6256260088358236,
  "lambda2_std": 0.13758062051103284
}