{
  "event": "hurricane_maria_2017",
  "budget": 5,
  "seed_set": 2,
  "test_error_rate": 30.721220527045766,
  "test_macro_f1": 0.6613024457156125,
  "test_per_class_f1": [
    0.6285714285714286,
    0.75,
    0.8338762214983714,
    0.896,
    0.34146341463414637,
    0.41002277904328016,
    0.6054054054054054,
    0.8114856429463171,
    0.6748971193415638
  ],
  "dev_error_rate": 29.514824797843666,
  "dev_macro_f1": 0.6742563719298875,
  "lambda1_mean": 1.086441247115617,
  "lambda1_std": 0.19219527309382964,
  "lambda2_mean": 0.5593557615463866,
  "lambda2_std": 0.15271841234809422
}