{
  "event": "hurricane_dorian_2019",
  "budget": 5,
  "seed_set": 3,
  "test_error_rate": 36.80371352785146,
  "test_macro_f1": 0.5941985280588841,
  "test_ece": 0.1323902110522243,
  "test_per_class_f1": [
    0.5867620751341681,
    0.8662790697674418,
    0.5848375451263538,
    0.5625,
    0.5967365967365967,
    0.3757828810020877,
    0.2028985507246377,
    0.8038740920096852,
    0.7681159420289855
  ],
  "dev_error_rate": 38.78865979381443,
  "dev_macro_f1": 0.5885217711126514,
  "dev_ece": 0.1594485426225613,
  "lambda1_mean": 0.8535796543365906,
  "lambda1_std": 0.17860495179667393,
  "lambda2_mean": 0.17292711220429635,
  "lambda2_std": 0.06074591779939449
}