{
  "event": "kerala_floods_2018",
  "budget": 10,
  "seed_set": 1,
  "test_error_rate": 30.72060682680152,
  "test_macro_f1": 0.5437207647309452,
  "test_ece": 0.22631720469513378,
  "test_per_class_f1": [
    0.4473684210526316,
    0.2545454545454545,
    0.5196850393700787,
    0.8120300751879699,
    0.36923076923076925,
    0.31736526946107785,
    0.6776859504132231,
    0.8419811320754716,
    0.6535947712418301
  ],
  "dev_error_rate": 28.132678132678134,
  "dev_macro_f1": 0.5944466507827582,
  "dev_ece": 0.20202927031446732,
  "stopping_strategy": "balanced_dev",
  "phase1_seed_strategy": "last",
  "phase1_best_epoch": null,
  "lambda1_mean": 1.1152035816525654,
  "lambda1_std": 0.13043917875928393,
  "lambda2_mean": 0.6654950061782993,
  "lambda2_std": 0.13416353251566238
}