{
  "event": "canada_wildfires_2016",
  "budget": 10,
  "seed_set": 3,
  "test_error_rate": 19.999999999999996,
  "test_macro_f1": 0.6095247733731464,
  "test_ece": 0.13664810476678138,
  "test_per_class_f1": [
    0.4864864864864865,
    0.8819875776397516,
    0.9038461538461539,
    0.32558139534883723,
    0.5833333333333334,
    0.0,
    0.9080779944289693,
    0.7868852459016393
  ],
  "dev_error_rate": 21.92982456140351,
  "dev_macro_f1": 0.587888351525995,
  "dev_ece": 0.09975212498715048,
  "stopping_strategy": "per_class_patience",
  "lambda1_mean": 0.6798775112036597,
  "lambda1_std": 0.334384936317757,
  "lambda2_mean": 0.23192766238849266,
  "lambda2_std": 0.12869203116890313
}