{
  "event": "canada_wildfires_2016",
  "budget": 25,
  "seed_set": 2,
  "test_error_rate": 26.516853932584272,
  "test_macro_f1": 0.5703085441940975,
  "test_per_class_f1": [
    0.29508196721311475,
    0.8535031847133758,
    0.8679245283018868,
    0.2857142857142857,
    0.39215686274509803,
    0.2222222222222222,
    0.881159420289855,
    0.7647058823529411
  ],
  "dev_error_rate": 23.245614035087712,
  "dev_macro_f1": 0.6469692018948214,
  "lambda1_mean": 0.9666272863398438,
  "lambda1_std": 0.27884537940111365,
  "lambda2_mean": 0.4646465167786644,
  "lambda2_std": 0.22456357873948077
}