{
  "event": "hurricane_harvey_2017",
  "budget": 50,
  "seed_set": 3,
  "test_error_rate": 28.254847645429358,
  "test_macro_f1": 0.6710116046609418,
  "test_ece": 0.053948217646897306,
  "test_per_class_f1": [
    0.6334841628959276,
    0.9142857142857143,
    0.8396039603960396,
    0.8741721854304636,
    0.3870967741935484,
    0.43656716417910446,
    0.4533333333333333,
    0.8403669724770643,
    0.6601941747572816
  ],
  "dev_error_rate": 28.31001076426265,
  "dev_macro_f1": 0.6740564746353724,
  "dev_ece": 0.05212173390375653,
  "lambda1_mean": 0.9173437082279159,
  "lambda1_std": 0.16663773275419527,
  "lambda2_mean": 0.1971041785139337,
  "lambda2_std": 0.06822584097088867
}