{
  "event": "hurricane_maria_2017",
  "budget": 25,
  "seed_set": 1,
  "test_error_rate": 29.958391123439664,
  "test_macro_f1": 0.6617352308516908,
  "test_ece": 0.11606525211244946,
  "test_per_class_f1": [
    0.6868686868686869,
    0.6578947368421053,
    0.8494983277591973,
    0.8769230769230769,
    0.3235294117647059,
    0.40789473684210525,
    0.6708074534161491,
    0.8155339805825242,
    0.6666666666666666
  ],
  "dev_error_rate": 28.975741239892184,
  "dev_macro_f1": 0.6692690592839242,
  "dev_ece": 0.11839037135524566,
  "lambda1_mean": 0.9251546460846499,
  "lambda1_std": 0.1596917334103411,
  "lambda2_mean": 0.19017056930160053,
  "lambda2_std": 0.06520892644286741
}