{
  "event": "kerala_floods_2018",
  "budget": 5,
  "seed_set": 2,
  "test_error_rate": 29.646017699115045,
  "test_macro_f1": 0.555559858010789,
  "test_ece": 0.22745091689446784,
  "test_per_class_f1": [
    0.4838709677419355,
    0.26666666666666666,
    0.5299145299145299,
    0.8260869565217391,
    0.3838383838383838,
    0.3812154696132597,
    0.6363636363636364,
    0.8469208211143695,
    0.6451612903225806
  ],
  "dev_error_rate": 26.167076167076164,
  "dev_macro_f1": 0.6253542868511881,
  "dev_ece": 0.1999565197809322,
  "stopping_strategy": "per_class_patience",
  "lambda1_mean": 1.0580219391369794,
  "lambda1_std": 0.22056624709568265,
  "lambda2_mean": 0.5549649181441503,
  "lambda2_std": 0.1748054171638522
}