{
  "event": "hurricane_harvey_2017",
  "budget": 25,
  "seed_set": 1,
  "test_error_rate": 28.86426592797784,
  "test_macro_f1": 0.6679609017238435,
  "test_per_class_f1": [
    0.6581196581196581,
    0.8872727272727273,
    0.8014842300556586,
    0.8758620689655172,
    0.3891402714932127,
    0.43873517786561267,
    0.4431137724550898,
    0.8272727272727273,
    0.6906474820143885
  ],
  "dev_error_rate": 28.31001076426265,
  "dev_macro_f1": 0.6820565808809179,
  "lambda1_mean": 1.072337993745065,
  "lambda1_std": 0.22678155905703182,
  "lambda2_mean": 0.5822786730689131,
  "lambda2_std": 0.1704773738323103
}