{
  "event": "hurricane_dorian_2019",
  "budget": 25,
  "seed_set": 2,
  "test_error_rate": 35.742705570291776,
  "test_macro_f1": 0.5816934575369115,
  "test_ece": 0.049456083440575116,
  "test_per_class_f1": [
    0.5935483870967742,
    0.8685714285714285,
    0.592,
    0.35,
    0.5891891891891892,
    0.42217484008528783,
    0.2,
    0.8076923076923077,
    0.8120649651972158
  ],
  "dev_error_rate": 38.144329896907216,
  "dev_macro_f1": 0.5753132728563928,
  "dev_ece": 0.0820148551510167,
  "stopping_strategy": "weighted_macro_f1",
  "phase1_seed_strategy": "last",
  "phase1_best_epoch": null,
  "lambda1_mean": 0.9987419417244521,
  "lambda1_std": 0.3007785046357572,
  "lambda2_mean": 0.661066876551012,
  "lambda2_std": 0.2553615246026121
}