{
  "event": "hurricane_florence_2018",
  "budget": 50,
  "seed_set": 1,
  "test_error_rate": 26.672038678485087,
  "test_macro_f1": 0.6774101446139764,
  "test_ece": 0.13954886894952287,
  "test_per_class_f1": [
    0.6875,
    0.8413793103448276,
    0.6049382716049383,
    0.896,
    0.8423645320197044,
    0.3684210526315789,
    0.21739130434782608,
    0.8268156424581006,
    0.8118811881188119
  ],
  "dev_error_rate": 23.63067292644757,
  "dev_macro_f1": 0.7047394645106123,
  "dev_ece": 0.13039443461174877,
  "stopping_strategy": "per_class_patience",
  "lambda1_mean": 1.0057484344122678,
  "lambda1_std": 0.24372660330540633,
  "lambda2_mean": 0.6183891159355756,
  "lambda2_std": 0.22682301870868862
}