{
  "event": "hurricane_florence_2018",
  "budget": 5,
  "seed_set": 2,
  "test_error_rate": 24.41579371474617,
  "test_macro_f1": 0.6457960667882193,
  "test_ece": 0.18237978426512932,
  "test_per_class_f1": [
    0.7265774378585086,
    0.8015267175572519,
    0.5921787709497207,
    0.9243697478991597,
    0.8391608391608392,
    0.24,
    0.0,
    0.8600682593856656,
    0.8282828282828283
  ],
  "dev_error_rate": 22.848200312989043,
  "dev_macro_f1": 0.6568889860622112,
  "dev_ece": 0.17418659125135547,
  "stopping_strategy": "baseline",
  "lambda1_mean": 1.1086915048143822,
  "lambda1_std": 0.16428287018384552,
  "lambda2_mean": 0.5948565140302878,
  "lambda2_std": 0.12957961958571224
}