{
  "event": "hurricane_dorian_2019",
  "budget": 10,
  "seed_set": 2,
  "test_error_rate": 38.12997347480106,
  "test_macro_f1": 0.5827513887377527,
  "test_ece": 0.13998779988494417,
  "test_per_class_f1": [
    0.5247933884297521,
    0.8922155688622755,
    0.6149870801033591,
    0.46153846153846156,
    0.6210268948655256,
    0.33783783783783783,
    0.17687074829931973,
    0.8125,
    0.8029925187032418
  ],
  "dev_error_rate": 39.30412371134021,
  "dev_macro_f1": 0.6028764562405141,
  "dev_ece": 0.12629575531968132,
  "lambda1_mean": 0.8610919791746924,
  "lambda1_std": 0.13864979614195627,
  "lambda2_mean": 0.1683188474491385,
  "lambda2_std": 0.05051773753166973
}