{
  "event": "hurricane_maria_2017",
  "budget": 50,
  "seed_set": 3,
  "test_error_rate": 30.166435506241328,
  "test_macro_f1": 0.6645555610660494,
  "test_ece": 0.1428460751385034,
  "test_per_class_f1": [
    0.6534653465346535,
    0.684931506849315,
    0.856175972927242,
    0.9007633587786259,
    0.3018867924528302,
    0.44715447154471544,
    0.6363636363636364,
    0.815,
    0.6852589641434262
  ],
  "dev_error_rate": 28.03234501347709,
  "dev_macro_f1": 0.6955294852959288,
  "dev_ece": 0.13573583996681507,
  "stopping_strategy": "balanced_dev",
  "phase1_seed_strategy": "last",
  "phase1_best_epoch": null,
  "lambda1_mean": 0.9731403368007029,
  "lambda1_std": 0.2676777420148757,
  "lambda2_mean": 0.6879993310030048,
  "lambda2_std": 0.3067000913691922
}