{
  "event": "cyclone_idai_2019",
  "budget": 25,
  "seed_set": 3,
  "test_error_rate": 27.72785622593068,
  "test_macro_f1": 0.6123810984070753,
  "test_ece": 0.04657547594800074,
  "test_per_class_f1": [
    0.5217391304347826,
    0.5789473684210527,
    0.8079470198675497,
    0.9248554913294798,
    0.4,
    0.5306122448979592,
    0.40816326530612246,
    0.34615384615384615,
    0.7932098765432098,
    0.8121827411167513
  ],
  "dev_error_rate": 31.421446384039896,
  "dev_macro_f1": 0.5144003898062508,
  "dev_ece": 0.04811067812311978,
  "lambda1_mean": 0.7837566264413354,
  "lambda1_std": 0.14988344970748607,
  "lambda2_mean": 0.1500529378421298,
  "lambda2_std": 0.06162177369716636
}