{
  "event": "hurricane_maria_2017",
  "budget": 50,
  "seed_set": 1,
  "test_error_rate": 30.374479889042995,
  "test_macro_f1": 0.67214512883527,
  "test_ece": 0.07029601354952823,
  "test_per_class_f1": [
    0.6666666666666666,
    0.7540983606557377,
    0.8278145695364238,
    0.8923076923076924,
    0.32894736842105265,
    0.4625267665952891,
    0.6627218934911243,
    0.7959949937421777,
    0.6582278481012658
  ],
  "dev_error_rate": 28.975741239892184,
  "dev_macro_f1": 0.6882521378689109,
  "dev_ece": 0.08884305950766305,
  "stopping_strategy": "baseline",
  "lambda1_mean": 1.00185963218901,
  "lambda1_std": 0.24802415080797904,
  "lambda2_mean": 0.6092814009114232,
  "lambda2_std": 0.234552050537854
}