{
  "event": "california_wildfires_2018",
  "budget": 50,
  "seed_set": 1,
  "test_error_rate": 29.021218343600275,
  "test_macro_f1": 0.6315589050883009,
  "test_ece": 0.14090872180127345,
  "test_per_class_f1": [
    0.5151515151515151,
    0.7472527472527473,
    0.5945945945945946,
    0.8793342579750347,
    0.6415094339622641,
    0.7012987012987013,
    0.38769230769230767,
    0.3448275862068966,
    0.8112449799196787,
    0.6926829268292682
  ],
  "dev_error_rate": 29.255319148936167,
  "dev_macro_f1": 0.6354835257797178,
  "dev_ece": 0.15234496111565443,
  "stopping_strategy": "scaled_threshold",
  "phase1_seed_strategy": "last",
  "phase1_best_epoch": null,
  "lambda1_mean": 1.0465759245795012,
  "lambda1_std": 0.19213104757766727,
  "lambda2_mean": 0.7527045381133206,
  "lambda2_std": 0.21777481914444488
}