{
  "event": "california_wildfires_2018",
  "budget": 10,
  "seed_set": 3,
  "test_error_rate": 29.021218343600275,
  "test_macro_f1": 0.6408715787918393,
  "test_ece": 0.09926249241886036,
  "test_per_class_f1": [
    0.5846153846153846,
    0.7810650887573964,
    0.5178571428571429,
    0.8877146631439894,
    0.717948717948718,
    0.6164383561643836,
    0.5050505050505051,
    0.26865671641791045,
    0.81640625,
    0.7129629629629629
  ],
  "dev_error_rate": 28.723404255319153,
  "dev_macro_f1": 0.6390450624683374,
  "dev_ece": 0.11358929504739476,
  "stopping_strategy": "per_class_patience",
  "lambda1_mean": 1.0266077813805417,
  "lambda1_std": 0.24411977492935574,
  "lambda2_mean": 0.503180780262882,
  "lambda2_std": 0.18731959100937046
}