{
  "event": "kaikoura_earthquake_2016",
  "budget": 25,
  "seed_set": 1,
  "test_error_rate": 23.678160919540225,
  "test_macro_f1": 0.7229735528174464,
  "test_ece": 0.10228820086895732,
  "test_per_class_f1": [
    0.6748466257668712,
    0.8648648648648649,
    0.8970588235294118,
    1.0,
    0.5909090909090909,
    0.5413533834586466,
    0.15384615384615385,
    0.8705882352941177,
    0.9132947976878613
  ],
  "dev_error_rate": 25.44642857142857,
  "dev_macro_f1": 0.711591386960701,
  "dev_ece": 0.11775453255644866,
  "stopping_strategy": "balanced_dev",
  "phase1_seed_strategy": "last",
  "phase1_best_epoch": null,
  "lambda1_mean": 1.0894249179266955,
  "lambda1_std": 0.16063187285164124,
  "lambda2_mean": 0.6186756037985921,
  "lambda2_std": 0.148671097098089
}