{
  "event": "california_wildfires_2018",
  "budget": 10,
  "seed_set": 3,
  "test_error_rate": 28.81587953456537,
  "test_macro_f1": 0.641668339727982,
  "test_ece": 0.10185268478471887,
  "test_per_class_f1": [
    0.5671641791044776,
    0.7831325301204819,
    0.5248868778280543,
    0.8897742363877822,
    0.7228915662650602,
    0.6199095022624435,
    0.5038167938931297,
    0.2727272727272727,
    0.8194174757281554,
    0.7129629629629629
  ],
  "dev_error_rate": 27.925531914893618,
  "dev_macro_f1": 0.6445347141110225,
  "dev_ece": 0.13666789824182687,
  "stopping_strategy": "no_early_stopping",
  "lambda1_mean": 1.0266077813805417,
  "lambda1_std": 0.24411977492935574,
  "lambda2_mean": 0.503180780262882,
  "lambda2_std": 0.18731959100937046
}