{
  "event": "hurricane_florence_2018",
  "budget": 50,
  "seed_set": 1,
  "test_error_rate": 26.75261885576148,
  "test_macro_f1": 0.6730666658582054,
  "test_ece": 0.12375957748757366,
  "test_per_class_f1": [
    0.6845637583892618,
    0.8316151202749141,
    0.593939393939394,
    0.896,
    0.8431372549019608,
    0.3805970149253731,
    0.20512820512820512,
    0.8305400372439479,
    0.7920792079207921
  ],
  "dev_error_rate": 23.943661971830988,
  "dev_macro_f1": 0.7019409336160962,
  "dev_ece": 0.11215685394261737,
  "stopping_strategy": "weighted_macro_f1",
  "lambda1_mean": 1.0057484344122678,
  "lambda1_std": 0.24372660330540633,
  "lambda2_mean": 0.6183891159355756,
  "lambda2_std": 0.22682301870868862
}