{
  "event": "canada_wildfires_2016",
  "budget": 5,
  "seed_set": 3,
  "test_error_rate": 26.29213483146068,
  "test_macro_f1": 0.5625361494272461,
  "test_ece": 0.06019039488910289,
  "test_per_class_f1": [
    0.2191780821917808,
    0.8609271523178808,
    0.9387755102040817,
    0.1935483870967742,
    0.38,
    0.2,
    0.9014084507042254,
    0.8064516129032258
  ],
  "dev_error_rate": 25.0,
  "dev_macro_f1": 0.5968071861639004,
  "dev_ece": 0.10521949814599856,
  "lambda1_mean": 0.8155048244872877,
  "lambda1_std": 0.14353401035631624,
  "lambda2_mean": 0.1489888542436626,
  "lambda2_std": 0.05454375274082416
}