{
  "event": "kaikoura_earthquake_2016",
  "budget": 5,
  "seed_set": 1,
  "test_error_rate": 28.505747126436788,
  "test_macro_f1": 0.6487211998764686,
  "test_ece": 0.17107679309516122,
  "test_per_class_f1": [
    0.6868686868686869,
    0.8333333333333334,
    0.8053691275167785,
    0.9523809523809523,
    0.5205479452054794,
    0.34951456310679613,
    0.0,
    0.8571428571428571,
    0.8333333333333334
  ],
  "dev_error_rate": 29.01785714285714,
  "dev_macro_f1": 0.6391781884824169,
  "dev_ece": 0.16382140799292497,
  "stopping_strategy": "baseline",
  "lambda1_mean": 0.8559536914918824,
  "lambda1_std": 0.29527995206836954,
  "lambda2_mean": 0.5059177142918172,
  "lambda2_std": 0.2198193888242907
}