{
  "event": "california_wildfires_2018",
  "budget": 50,
  "seed_set": 2,
  "test_error_rate": 26.21492128678987,
  "test_macro_f1": 0.676243848014521,
  "test_ece": 0.08535832558324445,
  "test_per_class_f1": [
    0.5428571428571428,
    0.7664670658682635,
    0.6224489795918368,
    0.9083769633507853,
    0.7640449438202247,
    0.651356993736952,
    0.48484848484848486,
    0.43636363636363634,
    0.8509803921568627,
    0.7346938775510204
  ],
  "dev_error_rate": 27.925531914893618,
  "dev_macro_f1": 0.6572446378179568,
  "dev_ece": 0.11623792231399963,
  "stopping_strategy": "no_early_stopping",
  "lambda1_mean": 1.0040334226299907,
  "lambda1_std": 0.261264731204859,
  "lambda2_mean": 0.6269189685843208,
  "lambda2_std": 0.2556643301149975
}