{
  "event": "canada_wildfires_2016",
  "budget": 10,
  "seed_set": 2,
  "test_error_rate": 22.92134831460674,
  "test_macro_f1": 0.5937755160938392,
  "test_ece": 0.07157769437586323,
  "test_per_class_f1": [
    0.36363636363636365,
    0.8774193548387097,
    0.8135593220338984,
    0.21428571428571427,
    0.4672897196261682,
    0.3333333333333333,
    0.8980716253443526,
    0.782608695652174
  ],
  "dev_error_rate": 20.175438596491226,
  "dev_macro_f1": 0.6612571141077528,
  "dev_ece": 0.08695087960937567,
  "lambda1_mean": 0.8797372222587759,
  "lambda1_std": 0.17269425058907956,
  "lambda2_mean": 0.16217936426357255,
  "lambda2_std": 0.0726990943749358
}