{
  "event": "hurricane_harvey_2017",
  "budget": 10,
  "seed_set": 2,
  "test_error_rate": 32.13296398891967,
  "test_macro_f1": 0.6327213420412123,
  "test_per_class_f1": [
    0.6188679245283019,
    0.8250825082508251,
    0.7332185886402753,
    0.872852233676976,
    0.2988505747126437,
    0.329938900203666,
    0.455026455026455,
    0.8157156220767072,
    0.7449392712550608
  ],
  "dev_error_rate": 31.86221743810549,
  "dev_macro_f1": 0.6457527995689017,
  "lambda1_mean": 1.090056994435321,
  "lambda1_std": 0.19957016919142248,
  "lambda2_mean": 0.5698834520237659,
  "lambda2_std": 0.15921646619105184
}