{
  "event": "kerala_floods_2018",
  "budget": 25,
  "seed_set": 3,
  "test_error_rate": 30.08849557522124,
  "test_macro_f1": 0.5576102959636265,
  "test_ece": 0.22089049647716447,
  "test_per_class_f1": [
    0.42424242424242425,
    0.24390243902439024,
    0.576,
    0.8181818181818182,
    0.43555555555555553,
    0.3553008595988539,
    0.6639004149377593,
    0.8410317936412718,
    0.660377358490566
  ],
  "dev_error_rate": 27.395577395577398,
  "dev_macro_f1": 0.6155073546602959,
  "dev_ece": 0.20080524229007507,
  "stopping_strategy": "no_early_stopping",
  "lambda1_mean": 1.0622506470711588,
  "lambda1_std": 0.20830408128673633,
  "lambda2_mean": 0.5736614079461877,
  "lambda2_std": 0.1801502343187332
}