{
  "event": "hurricane_harvey_2017",
  "budget": 10,
  "seed_set": 3,
  "test_error_rate": 32.74238227146814,
  "test_macro_f1": 0.6435797231855972,
  "test_ece": 0.1740773855649203,
  "test_per_class_f1": [
    0.6031746031746031,
    0.8206686930091185,
    0.8195991091314031,
    0.8842105263157894,
    0.33587786259541985,
    0.4665461121157324,
    0.37446808510638296,
    0.7790110998990918,
    0.7086614173228346
  ],
  "dev_error_rate": 32.07750269106566,
  "dev_macro_f1": 0.6597728007843848,
  "dev_ece": 0.15615032047065386,
  "stopping_strategy": "per_class_patience",
  "lambda1_mean": 0.9746207118579439,
  "lambda1_std": 0.27842256147862204,
  "lambda2_mean": 0.385722027789219,
  "lambda2_std": 0.16069222754222134
}