{
  "event": "california_wildfires_2018",
  "budget": 50,
  "seed_set": 1,
  "test_error_rate": 28.40520191649555,
  "test_macro_f1": 0.6428690195445255,
  "test_ece": 0.07203852884537712,
  "test_per_class_f1": [
    0.5263157894736842,
    0.7486033519553073,
    0.5702479338842975,
    0.8873239436619719,
    0.6804123711340206,
    0.7030075187969925,
    0.4049079754601227,
    0.37735849056603776,
    0.8205128205128205,
    0.71
  ],
  "dev_error_rate": 30.053191489361698,
  "dev_macro_f1": 0.6328877511650738,
  "dev_ece": 0.09809548924974305,
  "stopping_strategy": "baseline",
  "lambda1_mean": 1.0678835121084316,
  "lambda1_std": 0.18776457576768896,
  "lambda2_mean": 0.6984548919982669,
  "lambda2_std": 0.1997967952898834
}