{
  "event": "california_wildfires_2018",
  "budget": 50,
  "seed_set": 1,
  "test_error_rate": 80.83504449007529,
  "test_macro_f1": 0.032165422171166,
  "test_ece": 0.04058407867183267,
  "test_per_class_f1": [
    0.0,
    0.0,
    0.0,
    0.0,
    0.0,
    0.0,
    0.0,
    0.0,
    0.32165422171165997,
    0.0
  ],
  "dev_error_rate": 80.85106382978724,
  "dev_macro_f1": 0.03217877094972067,
  "dev_ece": 0.04094734484765757,
  "stopping_strategy": "baseline",
  "lambda1_mean": 0.3677869737727109,
  "lambda1_std": 0.2306820990915514,
  "lambda2_mean": 0.15670343366181982,
  "lambda2_std": 0.11974049414581799
}