{
  "event": "hurricane_maria_2017",
  "budget": 50,
  "seed_set": 2,
  "test_error_rate": 29.056865464632452,
  "test_macro_f1": 0.6657252604716339,
  "test_ece": 0.17237818995477747,
  "test_per_class_f1": [
    0.6126126126126126,
    0.6666666666666666,
    0.867109634551495,
    0.8992248062015504,
    0.3157894736842105,
    0.44306418219461696,
    0.6853146853146853,
    0.8225,
    0.6792452830188679
  ],
  "dev_error_rate": 28.4366576819407,
  "dev_macro_f1": 0.6914759307018491,
  "dev_ece": 0.17231566215943134,
  "stopping_strategy": "no_early_stopping",
  "lambda1_mean": 1.0585587307272473,
  "lambda1_std": 0.21930539452364384,
  "lambda2_mean": 0.5698624323567437,
  "lambda2_std": 0.1794576319884454
}