{
  "event": "kaikoura_earthquake_2016",
  "budget": 10,
  "seed_set": 3,
  "test_error_rate": 25.74712643678161,
  "test_macro_f1": 0.6762016426554953,
  "test_ece": 0.1720572297600494,
  "test_per_class_f1": [
    0.7039106145251397,
    0.8333333333333334,
    0.8740740740740741,
    0.975609756097561,
    0.5306122448979592,
    0.45045045045045046,
    0.0,
    0.8314606741573034,
    0.8863636363636364
  ],
  "dev_error_rate": 29.01785714285714,
  "dev_macro_f1": 0.640993379045507,
  "dev_ece": 0.1957253125895347,
  "stopping_strategy": "balanced_dev",
  "phase1_seed_strategy": "last",
  "phase1_best_epoch": null,
  "lambda1_mean": 1.093218453870722,
  "lambda1_std": 0.13555738766791697,
  "lambda2_mean": 0.5175827385801097,
  "lambda2_std": 0.11496442910767742
}