{
  "event": "hurricane_maria_2017",
  "budget": 25,
  "seed_set": 3,
  "test_error_rate": 29.958391123439664,
  "test_macro_f1": 0.6777754635103043,
  "test_ece": 0.10136919577144883,
  "test_per_class_f1": [
    0.5789473684210527,
    0.7796610169491526,
    0.8528925619834711,
    0.9147286821705426,
    0.37583892617449666,
    0.4588910133843212,
    0.652014652014652,
    0.7995049504950495,
    0.6875
  ],
  "dev_error_rate": 28.706199460916437,
  "dev_macro_f1": 0.6943184724888689,
  "dev_ece": 0.11333745244057031,
  "stopping_strategy": "per_class_patience",
  "lambda1_mean": 0.9283220432534259,
  "lambda1_std": 0.31131024401038165,
  "lambda2_mean": 0.5857400660594535,
  "lambda2_std": 0.3094209311477414
}