{
  "event": "california_wildfires_2018",
  "budget": 25,
  "seed_set": 2,
  "test_error_rate": 29.97946611909651,
  "test_macro_f1": 0.6306503096524609,
  "test_ece": 0.04505875013121016,
  "test_per_class_f1": [
    0.48,
    0.7126436781609196,
    0.5950413223140496,
    0.8484848484848485,
    0.6262626262626263,
    0.6375,
    0.46454767726161367,
    0.3448275862068966,
    0.8471953578336557,
    0.75
  ],
  "dev_error_rate": 30.585106382978722,
  "dev_macro_f1": 0.6350065610288379,
  "dev_ece": 0.048354118804823834,
  "stopping_strategy": "balanced_dev",
  "phase1_seed_strategy": "last",
  "phase1_best_epoch": null,
  "lambda1_mean": 1.0650366719733313,
  "lambda1_std": 0.23477997260742292,
  "lambda2_mean": 0.5537140399133861,
  "lambda2_std": 0.17758188155255422
}