{
  "event": "kerala_floods_2018",
  "budget": 50,
  "seed_set": 1,
  "test_error_rate": 31.036662452591656,
  "test_macro_f1": 0.5675056002523609,
  "test_ece": 0.07031263744484459,
  "test_per_class_f1": [
    0.5,
    0.2413793103448276,
    0.5873015873015873,
    0.847682119205298,
    0.37962962962962965,
    0.4301675977653631,
    0.6546762589928058,
    0.8282958199356913,
    0.6384180790960452
  ],
  "dev_error_rate": 30.34398034398035,
  "dev_macro_f1": 0.5817758910895409,
  "dev_ece": 0.07720098514521738,
  "stopping_strategy": "weighted_macro_f1",
  "lambda1_mean": 1.0716521194337973,
  "lambda1_std": 0.21358083688155083,
  "lambda2_mean": 0.5906423734931399,
  "lambda2_std": 0.17288938037543355
}