{
  "event": "hurricane_harvey_2017",
  "budget": 50,
  "seed_set": 3,
  "test_error_rate": 30.083102493074787,
  "test_macro_f1": 0.6631956638722653,
  "test_per_class_f1": [
    0.6030150753768844,
    0.9115646258503401,
    0.8391304347826087,
    0.8873720136518771,
    0.3153526970954357,
    0.49128367670364503,
    0.43636363636363634,
    0.8038277511961722,
    0.6808510638297872
  ],
  "dev_error_rate": 30.462863293864373,
  "dev_macro_f1": 0.6702232432501307,
  "lambda1_mean": 1.0682294015923433,
  "lambda1_std": 0.214500215177086,
  "lambda2_mean": 0.5851548402710606,
  "lambda2_std": 0.17212694968282066
}