{
  "event": "hurricane_maria_2017",
  "budget": 50,
  "seed_set": 2,
  "test_error_rate": 29.61165048543689,
  "test_macro_f1": 0.6643131314693622,
  "test_ece": 0.1613781119021232,
  "test_per_class_f1": [
    0.5882352941176471,
    0.704225352112676,
    0.8647746243739566,
    0.8923076923076924,
    0.3246753246753247,
    0.39293598233995586,
    0.7086092715231788,
    0.8288973384030418,
    0.6741573033707865
  ],
  "dev_error_rate": 28.840970350404316,
  "dev_macro_f1": 0.6799197202516823,
  "dev_ece": 0.16754630685977215,
  "stopping_strategy": "balanced_dev",
  "phase1_seed_strategy": "last",
  "phase1_best_epoch": null,
  "lambda1_mean": 1.0585587307272473,
  "lambda1_std": 0.21930539452364384,
  "lambda2_mean": 0.5698624323567437,
  "lambda2_std": 0.1794576319884454
}