{
  "event": "kerala_floods_2018",
  "budget": 5,
  "seed_set": 2,
  "test_error_rate": 30.657395701643487,
  "test_macro_f1": 0.5635463256690592,
  "test_ece": 0.2167032002912912,
  "test_per_class_f1": [
    0.5142857142857142,
    0.2553191489361702,
    0.5426356589147286,
    0.8368794326241135,
    0.4,
    0.36649214659685864,
    0.652542372881356,
    0.8370957901159244,
    0.6666666666666666
  ],
  "dev_error_rate": 27.027027027027028,
  "dev_macro_f1": 0.6191507615682257,
  "dev_ece": 0.1909441845056759,
  "stopping_strategy": "baseline",
  "lambda1_mean": 1.0564704840697718,
  "lambda1_std": 0.22323743220130926,
  "lambda2_mean": 0.5547170369830688,
  "lambda2_std": 0.1763243542683625
}