{
  "event": "california_wildfires_2018",
  "budget": 5,
  "seed_set": 3,
  "test_error_rate": 29.97946611909651,
  "test_macro_f1": 0.6068990916383966,
  "test_ece": 0.13614608230124098,
  "test_per_class_f1": [
    0.41025641025641024,
    0.7351351351351352,
    0.5560975609756098,
    0.9100126742712294,
    0.647887323943662,
    0.6263498920086393,
    0.3978201634877384,
    0.2962962962962963,
    0.8095238095238095,
    0.6796116504854369
  ],
  "dev_error_rate": 29.255319148936167,
  "dev_macro_f1": 0.6210627422102841,
  "dev_ece": 0.15753839406719866,
  "stopping_strategy": "scaled_threshold",
  "phase1_seed_strategy": "last",
  "phase1_best_epoch": null,
  "lambda1_mean": 1.0744099552944235,
  "lambda1_std": 0.20663610781705039,
  "lambda2_mean": 0.4665273096998622,
  "lambda2_std": 0.15315931255633436
}