{
  "event": "cyclone_idai_2019",
  "budget": 50,
  "seed_set": 2,
  "test_error_rate": 25.41720154043645,
  "test_macro_f1": 0.5659049507779988,
  "test_ece": 0.07881762257589456,
  "test_per_class_f1": [
    0.38095238095238093,
    0.5365853658536586,
    0.8275862068965517,
    0.9142857142857143,
    0.0,
    0.4888888888888889,
    0.4472049689440994,
    0.45569620253164556,
    0.8410104011887073,
    0.7668393782383419
  ],
  "dev_error_rate": 27.930174563591027,
  "dev_macro_f1": 0.5265413491338886,
  "dev_ece": 0.06805124785983355,
  "stopping_strategy": "baseline",
  "lambda1_mean": 1.0064127456515828,
  "lambda1_std": 0.27561342972285036,
  "lambda2_mean": 0.5884488097059476,
  "lambda2_std": 0.22594548065160897
}