{
  "event": "hurricane_dorian_2019",
  "budget": 25,
  "seed_set": 3,
  "test_error_rate": 35.0132625994695,
  "test_macro_f1": 0.5989241942811357,
  "test_ece": 0.09955192731807024,
  "test_per_class_f1": [
    0.6003552397868561,
    0.9058823529411765,
    0.6846361185983828,
    0.3448275862068966,
    0.5219941348973607,
    0.39823008849557523,
    0.2828282828282828,
    0.8161209068010076,
    0.8354430379746836
  ],
  "dev_error_rate": 36.855670103092784,
  "dev_macro_f1": 0.5953212985421499,
  "dev_ece": 0.12167777034655675,
  "lambda1_mean": 0.859807172953823,
  "lambda1_std": 0.1840417552305752,
  "lambda2_mean": 0.17807936003465413,
  "lambda2_std": 0.0629856268767313
}