{
  "event": "kerala_floods_2018",
  "budget": 25,
  "seed_set": 2,
  "test_error_rate": 35.20859671302149,
  "test_macro_f1": 0.539580526931859,
  "test_ece": 0.16443528956468728,
  "test_per_class_f1": [
    0.45569620253164556,
    0.1728395061728395,
    0.5467625899280576,
    0.8496732026143791,
    0.3541666666666667,
    0.3488372093023256,
    0.6771653543307087,
    0.7899728997289973,
    0.6611111111111111
  ],
  "dev_error_rate": 31.818181818181824,
  "dev_macro_f1": 0.6006181888186902,
  "dev_ece": 0.13965333375796052,
  "stopping_strategy": "scaled_threshold",
  "phase1_seed_strategy": "last",
  "phase1_best_epoch": null,
  "lambda1_mean": 1.029436706410245,
  "lambda1_std": 0.2329558648684691,
  "lambda2_mean": 0.43089099475422377,
  "lambda2_std": 0.1529647792544782
}