{
  "event": "cyclone_idai_2019",
  "budget": 10,
  "seed_set": 1,
  "test_error_rate": 26.572528883183566,
  "test_macro_f1": 0.6149179606830021,
  "test_ece": 0.11640759166306192,
  "test_per_class_f1": [
    0.3870967741935484,
    0.6451612903225806,
    0.8053691275167785,
    0.9047619047619048,
    0.6666666666666666,
    0.24242424242424243,
    0.423963133640553,
    0.4444444444444444,
    0.8228404099560761,
    0.8064516129032258
  ],
  "dev_error_rate": 29.42643391521197,
  "dev_macro_f1": 0.5268714104385486,
  "dev_ece": 0.1491564450567203,
  "lambda1_mean": 0.776394634098929,
  "lambda1_std": 0.22129528919912367,
  "lambda2_mean": 0.15562458172858312,
  "lambda2_std": 0.07171015168384201
}