{
  "event": "hurricane_dorian_2019",
  "budget": 25,
  "seed_set": 1,
  "test_error_rate": 36.80371352785146,
  "test_macro_f1": 0.5798506558073258,
  "test_ece": 0.1704252483496141,
  "test_per_class_f1": [
    0.5765407554671969,
    0.8465909090909091,
    0.5904761904761905,
    0.46153846153846156,
    0.5797872340425532,
    0.4165103189493433,
    0.18181818181818182,
    0.78239608801956,
    0.7829977628635347
  ],
  "dev_error_rate": 37.628865979381445,
  "dev_macro_f1": 0.6159269729286783,
  "dev_ece": 0.1867965527416504,
  "stopping_strategy": "scaled_threshold",
  "phase1_seed_strategy": "last",
  "phase1_best_epoch": null,
  "lambda1_mean": 0.9646683490728204,
  "lambda1_std": 0.29494526777355456,
  "lambda2_mean": 0.670618053442995,
  "lambda2_std": 0.23353987439567783
}