{
  "event": "hurricane_dorian_2019",
  "budget": 25,
  "seed_set": 2,
  "test_error_rate": 37.93103448275862,
  "test_macro_f1": 0.5663546463952169,
  "test_ece": 0.06068438565264646,
  "test_per_class_f1": [
    0.5363636363636364,
    0.8783382789317508,
    0.5797101449275363,
    0.35714285714285715,
    0.5623342175066313,
    0.40480961923847697,
    0.1978021978021978,
    0.7990314769975787,
    0.7816593886462883
  ],
  "dev_error_rate": 39.175257731958766,
  "dev_macro_f1": 0.5719711570442869,
  "dev_ece": 0.11077390163752837,
  "stopping_strategy": "balanced_dev",
  "phase1_seed_strategy": "last",
  "phase1_best_epoch": null,
  "lambda1_mean": 1.000452966928115,
  "lambda1_std": 0.2854599290293038,
  "lambda2_mean": 0.6719496414927344,
  "lambda2_std": 0.2588087147217037
}