{
  "event": "hurricane_florence_2018",
  "budget": 50,
  "seed_set": 1,
  "test_error_rate": 25.785656728444806,
  "test_macro_f1": 0.6827516418944595,
  "test_ece": 0.11315737891639074,
  "test_per_class_f1": [
    0.734341252699784,
    0.8206896551724138,
    0.6578947368421053,
    0.9047619047619048,
    0.835509138381201,
    0.3904382470119522,
    0.14705882352941177,
    0.8345588235294118,
    0.8195121951219512
  ],
  "dev_error_rate": 23.161189358372457,
  "dev_macro_f1": 0.7012446813594579,
  "dev_ece": 0.10204571429552607,
  "stopping_strategy": "per_class_patience",
  "lambda1_mean": 1.06228904108562,
  "lambda1_std": 0.2195084726725528,
  "lambda2_mean": 0.5771262365021627,
  "lambda2_std": 0.1766770971906399
}