{
  "event": "cyclone_idai_2019",
  "budget": 5,
  "seed_set": 3,
  "test_error_rate": 23.87676508344031,
  "test_macro_f1": 0.5886559564726139,
  "test_per_class_f1": [
    0.3333333333333333,
    0.6285714285714286,
    0.7894736842105263,
    0.8780487804878049,
    0.4,
    0.45161290322580644,
    0.4,
    0.3488372093023256,
    0.8694481830417228,
    0.7872340425531915
  ],
  "dev_error_rate": 26.683291770573568,
  "dev_macro_f1": 0.5091322231586565,
  "lambda1_mean": 1.021632390681462,
  "lambda1_std": 0.27560686991649663,
  "lambda2_mean": 0.4985554599091914,
  "lambda2_std": 0.19368087657149063
}