{
  "event": "hurricane_dorian_2019",
  "budget": 50,
  "seed_set": 1,
  "test_error_rate": 36.604774535809014,
  "test_macro_f1": 0.5926636987642184,
  "test_ece": 0.15240673534078059,
  "test_per_class_f1": [
    0.6012269938650306,
    0.8901734104046243,
    0.6077922077922078,
    0.43902439024390244,
    0.5301204819277109,
    0.4043010752688172,
    0.2251655629139073,
    0.826530612244898,
    0.8096385542168675
  ],
  "dev_error_rate": 37.24226804123711,
  "dev_macro_f1": 0.5998997014858625,
  "dev_ece": 0.1597316908390866,
  "stopping_strategy": "balanced_dev",
  "phase1_seed_strategy": "last",
  "phase1_best_epoch": null,
  "lambda1_mean": 0.9959942586530338,
  "lambda1_std": 0.28440360453178787,
  "lambda2_mean": 0.5655701909282143,
  "lambda2_std": 0.23084495426828386
}