{
  "event": "canada_wildfires_2016",
  "budget": 50,
  "seed_set": 3,
  "test_error_rate": 22.47191011235955,
  "test_macro_f1": 0.6279860637052261,
  "test_ece": 0.10035483944282098,
  "test_per_class_f1": [
    0.37209302325581395,
    0.8456375838926175,
    0.8785046728971962,
    0.2926829268292683,
    0.5084745762711864,
    0.4,
    0.9010989010989011,
    0.8253968253968254
  ],
  "dev_error_rate": 21.052631578947366,
  "dev_macro_f1": 0.6891020211159385,
  "dev_ece": 0.07317752181960828,
  "lambda1_mean": 0.8930727761887026,
  "lambda1_std": 0.1724058173356257,
  "lambda2_mean": 0.20536994639242034,
  "lambda2_std": 0.0946050004379947
}