{
  "event": "california_wildfires_2018",
  "budget": 5,
  "seed_set": 2,
  "test_error_rate": 27.515400410677614,
  "test_macro_f1": 0.6014193975077246,
  "test_ece": 0.18956618285358642,
  "test_per_class_f1": [
    0.4727272727272727,
    0.7411764705882353,
    0.5979381443298969,
    0.9142125480153649,
    0.696969696969697,
    0.6810631229235881,
    0.2846715328467153,
    0.10526315789473684,
    0.8299065420560747,
    0.6902654867256637
  ],
  "dev_error_rate": 26.728723404255316,
  "dev_macro_f1": 0.6286355162344057,
  "dev_ece": 0.19563900758611405,
  "stopping_strategy": "weighted_macro_f1",
  "phase1_seed_strategy": "last",
  "phase1_best_epoch": null,
  "lambda1_mean": 1.058665628843352,
  "lambda1_std": 0.2408596321225704,
  "lambda2_mean": 0.6543377835141269,
  "lambda2_std": 0.19712371588236796
}