{
  "event": "hurricane_maria_2017",
  "budget": 50,
  "seed_set": 2,
  "test_error_rate": 28.363384188626906,
  "test_macro_f1": 0.67664695598046,
  "test_per_class_f1": [
    0.6415094339622641,
    0.6493506493506493,
    0.8828522920203735,
    0.9047619047619048,
    0.3308270676691729,
    0.4538152610441767,
    0.6964856230031949,
    0.8187579214195184,
    0.7114624505928854
  ],
  "dev_error_rate": 29.24528301886793,
  "dev_macro_f1": 0.6736061982898791,
  "lambda1_mean": 1.061963736952573,
  "lambda1_std": 0.21621686609021826,
  "lambda2_mean": 0.5597349466916586,
  "lambda2_std": 0.17038370817504975
}