{
  "event": "hurricane_irma_2017",
  "budget": 10,
  "seed_set": 1,
  "test_error_rate": 34.15682062298604,
  "test_macro_f1": 0.6401226655665759,
  "test_ece": 0.22480018640179125,
  "test_per_class_f1": [
    0.5878787878787879,
    0.8023598820058997,
    0.7678100263852242,
    0.947075208913649,
    0.5047318611987381,
    0.3421461897356143,
    0.4,
    0.7365356622998545,
    0.672566371681416
  ],
  "dev_error_rate": 35.69937369519833,
  "dev_macro_f1": 0.6266668579832343,
  "dev_ece": 0.24233862658134334,
  "stopping_strategy": "scaled_threshold",
  "phase1_seed_strategy": "last",
  "phase1_best_epoch": null,
  "lambda1_mean": 1.064254364388425,
  "lambda1_std": 0.22692240518139428,
  "lambda2_mean": 0.46944305159529376,
  "lambda2_std": 0.159713684361324
}