{
  "event": "hurricane_irma_2017",
  "budget": 5,
  "seed_set": 2,
  "test_error_rate": 35.5531686358754,
  "test_macro_f1": 0.6282299713624726,
  "test_ece": 0.2755056356993193,
  "test_per_class_f1": [
    0.5993031358885017,
    0.7871720116618076,
    0.7405475880052151,
    0.9261363636363636,
    0.4924924924924925,
    0.3064516129032258,
    0.42105263157894735,
    0.7426160337552743,
    0.6382978723404256
  ],
  "dev_error_rate": 35.908141962421716,
  "dev_macro_f1": 0.6249216059263774,
  "dev_ece": 0.2782241000574168,
  "stopping_strategy": "no_early_stopping",
  "lambda1_mean": 1.1040548318957106,
  "lambda1_std": 0.16265272212615595,
  "lambda2_mean": 0.627278393121505,
  "lambda2_std": 0.14468686087139385
}