{
  "event": "hurricane_harvey_2017",
  "budget": 5,
  "seed_set": 3,
  "test_error_rate": 33.62880886426593,
  "test_macro_f1": 0.6213092929047624,
  "test_ece": 0.2628931465901826,
  "test_per_class_f1": [
    0.6153846153846154,
    0.8148148148148148,
    0.7096774193548387,
    0.8920863309352518,
    0.36678200692041524,
    0.23059866962305986,
    0.45517241379310347,
    0.8307967770814683,
    0.6764705882352942
  ],
  "dev_error_rate": 32.18514531754575,
  "dev_macro_f1": 0.6447877869369038,
  "dev_ece": 0.24893316725996772,
  "stopping_strategy": "scaled_threshold",
  "phase1_seed_strategy": "last",
  "phase1_best_epoch": null,
  "lambda1_mean": 1.1176229304498377,
  "lambda1_std": 0.1353378735736395,
  "lambda2_mean": 0.6816565331004286,
  "lambda2_std": 0.128762596291869
}