{
  "event": "hurricane_irma_2017",
  "budget": 50,
  "seed_set": 3,
  "test_error_rate": 31.041890440386677,
  "test_macro_f1": 0.6675998867249566,
  "test_ece": 0.13376272217671675,
  "test_per_class_f1": [
    0.6490566037735849,
    0.8279883381924198,
    0.8286445012787724,
    0.9455587392550143,
    0.5096774193548387,
    0.4450784593437946,
    0.41025641025641024,
    0.717628705148206,
    0.6745098039215687
  ],
  "dev_error_rate": 31.732776617954073,
  "dev_macro_f1": 0.6602745115333662,
  "dev_ece": 0.15405353997097138,
  "stopping_strategy": "scaled_threshold",
  "phase1_seed_strategy": "last",
  "phase1_best_epoch": null,
  "lambda1_mean": 1.002732314189264,
  "lambda1_std": 0.2829213198732604,
  "lambda2_mean": 0.44747755237493314,
  "lambda2_std": 0.17016260176891873
}