{
  "event": "california_wildfires_2018",
  "budget": 50,
  "seed_set": 1,
  "test_error_rate": 27.446954140999313,
  "test_macro_f1": 0.6598465583955271,
  "test_ece": 0.1309753023011483,
  "test_per_class_f1": [
    0.5507246376811594,
    0.7586206896551724,
    0.5922330097087378,
    0.8867667121418826,
    0.717391304347826,
    0.6897880539499036,
    0.45,
    0.4,
    0.8274509803921568,
    0.7254901960784313
  ],
  "dev_error_rate": 28.856382978723406,
  "dev_macro_f1": 0.6491129163693132,
  "dev_ece": 0.1571767823968796,
  "stopping_strategy": "weighted_macro_f1",
  "phase1_seed_strategy": "last",
  "phase1_best_epoch": null,
  "lambda1_mean": 1.0389206206497452,
  "lambda1_std": 0.20253530528191122,
  "lambda2_mean": 0.7609983825603489,
  "lambda2_std": 0.22632579938258035
}