{
  "event": "hurricane_irma_2017",
  "budget": 50,
  "seed_set": 2,
  "test_error_rate": 30.665950590762627,
  "test_macro_f1": 0.6708364757658845,
  "test_ece": 0.11806731229341885,
  "test_per_class_f1": [
    0.6201550387596899,
    0.8579881656804734,
    0.8302872062663186,
    0.9458689458689459,
    0.4900662251655629,
    0.4702774108322325,
    0.3516483516483517,
    0.7236641221374046,
    0.7475728155339806
  ],
  "dev_error_rate": 29.958246346555327,
  "dev_macro_f1": 0.6770113557780921,
  "dev_ece": 0.11621936126019117,
  "stopping_strategy": "scaled_threshold",
  "phase1_seed_strategy": "last",
  "phase1_best_epoch": null,
  "lambda1_mean": 1.0077013594204232,
  "lambda1_std": 0.2686447091840409,
  "lambda2_mean": 0.690785252724543,
  "lambda2_std": 0.271906664368998
}