{
  "event": "hurricane_dorian_2019",
  "budget": 50,
  "seed_set": 1,
  "test_error_rate": 36.80371352785146,
  "test_macro_f1": 0.5897909311763261,
  "test_ece": 0.20827246728088877,
  "test_per_class_f1": [
    0.6070038910505836,
    0.9080118694362018,
    0.5939086294416244,
    0.43902439024390244,
    0.49842271293375395,
    0.38666666666666666,
    0.22666666666666666,
    0.8274111675126904,
    0.8210023866348448
  ],
  "dev_error_rate": 36.08247422680413,
  "dev_macro_f1": 0.6235669611608573,
  "dev_ece": 0.20968818499409042,
  "stopping_strategy": "no_early_stopping",
  "lambda1_mean": 0.9959942586530338,
  "lambda1_std": 0.28440360453178787,
  "lambda2_mean": 0.5655701909282143,
  "lambda2_std": 0.23084495426828386
}