{
  "event": "hurricane_irma_2017",
  "budget": 50,
  "seed_set": 1,
  "test_error_rate": 32.43823845327605,
  "test_macro_f1": 0.6454296921914131,
  "test_ece": 0.09375461774341018,
  "test_per_class_f1": [
    0.5962264150943396,
    0.8347826086956521,
    0.8172043010752689,
    0.95,
    0.5037593984962406,
    0.4892268694550063,
    0.2857142857142857,
    0.6941580756013745,
    0.6377952755905512
  ],
  "dev_error_rate": 31.10647181628392,
  "dev_macro_f1": 0.6622915385622854,
  "dev_ece": 0.10068623961138079,
  "stopping_strategy": "scaled_threshold",
  "lambda1_mean": 1.0697036179699886,
  "lambda1_std": 0.20935078679660338,
  "lambda2_mean": 0.5809475279663352,
  "lambda2_std": 0.1726918653957362
}