{
  "event": "hurricane_dorian_2019",
  "budget": 50,
  "seed_set": 1,
  "test_error_rate": 36.273209549071616,
  "test_macro_f1": 0.5819757912103917,
  "test_ece": 0.17944256890199548,
  "test_per_class_f1": [
    0.6071428571428571,
    0.8882521489971347,
    0.6117021276595744,
    0.358974358974359,
    0.5173501577287066,
    0.4190064794816415,
    0.19444444444444445,
    0.8229426433915212,
    0.817966903073286
  ],
  "dev_error_rate": 35.567010309278345,
  "dev_macro_f1": 0.6268964119763711,
  "dev_ece": 0.1767835325187015,
  "stopping_strategy": "scaled_threshold",
  "lambda1_mean": 0.9951968451916844,
  "lambda1_std": 0.285004872206548,
  "lambda2_mean": 0.5707930653285356,
  "lambda2_std": 0.22956393861601623
}