{
  "event": "cyclone_idai_2019",
  "budget": 10,
  "seed_set": 3,
  "test_error_rate": 44.672657252888314,
  "test_macro_f1": 0.46563626615699044,
  "test_ece": 0.08302508097558028,
  "test_per_class_f1": [
    0.36363636363636365,
    0.3384615384615385,
    0.7837837837837838,
    0.8765432098765432,
    0.0,
    0.34782608695652173,
    0.375,
    0.18433179723502305,
    0.5671077504725898,
    0.819672131147541
  ],
  "dev_error_rate": 46.63341645885287,
  "dev_macro_f1": 0.44704125020425567,
  "dev_ece": 0.0887125674031322,
  "stopping_strategy": "balanced_dev",
  "phase1_seed_strategy": "last",
  "phase1_best_epoch": null,
  "lambda1_mean": 1.0063391214557793,
  "lambda1_std": 0.28324339709783336,
  "lambda2_mean": 0.4070106949375443,
  "lambda2_std": 0.18063262753067258
}