{
  "event": "hurricane_harvey_2017",
  "budget": 10,
  "seed_set": 3,
  "test_error_rate": 34.62603878116344,
  "test_macro_f1": 0.609747057376119,
  "test_per_class_f1": [
    0.6228070175438597,
    0.8141025641025641,
    0.704119850187266,
    0.8873239436619719,
    0.3209169054441261,
    0.15763546798029557,
    0.464,
    0.8331814038286235,
    0.6836363636363636
  ],
  "dev_error_rate": 34.33799784714747,
  "dev_macro_f1": 0.6143911600400451,
  "lambda1_mean": 1.0741615461000507,
  "lambda1_std": 0.22119045858686956,
  "lambda2_mean": 0.5743085551828043,
  "lambda2_std": 0.16598375684006858
}