{
  "event": "canada_wildfires_2016",
  "budget": 10,
  "seed_set": 3,
  "test_error_rate": 22.696629213483142,
  "test_macro_f1": 0.5975952182601876,
  "test_ece": 0.13471248250329096,
  "test_per_class_f1": [
    0.3,
    0.8819875776397516,
    0.9019607843137255,
    0.23529411764705882,
    0.53125,
    0.3333333333333333,
    0.8969359331476323,
    0.7
  ],
  "dev_error_rate": 20.614035087719294,
  "dev_macro_f1": 0.6980857917071256,
  "dev_ece": 0.15295787096807828,
  "stopping_strategy": "baseline",
  "lambda1_mean": 0.6895112795136111,
  "lambda1_std": 0.3294367632899974,
  "lambda2_mean": 0.23566484107650842,
  "lambda2_std": 0.13411323331834116
}