{
  "event": "hurricane_harvey_2017",
  "budget": 5,
  "seed_set": 2,
  "test_error_rate": 33.07479224376731,
  "test_macro_f1": 0.6205678752257155,
  "test_per_class_f1": [
    0.6206896551724138,
    0.8292682926829268,
    0.7110266159695817,
    0.8741258741258742,
    0.3525641025641026,
    0.18439716312056736,
    0.46153846153846156,
    0.8503937007874016,
    0.7011070110701108
  ],
  "dev_error_rate": 32.83100107642627,
  "dev_macro_f1": 0.6246633179382219,
  "lambda1_mean": 1.098037070346081,
  "lambda1_std": 0.18547377532065862,
  "lambda2_mean": 0.5822939087354384,
  "lambda2_std": 0.14709810261178818
}