{
  "event": "canada_wildfires_2016",
  "budget": 10,
  "seed_set": 2,
  "test_error_rate": 23.820224719101123,
  "test_macro_f1": 0.5890115722953995,
  "test_ece": 0.08075261052404897,
  "test_per_class_f1": [
    0.4,
    0.8734177215189873,
    0.8392857142857143,
    0.1951219512195122,
    0.44036697247706424,
    0.2857142857142857,
    0.8969359331476323,
    0.78125
  ],
  "dev_error_rate": 21.49122807017544,
  "dev_macro_f1": 0.6945680983896461,
  "dev_ece": 0.052969733874003104,
  "stopping_strategy": "weighted_macro_f1",
  "phase1_seed_strategy": "last",
  "phase1_best_epoch": null,
  "lambda1_mean": 1.0690002024174587,
  "lambda1_std": 0.2068841985180245,
  "lambda2_mean": 0.5308077908474079,
  "lambda2_std": 0.17852832120966053
}