{
  "event": "kerala_floods_2018",
  "budget": 50,
  "seed_set": 1,
  "test_error_rate": 32.30088495575221,
  "test_macro_f1": 0.5436459328898118,
  "test_ece": 0.1402090670712829,
  "test_per_class_f1": [
    0.3855421686746988,
    0.28,
    0.524390243902439,
    0.8289473684210527,
    0.43575418994413406,
    0.35365853658536583,
    0.5714285714285714,
    0.8212684176809737,
    0.6918238993710691
  ],
  "dev_error_rate": 31.32678132678133,
  "dev_macro_f1": 0.5920426101619767,
  "dev_ece": 0.136932335409544,
  "stopping_strategy": "no_early_stopping",
  "lambda1_mean": 0.931402225464861,
  "lambda1_std": 0.2975101907426563,
  "lambda2_mean": 0.5698287497167472,
  "lambda2_std": 0.32982131697733874
}