{
  "event": "hurricane_florence_2018",
  "budget": 50,
  "seed_set": 2,
  "test_error_rate": 26.349717969379537,
  "test_macro_f1": 0.6635314273855331,
  "test_ece": 0.0710865032471158,
  "test_per_class_f1": [
    0.7459016393442623,
    0.8,
    0.6620689655172414,
    0.890625,
    0.8153846153846154,
    0.36752136752136755,
    0.07017543859649122,
    0.8296296296296296,
    0.7904761904761904
  ],
  "dev_error_rate": 22.22222222222222,
  "dev_macro_f1": 0.7010921495921496,
  "dev_ece": 0.06710529336720378,
  "stopping_strategy": "balanced_dev",
  "phase1_seed_strategy": "last",
  "phase1_best_epoch": null,
  "lambda1_mean": 1.068267510999404,
  "lambda1_std": 0.1925794694830843,
  "lambda2_mean": 0.6256167265587784,
  "lambda2_std": 0.16931650019812408
}