{
  "event": "california_wildfires_2018",
  "budget": 50,
  "seed_set": 1,
  "test_error_rate": 28.06297056810404,
  "test_macro_f1": 0.6384968739068503,
  "test_ece": 0.1484655889438326,
  "test_per_class_f1": [
    0.5217391304347826,
    0.7415730337078652,
    0.5955555555555555,
    0.8991825613079019,
    0.66,
    0.7049808429118773,
    0.4108761329305136,
    0.3389830508474576,
    0.816,
    0.696078431372549
  ],
  "dev_error_rate": 28.98936170212766,
  "dev_macro_f1": 0.6416110465858437,
  "dev_ece": 0.1683505677637902,
  "stopping_strategy": "no_early_stopping",
  "lambda1_mean": 1.0465759245795012,
  "lambda1_std": 0.19213104757766727,
  "lambda2_mean": 0.7527045381133206,
  "lambda2_std": 0.21777481914444488
}