{
  "event": "kerala_floods_2018",
  "budget": 10,
  "seed_set": 2,
  "test_error_rate": 31.163084702907707,
  "test_macro_f1": 0.5461687559464579,
  "test_ece": 0.2124702895882007,
  "test_per_class_f1": [
    0.45454545454545453,
    0.2641509433962264,
    0.5,
    0.8169014084507042,
    0.35714285714285715,
    0.3507853403141361,
    0.6814159292035398,
    0.8408953418027828,
    0.6496815286624203
  ],
  "dev_error_rate": 26.65847665847666,
  "dev_macro_f1": 0.625254472398012,
  "dev_ece": 0.1739256998171677,
  "stopping_strategy": "balanced_dev",
  "phase1_seed_strategy": "last",
  "phase1_best_epoch": null,
  "lambda1_mean": 1.0443251143345704,
  "lambda1_std": 0.22919034891846518,
  "lambda2_mean": 0.48865230812833543,
  "lambda2_std": 0.165082005748662
}