{
  "event": "kaikoura_earthquake_2016",
  "budget": 10,
  "seed_set": 2,
  "test_error_rate": 24.827586206896555,
  "test_macro_f1": 0.7032001593199317,
  "test_per_class_f1": [
    0.6746987951807228,
    0.8,
    0.8571428571428571,
    0.9333333333333333,
    0.5454545454545454,
    0.5547445255474452,
    0.18181818181818182,
    0.8735632183908046,
    0.9080459770114943
  ],
  "dev_error_rate": 27.23214285714286,
  "dev_macro_f1": 0.6712316206569081,
  "lambda1_mean": 0.9953477541817047,
  "lambda1_std": 0.23320570301448734,
  "lambda2_mean": 0.40126774112237934,
  "lambda2_std": 0.1700914322159693
}