{
  "event": "cyclone_idai_2019",
  "budget": 50,
  "seed_set": 1,
  "test_error_rate": 30.551989730423625,
  "test_macro_f1": 0.6246796223406614,
  "test_ece": 0.14651891371098957,
  "test_per_class_f1": [
    0.44776119402985076,
    0.5555555555555556,
    0.8322147651006712,
    0.9425287356321839,
    0.8571428571428571,
    0.41509433962264153,
    0.28378378378378377,
    0.3177570093457944,
    0.7714285714285715,
    0.8235294117647058
  ],
  "dev_error_rate": 28.927680798004985,
  "dev_macro_f1": 0.5266185581629834,
  "dev_ece": 0.1411228885228497,
  "stopping_strategy": "no_early_stopping",
  "lambda1_mean": 0.996055579907361,
  "lambda1_std": 0.3223819249262986,
  "lambda2_mean": 0.5337039095078874,
  "lambda2_std": 0.2135172827458177
}