{
  "event": "kaikoura_earthquake_2016",
  "budget": 50,
  "seed_set": 1,
  "test_error_rate": 26.436781609195403,
  "test_macro_f1": 0.6713481052881984,
  "test_ece": 0.07849807245977994,
  "test_per_class_f1": [
    0.6586826347305389,
    0.8571428571428571,
    0.8333333333333334,
    0.8936170212765957,
    0.5287356321839081,
    0.5333333333333333,
    0.0,
    0.8333333333333334,
    0.903954802259887
  ],
  "dev_error_rate": 22.76785714285714,
  "dev_macro_f1": 0.7068575122652562,
  "dev_ece": 0.1129947477020323,
  "stopping_strategy": "baseline",
  "lambda1_mean": 1.0434536576843185,
  "lambda1_std": 0.17243356161920687,
  "lambda2_mean": 0.6318108013121695,
  "lambda2_std": 0.21692111863288588
}