{
  "event": "hurricane_maria_2017",
  "budget": 50,
  "seed_set": 2,
  "test_error_rate": 29.126213592233007,
  "test_macro_f1": 0.6628834105994728,
  "test_ece": 0.172411769525188,
  "test_per_class_f1": [
    0.6,
    0.6666666666666666,
    0.8661157024793389,
    0.8992248062015504,
    0.3053435114503817,
    0.44306418219461696,
    0.6853146853146853,
    0.8235294117647058,
    0.6766917293233082
  ],
  "dev_error_rate": 28.4366576819407,
  "dev_macro_f1": 0.6893779381921701,
  "dev_ece": 0.17118764425705713,
  "stopping_strategy": "per_class_patience",
  "lambda1_mean": 1.0585587307272473,
  "lambda1_std": 0.21930539452364384,
  "lambda2_mean": 0.5698624323567437,
  "lambda2_std": 0.1794576319884454
}