{
  "event": "hurricane_irma_2017",
  "budget": 5,
  "seed_set": 3,
  "test_error_rate": 36.89581095596133,
  "test_macro_f1": 0.6071450808697557,
  "test_ece": 0.29538800987534053,
  "test_per_class_f1": [
    0.5675675675675675,
    0.7865853658536586,
    0.7174770039421814,
    0.9375,
    0.47560975609756095,
    0.2755267423014587,
    0.3333333333333333,
    0.7482993197278912,
    0.6224066390041494
  ],
  "dev_error_rate": 36.95198329853863,
  "dev_macro_f1": 0.6114041863946157,
  "dev_ece": 0.2943212635395174,
  "stopping_strategy": "scaled_threshold",
  "phase1_seed_strategy": "last",
  "phase1_best_epoch": null,
  "lambda1_mean": 1.115300824838716,
  "lambda1_std": 0.13372988361007157,
  "lambda2_mean": 0.6809578174817168,
  "lambda2_std": 0.1338016896697023
}