{
  "event": "hurricane_harvey_2017",
  "budget": 25,
  "seed_set": 2,
  "test_error_rate": 30.692520775623265,
  "test_macro_f1": 0.6648870772806306,
  "test_ece": 0.10072233696723579,
  "test_per_class_f1": [
    0.6502057613168725,
    0.8463949843260188,
    0.8111587982832618,
    0.9047619047619048,
    0.3744292237442922,
    0.4868651488616462,
    0.36885245901639346,
    0.7881773399014779,
    0.7531380753138075
  ],
  "dev_error_rate": 29.60172228202368,
  "dev_macro_f1": 0.6809593635038217,
  "dev_ece": 0.08178716487340447,
  "stopping_strategy": "balanced_dev",
  "phase1_seed_strategy": "last",
  "phase1_best_epoch": null,
  "lambda1_mean": 1.0707724062397685,
  "lambda1_std": 0.21319915429309844,
  "lambda2_mean": 0.4855199246838084,
  "lambda2_std": 0.18145361941420857
}