{
  "event": "hurricane_dorian_2019",
  "budget": 50,
  "seed_set": 1,
  "test_error_rate": 34.08488063660477,
  "test_macro_f1": 0.6052491296806068,
  "test_ece": 0.0936920268347472,
  "test_per_class_f1": [
    0.6295585412667947,
    0.9101449275362319,
    0.6356589147286822,
    0.45,
    0.5674931129476584,
    0.39908256880733944,
    0.2,
    0.8267326732673267,
    0.8285714285714286
  ],
  "dev_error_rate": 34.5360824742268,
  "dev_macro_f1": 0.6236723351910043,
  "dev_ece": 0.08807211739884822,
  "stopping_strategy": "weighted_macro_f1",
  "lambda1_mean": 1.0622126213927514,
  "lambda1_std": 0.2239970261901009,
  "lambda2_mean": 0.5884786064343205,
  "lambda2_std": 0.1792733769247367
}