{
  "event": "hurricane_florence_2018",
  "budget": 25,
  "seed_set": 3,
  "test_error_rate": 25.382755842062853,
  "test_macro_f1": 0.6672885794908657,
  "test_ece": 0.11417041350333178,
  "test_per_class_f1": [
    0.7195121951219512,
    0.7902097902097902,
    0.6388888888888888,
    0.9090909090909091,
    0.8116710875331565,
    0.4280936454849498,
    0.0,
    0.8464285714285714,
    0.8617021276595744
  ],
  "dev_error_rate": 26.291079812206576,
  "dev_macro_f1": 0.678739100167162,
  "dev_ece": 0.12912549924962397,
  "stopping_strategy": "scaled_threshold",
  "phase1_seed_strategy": "last",
  "phase1_best_epoch": null,
  "lambda1_mean": 1.1012382232175733,
  "lambda1_std": 0.16968726712886514,
  "lambda2_mean": 0.6641079562649214,
  "lambda2_std": 0.14481410731812114
}