{
  "event": "hurricane_florence_2018",
  "budget": 50,
  "seed_set": 1,
  "test_error_rate": 26.99435938759065,
  "test_macro_f1": 0.6753518206022342,
  "test_ece": 0.11826165043279879,
  "test_per_class_f1": [
    0.6831460674157304,
    0.8287671232876712,
    0.593939393939394,
    0.896,
    0.8439024390243902,
    0.379182156133829,
    0.23255813953488372,
    0.8226415094339623,
    0.7980295566502463
  ],
  "dev_error_rate": 24.100156494522697,
  "dev_macro_f1": 0.7008540514648429,
  "dev_ece": 0.10521233091145427,
  "stopping_strategy": "scaled_threshold",
  "lambda1_mean": 1.0057484344122678,
  "lambda1_std": 0.24372660330540633,
  "lambda2_mean": 0.6183891159355756,
  "lambda2_std": 0.22682301870868862
}