{
  "event": "cyclone_idai_2019",
  "budget": 25,
  "seed_set": 3,
  "test_error_rate": 30.166880616174584,
  "test_macro_f1": 0.589250431696533,
  "test_ece": 0.10922770334147064,
  "test_per_class_f1": [
    0.41379310344827586,
    0.4864864864864865,
    0.7898089171974523,
    0.9017341040462428,
    0.6666666666666666,
    0.43902439024390244,
    0.34710743801652894,
    0.2545454545454545,
    0.7811550151975684,
    0.8121827411167513
  ],
  "dev_error_rate": 33.41645885286783,
  "dev_macro_f1": 0.45943580339231727,
  "dev_ece": 0.09295616014639935,
  "stopping_strategy": "balanced_dev",
  "phase1_seed_strategy": "last",
  "phase1_best_epoch": null,
  "lambda1_mean": 0.7902266501639399,
  "lambda1_std": 0.3679013823251827,
  "lambda2_mean": 0.2746691443701458,
  "lambda2_std": 0.18035254124566508
}