{
  "event": "cyclone_idai_2019",
  "budget": 5,
  "seed_set": 1,
  "test_error_rate": 24.13350449293966,
  "test_macro_f1": 0.573306000928281,
  "test_ece": 0.08728667271152538,
  "test_per_class_f1": [
    0.17391304347826086,
    0.6206896551724138,
    0.7792207792207793,
    0.8941176470588236,
    0.4,
    0.2608695652173913,
    0.4745762711864407,
    0.49230769230769234,
    0.850480109739369,
    0.7868852459016393
  ],
  "dev_error_rate": 26.43391521197007,
  "dev_macro_f1": 0.5159070361163385,
  "dev_ece": 0.10096485329387792,
  "lambda1_mean": 0.7517728222792859,
  "lambda1_std": 0.20898142766129035,
  "lambda2_mean": 0.15106652880070826,
  "lambda2_std": 0.061931154203819054
}