{
  "event": "kerala_floods_2018",
  "budget": 5,
  "seed_set": 2,
  "test_error_rate": 29.45638432364096,
  "test_macro_f1": 0.5588872144151923,
  "test_per_class_f1": [
    0.463768115942029,
    0.25,
    0.5314685314685315,
    0.8235294117647058,
    0.3979591836734694,
    0.41040462427745666,
    0.6574074074074074,
    0.848198464264619,
    0.6472491909385113
  ],
  "dev_error_rate": 27.51842751842751,
  "dev_macro_f1": 0.6055615702316709,
  "lambda1_mean": 1.0908595337138922,
  "lambda1_std": 0.1854819983173315,
  "lambda2_mean": 0.5599657415233955,
  "lambda2_std": 0.15038773981404194
}