{
  "event": "hurricane_harvey_2017",
  "budget": 25,
  "seed_set": 1,
  "test_error_rate": 28.14404432132964,
  "test_macro_f1": 0.6728864201644033,
  "test_ece": 0.14342630330545417,
  "test_per_class_f1": [
    0.6271186440677966,
    0.8880866425992779,
    0.8188976377952756,
    0.8762541806020067,
    0.37,
    0.47794117647058826,
    0.43333333333333335,
    0.8315217391304348,
    0.732824427480916
  ],
  "dev_error_rate": 28.52529601722282,
  "dev_macro_f1": 0.6825289139876103,
  "dev_ece": 0.15173450179710843,
  "stopping_strategy": "scaled_threshold",
  "phase1_seed_strategy": "last",
  "phase1_best_epoch": null,
  "lambda1_mean": 1.0386247772777428,
  "lambda1_std": 0.22058228301466037,
  "lambda2_mean": 0.5496300863686874,
  "lambda2_std": 0.2053770554052715
}