{
  "event": "hurricane_dorian_2019",
  "budget": 25,
  "seed_set": 1,
  "test_error_rate": 37.864721485411145,
  "test_macro_f1": 0.5801708511935626,
  "test_ece": 0.11169126507299965,
  "test_per_class_f1": [
    0.5781818181818181,
    0.8722222222222222,
    0.611764705882353,
    0.43902439024390244,
    0.5321637426900585,
    0.3482142857142857,
    0.25210084033613445,
    0.7981220657276995,
    0.7897435897435897
  ],
  "dev_error_rate": 36.21134020618557,
  "dev_macro_f1": 0.6143003253136732,
  "dev_ece": 0.10256877234301616,
  "lambda1_mean": 0.8710485519609157,
  "lambda1_std": 0.16215185970845616,
  "lambda2_mean": 0.17747875263870921,
  "lambda2_std": 0.055037266402780095
}