{
  "event": "california_wildfires_2018",
  "budget": 5,
  "seed_set": 1,
  "test_error_rate": 29.158110882956876,
  "test_macro_f1": 0.6079019886163008,
  "test_ece": 0.15334270059205665,
  "test_per_class_f1": [
    0.4262295081967213,
    0.7337278106508875,
    0.5638297872340425,
    0.8883116883116883,
    0.6865671641791045,
    0.676818950930626,
    0.3102310231023102,
    0.2962962962962963,
    0.8241965973534972,
    0.6728110599078341
  ],
  "dev_error_rate": 27.393617021276594,
  "dev_macro_f1": 0.6306291770000916,
  "dev_ece": 0.14795807398300861,
  "stopping_strategy": "baseline",
  "lambda1_mean": 0.5109623179709263,
  "lambda1_std": 0.22262153199866336,
  "lambda2_mean": 0.616121663306845,
  "lambda2_std": 0.20234939012636086
}