{
  "event": "hurricane_dorian_2019",
  "budget": 50,
  "seed_set": 2,
  "test_error_rate": 34.94694960212201,
  "test_macro_f1": 0.6015811685163108,
  "test_ece": 0.1922906418812686,
  "test_per_class_f1": [
    0.6141414141414141,
    0.8997134670487106,
    0.6263736263736264,
    0.40816326530612246,
    0.5623188405797102,
    0.47950819672131145,
    0.21212121212121213,
    0.8042895442359249,
    0.8076009501187649
  ],
  "dev_error_rate": 35.18041237113402,
  "dev_macro_f1": 0.6111368471493889,
  "dev_ece": 0.1904410946077293,
  "stopping_strategy": "weighted_macro_f1",
  "phase1_seed_strategy": "last",
  "phase1_best_epoch": null,
  "lambda1_mean": 0.9857008602734026,
  "lambda1_std": 0.2888864464280092,
  "lambda2_mean": 0.5910413112630416,
  "lambda2_std": 0.28913871779405825
}