{
  "event": "kerala_floods_2018",
  "budget": 5,
  "seed_set": 3,
  "test_error_rate": 29.266750948166877,
  "test_macro_f1": 0.5647401085437865,
  "test_ece": 0.2182261804036334,
  "test_per_class_f1": [
    0.48484848484848486,
    0.3111111111111111,
    0.5081967213114754,
    0.8091603053435115,
    0.4260869565217391,
    0.36075949367088606,
    0.6774193548387096,
    0.8492343934040048,
    0.6558441558441559
  ],
  "dev_error_rate": 27.395577395577398,
  "dev_macro_f1": 0.6079232960651066,
  "dev_ece": 0.21564637047652824,
  "stopping_strategy": "balanced_dev",
  "phase1_seed_strategy": "last",
  "phase1_best_epoch": null,
  "lambda1_mean": 1.1184898067350586,
  "lambda1_std": 0.15191530970542672,
  "lambda2_mean": 0.5973001768766039,
  "lambda2_std": 0.12851186397394568
}