{
  "event": "hurricane_florence_2018",
  "budget": 50,
  "seed_set": 1,
  "test_error_rate": 28.203062046736505,
  "test_macro_f1": 0.661180197866161,
  "test_per_class_f1": [
    0.7198275862068966,
    0.8271186440677966,
    0.5609756097560976,
    0.9032258064516129,
    0.8320413436692506,
    0.379746835443038,
    0.15584415584415584,
    0.783109404990403,
    0.7887323943661971
  ],
  "dev_error_rate": 24.100156494522697,
  "dev_macro_f1": 0.6977135744383646,
  "lambda1_mean": 1.0542564637219907,
  "lambda1_std": 0.22485933778317876,
  "lambda2_mean": 0.5759191698250742,
  "lambda2_std": 0.17741354233046813
}