{
  "event": "hurricane_florence_2018",
  "budget": 5,
  "seed_set": 2,
  "test_error_rate": 25.785656728444806,
  "test_macro_f1": 0.6345398119195474,
  "test_per_class_f1": [
    0.7004048582995951,
    0.8029739776951673,
    0.5777777777777777,
    0.896,
    0.8463356973995272,
    0.24338624338624337,
    0.0,
    0.8478632478632478,
    0.7961165048543689
  ],
  "dev_error_rate": 23.004694835680752,
  "dev_macro_f1": 0.6645894500646681,
  "lambda1_mean": 1.0904710957985828,
  "lambda1_std": 0.1864967070466263,
  "lambda2_mean": 0.5674088007021207,
  "lambda2_std": 0.14360606445313542
}