{
  "event": "cyclone_idai_2019",
  "budget": 50,
  "seed_set": 2,
  "test_error_rate": 28.626444159178433,
  "test_macro_f1": 0.6424145915911383,
  "test_per_class_f1": [
    0.45614035087719296,
    0.625,
    0.8285714285714286,
    0.9180327868852459,
    1.0,
    0.3548387096774194,
    0.3333333333333333,
    0.3488372093023256,
    0.7993920972644377,
    0.76
  ],
  "dev_error_rate": 28.428927680798,
  "dev_macro_f1": 0.5306041659588218,
  "lambda1_mean": 0.9890557113915128,
  "lambda1_std": 0.3274997699141033,
  "lambda2_mean": 0.5257805395894362,
  "lambda2_std": 0.221831801862406
}