{
  "event": "kaikoura_earthquake_2016",
  "budget": 50,
  "seed_set": 2,
  "test_error_rate": 25.977011494252878,
  "test_macro_f1": 0.6828355191581368,
  "test_ece": 0.1138807415962219,
  "test_per_class_f1": [
    0.7159090909090909,
    0.8571428571428571,
    0.8656716417910447,
    0.8936170212765957,
    0.3611111111111111,
    0.5116279069767442,
    0.15384615384615385,
    0.891566265060241,
    0.8950276243093923
  ],
  "dev_error_rate": 27.23214285714286,
  "dev_macro_f1": 0.6891615341542063,
  "dev_ece": 0.11567468648510319,
  "stopping_strategy": "no_early_stopping",
  "lambda1_mean": 0.856181399043654,
  "lambda1_std": 0.3139136305797518,
  "lambda2_mean": 0.3884015885251087,
  "lambda2_std": 0.21704375964178976
}