{
  "event": "hurricane_irma_2017",
  "budget": 10,
  "seed_set": 3,
  "test_error_rate": 36.73469387755102,
  "test_macro_f1": 0.6088858312595384,
  "test_ece": 0.2919333631574915,
  "test_per_class_f1": [
    0.5696594427244582,
    0.7784431137724551,
    0.7243675099866844,
    0.9344729344729344,
    0.478494623655914,
    0.28852459016393445,
    0.32,
    0.7425320056899004,
    0.6434782608695652
  ],
  "dev_error_rate": 38.20459290187892,
  "dev_macro_f1": 0.5980804689973467,
  "dev_ece": 0.303906050100456,
  "stopping_strategy": "per_class_patience",
  "lambda1_mean": 1.055455370995688,
  "lambda1_std": 0.2414439262634703,
  "lambda2_mean": 0.5296376992095123,
  "lambda2_std": 0.16277837547668567
}