{
  "event": "hurricane_florence_2018",
  "budget": 5,
  "seed_set": 1,
  "test_error_rate": 25.624496373892026,
  "test_macro_f1": 0.6794240635429318,
  "test_ece": 0.1406703458304947,
  "test_per_class_f1": [
    0.7056603773584905,
    0.7664233576642335,
    0.5964912280701754,
    0.9322033898305084,
    0.8465116279069768,
    0.3431372549019608,
    0.2727272727272727,
    0.8388278388278388,
    0.8128342245989305
  ],
  "dev_error_rate": 23.78716744913928,
  "dev_macro_f1": 0.680476585154756,
  "dev_ece": 0.13878112075287788,
  "stopping_strategy": "no_early_stopping",
  "lambda1_mean": 1.0937135646632337,
  "lambda1_std": 0.1809381158035125,
  "lambda2_mean": 0.5987200112826773,
  "lambda2_std": 0.14829684641653867
}