{
  "event": "hurricane_dorian_2019",
  "budget": 10,
  "seed_set": 1,
  "test_error_rate": 37.3342175066313,
  "test_macro_f1": 0.567117311233614,
  "test_ece": 0.1928292471490583,
  "test_per_class_f1": [
    0.6094570928196147,
    0.8660968660968661,
    0.592391304347826,
    0.3870967741935484,
    0.5857519788918206,
    0.2582278481012658,
    0.21176470588235294,
    0.7932692307692307,
    0.8
  ],
  "dev_error_rate": 41.75257731958762,
  "dev_macro_f1": 0.5495807214661721,
  "dev_ece": 0.2302524938257699,
  "stopping_strategy": "no_early_stopping",
  "lambda1_mean": 1.0895885906598415,
  "lambda1_std": 0.18896089973296235,
  "lambda2_mean": 0.6050967222709285,
  "lambda2_std": 0.15685382768052625
}