{
  "event": "kaikoura_earthquake_2016",
  "budget": 50,
  "seed_set": 1,
  "test_error_rate": 23.908045977011493,
  "test_macro_f1": 0.7536131438473904,
  "test_ece": 0.10986664966605178,
  "test_per_class_f1": [
    0.7142857142857143,
    0.8333333333333334,
    0.8656716417910447,
    0.9767441860465116,
    0.574468085106383,
    0.496,
    0.5454545454545454,
    0.8674698795180723,
    0.9090909090909091
  ],
  "dev_error_rate": 24.10714285714286,
  "dev_macro_f1": 0.6906756304293629,
  "dev_ece": 0.1109122229473931,
  "stopping_strategy": "no_early_stopping",
  "lambda1_mean": 0.6963469650926074,
  "lambda1_std": 0.2735189552167998,
  "lambda2_mean": 0.25458249516725695,
  "lambda2_std": 0.17651586972736502
}