{
  "event": "hurricane_florence_2018",
  "budget": 25,
  "seed_set": 2,
  "test_error_rate": 23.85173247381144,
  "test_macro_f1": 0.6767243905423173,
  "test_ece": 0.08702018482371936,
  "test_per_class_f1": [
    0.7346072186836518,
    0.8285714285714286,
    0.5833333333333334,
    0.912,
    0.8614609571788413,
    0.3448275862068966,
    0.12121212121212122,
    0.863481228668942,
    0.841025641025641
  ],
  "dev_error_rate": 22.535211267605636,
  "dev_macro_f1": 0.6921578105328906,
  "dev_ece": 0.10427713823243859,
  "stopping_strategy": "balanced_dev",
  "phase1_seed_strategy": "last",
  "phase1_best_epoch": null,
  "lambda1_mean": 1.0613769674010018,
  "lambda1_std": 0.19957062514560267,
  "lambda2_mean": 0.5099638543195033,
  "lambda2_std": 0.15079157102141064
}