{
  "event": "hurricane_harvey_2017",
  "budget": 25,
  "seed_set": 1,
  "test_error_rate": 28.421052631578945,
  "test_macro_f1": 0.6678683754128443,
  "test_ece": 0.1206111758369488,
  "test_per_class_f1": [
    0.6194690265486725,
    0.8493150684931506,
    0.8223552894211577,
    0.8562091503267973,
    0.36649214659685864,
    0.47377938517179025,
    0.4530386740331492,
    0.8340971585701191,
    0.7360594795539034
  ],
  "dev_error_rate": 28.740581270182997,
  "dev_macro_f1": 0.6790227565134418,
  "dev_ece": 0.12629894637958866,
  "stopping_strategy": "balanced_dev",
  "phase1_seed_strategy": "last",
  "phase1_best_epoch": null,
  "lambda1_mean": 1.0386247772777428,
  "lambda1_std": 0.22058228301466037,
  "lambda2_mean": 0.5496300863686874,
  "lambda2_std": 0.2053770554052715
}