{
  "event": "canada_wildfires_2016",
  "budget": 50,
  "seed_set": 3,
  "test_error_rate": 22.696629213483142,
  "test_macro_f1": 0.6362565901458718,
  "test_ece": 0.11325727038169178,
  "test_per_class_f1": [
    0.4186046511627907,
    0.8662420382165605,
    0.8846153846153846,
    0.2777777777777778,
    0.5196850393700787,
    0.4444444444444444,
    0.8908045977011494,
    0.7878787878787878
  ],
  "dev_error_rate": 18.42105263157895,
  "dev_macro_f1": 0.7233297754585706,
  "dev_ece": 0.10026487512023821,
  "stopping_strategy": "baseline",
  "lambda1_mean": 0.9990324485486936,
  "lambda1_std": 0.19878337592299564,
  "lambda2_mean": 0.8008599564351755,
  "lambda2_std": 0.24695402857799362
}