{
  "event": "hurricane_irma_2017",
  "budget": 5,
  "seed_set": 1,
  "test_error_rate": 34.53276047261009,
  "test_macro_f1": 0.628187052684567,
  "test_ece": 0.2531805835208114,
  "test_per_class_f1": [
    0.5816993464052288,
    0.8085106382978723,
    0.7549148099606815,
    0.9344729344729344,
    0.49375,
    0.3622526636225266,
    0.3333333333333333,
    0.7384615384615385,
    0.6462882096069869
  ],
  "dev_error_rate": 36.22129436325678,
  "dev_macro_f1": 0.629257156588104,
  "dev_ece": 0.2630021005308951,
  "stopping_strategy": "scaled_threshold",
  "phase1_seed_strategy": "last",
  "phase1_best_epoch": null,
  "lambda1_mean": 1.0746757448233755,
  "lambda1_std": 0.22648862039462714,
  "lambda2_mean": 0.5647619025878281,
  "lambda2_std": 0.17229810030894044
}