{
  "event": "canada_wildfires_2016",
  "budget": 5,
  "seed_set": 1,
  "test_error_rate": 23.59550561797753,
  "test_macro_f1": 0.5690120423217949,
  "test_per_class_f1": [
    0.41025641025641024,
    0.8452380952380952,
    0.8910891089108911,
    0.3157894736842105,
    0.3870967741935484,
    0.0,
    0.8961748633879781,
    0.8064516129032258
  ],
  "dev_error_rate": 23.245614035087712,
  "dev_macro_f1": 0.5662625634408565,
  "lambda1_mean": 1.0363995397989947,
  "lambda1_std": 0.2137523225952507,
  "lambda2_mean": 0.480884475981005,
  "lambda2_std": 0.17868236662523856
}