{
  "event": "cyclone_idai_2019",
  "budget": 25,
  "seed_set": 3,
  "test_error_rate": 31.835686777920415,
  "test_macro_f1": 0.5928112119750757,
  "test_per_class_f1": [
    0.41025641025641024,
    0.5641025641025641,
    0.7875,
    0.8805031446540881,
    0.6666666666666666,
    0.3448275862068966,
    0.40601503759398494,
    0.2835820895522388,
    0.7574334898278561,
    0.8272251308900523
  ],
  "dev_error_rate": 32.66832917705735,
  "dev_macro_f1": 0.5083328542843424,
  "lambda1_mean": 1.0136890518628054,
  "lambda1_std": 0.29329524208687724,
  "lambda2_mean": 0.5099393770542069,
  "lambda2_std": 0.2034048414901219
}