{
  "event": "hurricane_dorian_2019",
  "budget": 50,
  "seed_set": 3,
  "test_error_rate": 35.0132625994695,
  "test_macro_f1": 0.6004872698243219,
  "test_per_class_f1": [
    0.6078028747433265,
    0.899135446685879,
    0.6701030927835051,
    0.391304347826087,
    0.5508982035928144,
    0.49710982658959535,
    0.21374045801526717,
    0.7543859649122807,
    0.8199052132701422
  ],
  "dev_error_rate": 38.27319587628865,
  "dev_macro_f1": 0.5821681172220414,
  "lambda1_mean": 1.0369572357270338,
  "lambda1_std": 0.26366201413960894,
  "lambda2_mean": 0.578154076219387,
  "lambda2_std": 0.1974012342075636
}