{
  "event": "hurricane_florence_2018",
  "budget": 25,
  "seed_set": 3,
  "test_error_rate": 25.705076551168414,
  "test_macro_f1": 0.6860053200422667,
  "test_ece": 0.08715333677317999,
  "test_per_class_f1": [
    0.7004405286343612,
    0.8071428571428572,
    0.6363636363636364,
    0.9243697478991597,
    0.8380462724935732,
    0.463768115942029,
    0.13559322033898305,
    0.8442028985507246,
    0.8241206030150754
  ],
  "dev_error_rate": 25.19561815336463,
  "dev_macro_f1": 0.6847938805333932,
  "dev_ece": 0.10648324152859914,
  "stopping_strategy": "balanced_dev",
  "phase1_seed_strategy": "last",
  "phase1_best_epoch": null,
  "lambda1_mean": 1.1012382232175733,
  "lambda1_std": 0.16968726712886514,
  "lambda2_mean": 0.6641079562649214,
  "lambda2_std": 0.14481410731812114
}