{
  "event": "hurricane_florence_2018",
  "budget": 50,
  "seed_set": 3,
  "test_error_rate": 26.107977437550367,
  "test_macro_f1": 0.6678022940959161,
  "test_per_class_f1": [
    0.7172995780590717,
    0.8292682926829268,
    0.6013071895424836,
    0.9047619047619048,
    0.8302872062663186,
    0.3898305084745763,
    0.10526315789473684,
    0.841726618705036,
    0.7904761904761904
  ],
  "dev_error_rate": 23.317683881064166,
  "dev_macro_f1": 0.7112101592588429,
  "lambda1_mean": 1.0558472125577059,
  "lambda1_std": 0.23107855437017785,
  "lambda2_mean": 0.5779251197891626,
  "lambda2_std": 0.1770582016079046
}