{
  "event": "hurricane_irma_2017",
  "budget": 5,
  "seed_set": 2,
  "test_error_rate": 36.19763694951666,
  "test_macro_f1": 0.6203576193204438,
  "test_ece": 0.2903406937575622,
  "test_per_class_f1": [
    0.5979381443298969,
    0.7859237536656891,
    0.7382198952879581,
    0.9283667621776505,
    0.4857142857142857,
    0.27378964941569284,
    0.4117647058823529,
    0.7416666666666667,
    0.6198347107438017
  ],
  "dev_error_rate": 37.05636743215032,
  "dev_macro_f1": 0.6107016711969869,
  "dev_ece": 0.30012381160806756,
  "stopping_strategy": "balanced_dev",
  "phase1_seed_strategy": "last",
  "phase1_best_epoch": null,
  "lambda1_mean": 1.1040548318957106,
  "lambda1_std": 0.16265272212615595,
  "lambda2_mean": 0.627278393121505,
  "lambda2_std": 0.14468686087139385
}