{
  "event": "hurricane_harvey_2017",
  "budget": 10,
  "seed_set": 1,
  "test_error_rate": 31.468144044321335,
  "test_macro_f1": 0.638257493457305,
  "test_ece": 0.1991125575393191,
  "test_per_class_f1": [
    0.5648148148148148,
    0.8362369337979094,
    0.75,
    0.8661971830985915,
    0.38181818181818183,
    0.4171322160148976,
    0.4444444444444444,
    0.8237410071942446,
    0.6599326599326599
  ],
  "dev_error_rate": 30.139935414424112,
  "dev_macro_f1": 0.6603367519309349,
  "dev_ece": 0.18447613225301454,
  "stopping_strategy": "scaled_threshold",
  "phase1_seed_strategy": "last",
  "phase1_best_epoch": null,
  "lambda1_mean": 1.0854754869795173,
  "lambda1_std": 0.18596731491975302,
  "lambda2_mean": 0.5537342362801554,
  "lambda2_std": 0.16670170731294953
}