{
  "event": "cyclone_idai_2019",
  "budget": 5,
  "seed_set": 3,
  "test_error_rate": 25.54557124518614,
  "test_macro_f1": 0.5358031914801938,
  "test_ece": 0.08358290053148479,
  "test_per_class_f1": [
    0.2727272727272727,
    0.4444444444444444,
    0.7785234899328859,
    0.9058823529411765,
    0.0,
    0.43243243243243246,
    0.46408839779005523,
    0.3939393939393939,
    0.8362068965517241,
    0.8297872340425532
  ],
  "dev_error_rate": 28.6783042394015,
  "dev_macro_f1": 0.5043644963893075,
  "dev_ece": 0.08978714167774465,
  "stopping_strategy": "weighted_macro_f1",
  "phase1_seed_strategy": "last",
  "phase1_best_epoch": null,
  "lambda1_mean": 0.9859284462976369,
  "lambda1_std": 0.31590163880660127,
  "lambda2_mean": 0.5032469120217321,
  "lambda2_std": 0.21403635199553872
}