{
  "event": "hurricane_florence_2018",
  "budget": 5,
  "seed_set": 1,
  "test_error_rate": 25.382755842062853,
  "test_macro_f1": 0.6457603334502222,
  "test_per_class_f1": [
    0.6946107784431138,
    0.7924528301886793,
    0.5780346820809249,
    0.9090909090909091,
    0.85,
    0.27884615384615385,
    0.0,
    0.8546409807355516,
    0.8541666666666666
  ],
  "dev_error_rate": 22.535211267605636,
  "dev_macro_f1": 0.6752665572500295,
  "lambda1_mean": 1.0921928108048753,
  "lambda1_std": 0.18504926915027417,
  "lambda2_mean": 0.5749271227134547,
  "lambda2_std": 0.14831701916784332
}