{
  "event": "hurricane_maria_2017",
  "budget": 5,
  "seed_set": 1,
  "test_error_rate": 32.17753120665742,
  "test_macro_f1": 0.6353491736674692,
  "test_ece": 0.19479523502011245,
  "test_per_class_f1": [
    0.5663716814159292,
    0.7123287671232876,
    0.8374384236453202,
    0.9243697478991597,
    0.3484848484848485,
    0.2871536523929471,
    0.5714285714285714,
    0.8201603665521191,
    0.6504065040650406
  ],
  "dev_error_rate": 31.266846361185983,
  "dev_macro_f1": 0.6312244920599975,
  "dev_ece": 0.20085488645374933,
  "stopping_strategy": "balanced_dev",
  "phase1_seed_strategy": "last",
  "phase1_best_epoch": null,
  "lambda1_mean": 1.0853768748854837,
  "lambda1_std": 0.1873524982171975,
  "lambda2_mean": 0.511491055735153,
  "lambda2_std": 0.16787272951274215
}