{
  "event": "california_wildfires_2018",
  "budget": 25,
  "seed_set": 2,
  "test_error_rate": 29.089664613278575,
  "test_macro_f1": 0.648835914597125,
  "test_ece": 0.11065230887283778,
  "test_per_class_f1": [
    0.52,
    0.7831325301204819,
    0.624390243902439,
    0.8934993084370678,
    0.735632183908046,
    0.5450236966824644,
    0.4970178926441352,
    0.3111111111111111,
    0.8392156862745098,
    0.7393364928909952
  ],
  "dev_error_rate": 28.5904255319149,
  "dev_macro_f1": 0.6689119800005521,
  "dev_ece": 0.12657230472231798,
  "stopping_strategy": "scaled_threshold",
  "phase1_seed_strategy": "last",
  "phase1_best_epoch": null,
  "lambda1_mean": 1.0626003473129633,
  "lambda1_std": 0.24455740629681877,
  "lambda2_mean": 0.5544626922879915,
  "lambda2_std": 0.1869526012035515
}