{
  "event": "hurricane_harvey_2017",
  "budget": 25,
  "seed_set": 2,
  "test_error_rate": 28.587257617728532,
  "test_macro_f1": 0.6795558883595563,
  "test_ece": 0.08901529298925002,
  "test_per_class_f1": [
    0.6122448979591837,
    0.8721311475409836,
    0.8451882845188284,
    0.9122807017543859,
    0.37130801687763715,
    0.4788732394366197,
    0.44324324324324327,
    0.8184383819379115,
    0.7622950819672131
  ],
  "dev_error_rate": 28.740581270182997,
  "dev_macro_f1": 0.686762281050626,
  "dev_ece": 0.09513790361719573,
  "lambda1_mean": 0.8930413621610508,
  "lambda1_std": 0.13794055796433524,
  "lambda2_mean": 0.18297824041899888,
  "lambda2_std": 0.054218132434361854
}