{
  "event": "hurricane_maria_2017",
  "budget": 10,
  "seed_set": 3,
  "test_error_rate": 32.80166435506241,
  "test_macro_f1": 0.6400409943019794,
  "test_ece": 0.2301372224762106,
  "test_per_class_f1": [
    0.5689655172413793,
    0.65,
    0.8187919463087249,
    0.9243697478991597,
    0.3157894736842105,
    0.38155136268343814,
    0.6285714285714286,
    0.8056628056628057,
    0.6666666666666666
  ],
  "dev_error_rate": 30.592991913746626,
  "dev_macro_f1": 0.6667961294396176,
  "dev_ece": 0.20808897828156095,
  "stopping_strategy": "balanced_dev",
  "phase1_seed_strategy": "last",
  "phase1_best_epoch": null,
  "lambda1_mean": 1.0702928532382783,
  "lambda1_std": 0.2024649894425387,
  "lambda2_mean": 0.5443235102066332,
  "lambda2_std": 0.16881381554955718
}