{
  "event": "canada_wildfires_2016",
  "budget": 25,
  "seed_set": 1,
  "test_error_rate": 23.59550561797753,
  "test_macro_f1": 0.601988484049216,
  "test_ece": 0.0763572189915046,
  "test_per_class_f1": [
    0.4090909090909091,
    0.8622754491017964,
    0.8623853211009175,
    0.32558139534883723,
    0.45098039215686275,
    0.25,
    0.8863636363636364,
    0.7692307692307693
  ],
  "dev_error_rate": 21.49122807017544,
  "dev_macro_f1": 0.6964532319203081,
  "dev_ece": 0.059865496137685964,
  "stopping_strategy": "weighted_macro_f1",
  "phase1_seed_strategy": "last",
  "phase1_best_epoch": null,
  "lambda1_mean": 0.9003838624466294,
  "lambda1_std": 0.3113112611696262,
  "lambda2_mean": 0.3493790814875066,
  "lambda2_std": 0.18624721282595447
}