{
  "event": "california_wildfires_2018",
  "budget": 10,
  "seed_set": 1,
  "test_error_rate": 27.241615331964407,
  "test_macro_f1": 0.6290851631588005,
  "test_ece": 0.16028065039106304,
  "test_per_class_f1": [
    0.43902439024390244,
    0.7529411764705882,
    0.5978260869565217,
    0.9161290322580645,
    0.7297297297297297,
    0.6850828729281768,
    0.35947712418300654,
    0.32,
    0.8360957642725598,
    0.6545454545454545
  ],
  "dev_error_rate": 28.191489361702125,
  "dev_macro_f1": 0.6019899490092326,
  "dev_ece": 0.17337156332870748,
  "lambda1_mean": 0.8231331006480045,
  "lambda1_std": 0.16039592644492234,
  "lambda2_mean": 0.16262763830999366,
  "lambda2_std": 0.05633536351204086
}