{
  "event": "hurricane_maria_2017",
  "budget": 50,
  "seed_set": 3,
  "test_error_rate": 29.680998613037445,
  "test_macro_f1": 0.6742914713070323,
  "test_per_class_f1": [
    0.6987951807228916,
    0.7323943661971831,
    0.8613861386138614,
    0.8787878787878788,
    0.37681159420289856,
    0.4370860927152318,
    0.5878378378378378,
    0.7967289719626168,
    0.6987951807228916
  ],
  "dev_error_rate": 27.49326145552561,
  "dev_macro_f1": 0.6869572910975688,
  "lambda1_mean": 1.063426549980891,
  "lambda1_std": 0.21820760610122228,
  "lambda2_mean": 0.569214990893582,
  "lambda2_std": 0.17297590151076178
}