{
  "event": "hurricane_florence_2018",
  "budget": 25,
  "seed_set": 1,
  "test_error_rate": 26.188557614826756,
  "test_macro_f1": 0.6768551986002164,
  "test_ece": 0.07793781250162916,
  "test_per_class_f1": [
    0.6619047619047619,
    0.8135593220338984,
    0.6145251396648045,
    0.9152542372881356,
    0.8444444444444444,
    0.4065573770491803,
    0.15384615384615385,
    0.8405797101449275,
    0.841025641025641
  ],
  "dev_error_rate": 25.82159624413145,
  "dev_macro_f1": 0.6623701376682828,
  "dev_ece": 0.10142174246538785,
  "stopping_strategy": "balanced_dev",
  "phase1_seed_strategy": "last",
  "phase1_best_epoch": null,
  "lambda1_mean": 1.0602573067288334,
  "lambda1_std": 0.22332484674239728,
  "lambda2_mean": 0.5514730839591429,
  "lambda2_std": 0.179899396561637
}