{
  "event": "canada_wildfires_2016",
  "budget": 25,
  "seed_set": 1,
  "test_error_rate": 22.92134831460674,
  "test_macro_f1": 0.6109389896202422,
  "test_ece": 0.060461801290512054,
  "test_per_class_f1": [
    0.4186046511627907,
    0.8674698795180723,
    0.8703703703703703,
    0.26666666666666666,
    0.40816326530612246,
    0.3333333333333333,
    0.8975069252077562,
    0.8253968253968254
  ],
  "dev_error_rate": 21.92982456140351,
  "dev_macro_f1": 0.7079005024220466,
  "dev_ece": 0.07759504595346613,
  "stopping_strategy": "balanced_dev",
  "phase1_seed_strategy": "last",
  "phase1_best_epoch": null,
  "lambda1_mean": 0.9003838624466294,
  "lambda1_std": 0.3113112611696262,
  "lambda2_mean": 0.3493790814875066,
  "lambda2_std": 0.18624721282595447
}