{
  "event": "hurricane_harvey_2017",
  "budget": 50,
  "seed_set": 2,
  "test_error_rate": 28.36565096952909,
  "test_macro_f1": 0.6665209830187099,
  "test_ece": 0.11470573498271511,
  "test_per_class_f1": [
    0.5929203539823009,
    0.8461538461538461,
    0.8329979879275654,
    0.8989547038327527,
    0.3393939393939394,
    0.545751633986928,
    0.3786407766990291,
    0.816793893129771,
    0.7470817120622568
  ],
  "dev_error_rate": 27.98708288482239,
  "dev_macro_f1": 0.6838974651204409,
  "dev_ece": 0.10755378418512826,
  "lambda1_mean": 0.9155307821594048,
  "lambda1_std": 0.14640114417351285,
  "lambda2_mean": 0.18670978770362162,
  "lambda2_std": 0.06169458224244473
}