{
  "event": "hurricane_irma_2017",
  "budget": 25,
  "seed_set": 3,
  "test_error_rate": 33.995703544575726,
  "test_macro_f1": 0.633939991398337,
  "test_per_class_f1": [
    0.6079295154185022,
    0.8294117647058824,
    0.7931488801054019,
    0.9095890410958904,
    0.48299319727891155,
    0.39316239316239315,
    0.3434343434343434,
    0.7227138643067846,
    0.6230769230769231
  ],
  "dev_error_rate": 32.98538622129436,
  "dev_macro_f1": 0.6463612071499165,
  "lambda1_mean": 1.0736473606774588,
  "lambda1_std": 0.21892929484267454,
  "lambda2_mean": 0.5711119417616677,
  "lambda2_std": 0.16974588587554718
}