{
  "event": "california_wildfires_2018",
  "budget": 10,
  "seed_set": 3,
  "test_error_rate": 28.610540725530452,
  "test_macro_f1": 0.6330386495900824,
  "test_ece": 0.05307808885584128,
  "test_per_class_f1": [
    0.5217391304347826,
    0.7558139534883721,
    0.53,
    0.8932291666666666,
    0.7297297297297297,
    0.6009389671361502,
    0.5067873303167421,
    0.26666666666666666,
    0.8314176245210728,
    0.6940639269406392
  ],
  "dev_error_rate": 27.526595744680847,
  "dev_macro_f1": 0.6348105815976826,
  "dev_ece": 0.06315261676431974,
  "stopping_strategy": "balanced_dev",
  "phase1_seed_strategy": "last",
  "phase1_best_epoch": null,
  "lambda1_mean": 1.0266077813805417,
  "lambda1_std": 0.24411977492935574,
  "lambda2_mean": 0.503180780262882,
  "lambda2_std": 0.18731959100937046
}