{
  "event": "hurricane_harvey_2017",
  "budget": 5,
  "seed_set": 2,
  "test_error_rate": 32.52077562326869,
  "test_macro_f1": 0.6361353959941342,
  "test_ece": 0.1869804651948554,
  "test_per_class_f1": [
    0.5851851851851851,
    0.8131147540983606,
    0.7209302325581395,
    0.8904593639575972,
    0.375,
    0.38257575757575757,
    0.42105263157894735,
    0.8081556997219648,
    0.728744939271255
  ],
  "dev_error_rate": 33.90742734122713,
  "dev_macro_f1": 0.6230634308458008,
  "dev_ece": 0.20360933861768413,
  "stopping_strategy": "no_early_stopping",
  "lambda1_mean": 1.1124192599576603,
  "lambda1_std": 0.15989097111847952,
  "lambda2_mean": 0.6226902352196874,
  "lambda2_std": 0.14598018122190506
}