{
  "event": "california_wildfires_2018",
  "budget": 5,
  "seed_set": 3,
  "test_error_rate": 30.32169746748802,
  "test_macro_f1": 0.6105269802403751,
  "test_ece": 0.1698901550480962,
  "test_per_class_f1": [
    0.40963855421686746,
    0.7472527472527473,
    0.5685279187817259,
    0.9079445145018915,
    0.6571428571428571,
    0.6086956521739131,
    0.41081081081081083,
    0.3188405797101449,
    0.8032454361054767,
    0.6731707317073171
  ],
  "dev_error_rate": 29.521276595744684,
  "dev_macro_f1": 0.6259546866609491,
  "dev_ece": 0.18136628941097793,
  "stopping_strategy": "no_early_stopping",
  "lambda1_mean": 1.0744099552944235,
  "lambda1_std": 0.20663610781705039,
  "lambda2_mean": 0.4665273096998622,
  "lambda2_std": 0.15315931255633436
}