{
  "event": "kaikoura_earthquake_2016",
  "budget": 10,
  "seed_set": 1,
  "test_error_rate": 26.66666666666667,
  "test_macro_f1": 0.6766939767510265,
  "test_per_class_f1": [
    0.6781609195402298,
    0.8888888888888888,
    0.8472222222222222,
    1.0,
    0.5434782608695652,
    0.4166666666666667,
    0.0,
    0.8192771084337349,
    0.896551724137931
  ],
  "dev_error_rate": 29.910714285714292,
  "dev_macro_f1": 0.6307082149161111,
  "lambda1_mean": 1.0348223838800041,
  "lambda1_std": 0.15921277631233374,
  "lambda2_mean": 0.45479520492172504,
  "lambda2_std": 0.13039477123526333
}