{
  "event": "hurricane_maria_2017",
  "budget": 25,
  "seed_set": 3,
  "test_error_rate": 28.502080443828014,
  "test_macro_f1": 0.6806781149129426,
  "test_ece": 0.09398488923597269,
  "test_per_class_f1": [
    0.6947368421052632,
    0.6666666666666666,
    0.8735244519392917,
    0.9411764705882353,
    0.34,
    0.5009861932938856,
    0.6392961876832844,
    0.8030495552731893,
    0.6666666666666666
  ],
  "dev_error_rate": 28.975741239892184,
  "dev_macro_f1": 0.6724843150828952,
  "dev_ece": 0.10451961125967638,
  "lambda1_mean": 0.8856349746461208,
  "lambda1_std": 0.15809732309938776,
  "lambda2_mean": 0.18755490099258795,
  "lambda2_std": 0.05977069209350742
}