{
  "event": "hurricane_harvey_2017",
  "budget": 10,
  "seed_set": 2,
  "test_error_rate": 31.357340720221604,
  "test_macro_f1": 0.6491283225569487,
  "test_ece": 0.13565832072678036,
  "test_per_class_f1": [
    0.6060606060606061,
    0.8264984227129337,
    0.7385229540918163,
    0.8996539792387543,
    0.344,
    0.38476190476190475,
    0.4939759036144578,
    0.8293135435992579,
    0.7193675889328063
  ],
  "dev_error_rate": 30.355220667384287,
  "dev_macro_f1": 0.6596202201760569,
  "dev_ece": 0.11840046809102026,
  "stopping_strategy": "balanced_dev",
  "phase1_seed_strategy": "last",
  "phase1_best_epoch": null,
  "lambda1_mean": 1.0523299901207033,
  "lambda1_std": 0.23909040681113122,
  "lambda2_mean": 0.4238979229911332,
  "lambda2_std": 0.2167526974793816
}