{
  "event": "canada_wildfires_2016",
  "budget": 5,
  "seed_set": 2,
  "test_error_rate": 23.820224719101123,
  "test_macro_f1": 0.5624999782843797,
  "test_per_class_f1": [
    0.4117647058823529,
    0.8695652173913043,
    0.8910891089108911,
    0.24561403508771928,
    0.44,
    0.0,
    0.8919667590027701,
    0.75
  ],
  "dev_error_rate": 25.877192982456144,
  "dev_macro_f1": 0.5385307471471653,
  "lambda1_mean": 1.0181224116463647,
  "lambda1_std": 0.2356825822585005,
  "lambda2_mean": 0.46645612834101796,
  "lambda2_std": 0.19330446774741922
}