{
  "event": "cyclone_idai_2019",
  "budget": 25,
  "seed_set": 1,
  "test_error_rate": 25.80231065468549,
  "test_macro_f1": 0.61231861904155,
  "test_per_class_f1": [
    0.5384615384615384,
    0.4444444444444444,
    0.8378378378378378,
    0.907103825136612,
    0.6666666666666666,
    0.34615384615384615,
    0.422360248447205,
    0.3508771929824561,
    0.8321377331420373,
    0.7771428571428571
  ],
  "dev_error_rate": 26.683291770573568,
  "dev_macro_f1": 0.5227259024795712,
  "lambda1_mean": 0.9738154922744814,
  "lambda1_std": 0.33978794227174547,
  "lambda2_mean": 0.5111739536958018,
  "lambda2_std": 0.21901106032826567
}