{
  "event": "hurricane_maria_2017",
  "budget": 5,
  "seed_set": 1,
  "test_error_rate": 32.73231622746186,
  "test_macro_f1": 0.6415862924539573,
  "test_per_class_f1": [
    0.6538461538461539,
    0.7123287671232876,
    0.805921052631579,
    0.9230769230769231,
    0.3401360544217687,
    0.28354430379746837,
    0.59375,
    0.8157589803012746,
    0.6459143968871596
  ],
  "dev_error_rate": 32.47978436657682,
  "dev_macro_f1": 0.6395276324820963,
  "lambda1_mean": 1.0871049677192628,
  "lambda1_std": 0.1818325703418964,
  "lambda2_mean": 0.5645983538015426,
  "lambda2_std": 0.15325272022542324
}