{
  "event": "hurricane_harvey_2017",
  "budget": 10,
  "seed_set": 1,
  "test_error_rate": 31.855955678670355,
  "test_macro_f1": 0.6283191121690329,
  "test_ece": 0.19378841864435298,
  "test_per_class_f1": [
    0.5227272727272727,
    0.8303249097472925,
    0.7714884696016772,
    0.8805460750853242,
    0.3384615384615385,
    0.4222222222222222,
    0.36666666666666664,
    0.8245931283905967,
    0.697841726618705
  ],
  "dev_error_rate": 30.89343379978472,
  "dev_macro_f1": 0.6423908300351485,
  "dev_ece": 0.18118423213871482,
  "stopping_strategy": "balanced_dev",
  "phase1_seed_strategy": "last",
  "phase1_best_epoch": null,
  "lambda1_mean": 1.0867094717038286,
  "lambda1_std": 0.18146497428159356,
  "lambda2_mean": 0.5657248187877815,
  "lambda2_std": 0.15971020427484106
}