{
  "event": "hurricane_florence_2018",
  "budget": 5,
  "seed_set": 1,
  "test_error_rate": 24.818694601128122,
  "test_macro_f1": 0.6451048048106496,
  "test_ece": 0.1822501379909485,
  "test_per_class_f1": [
    0.7049504950495049,
    0.7956204379562044,
    0.5810055865921788,
    0.9193548387096774,
    0.85,
    0.27956989247311825,
    0.0,
    0.8606271777003485,
    0.8148148148148148
  ],
  "dev_error_rate": 22.22222222222222,
  "dev_macro_f1": 0.6638162747694815,
  "dev_ece": 0.17174367487710412,
  "stopping_strategy": "baseline",
  "lambda1_mean": 1.0987676917542952,
  "lambda1_std": 0.1725063587009542,
  "lambda2_mean": 0.5971568130869925,
  "lambda2_std": 0.14773782560552112
}