{
  "event": "hurricane_florence_2018",
  "budget": 50,
  "seed_set": 1,
  "test_error_rate": 27.961321514907333,
  "test_macro_f1": 0.669134943236668,
  "test_ece": 0.12568192778336823,
  "test_per_class_f1": [
    0.7186147186147186,
    0.825938566552901,
    0.6258503401360545,
    0.8976377952755905,
    0.8337468982630273,
    0.3949579831932773,
    0.11764705882352941,
    0.7891682785299806,
    0.8186528497409327
  ],
  "dev_error_rate": 23.317683881064166,
  "dev_macro_f1": 0.7092743713713643,
  "dev_ece": 0.09669107730399837,
  "stopping_strategy": "baseline",
  "lambda1_mean": 1.0636061305232216,
  "lambda1_std": 0.18315916193744958,
  "lambda2_mean": 0.6789117785362498,
  "lambda2_std": 0.18233365161134157
}