{
  "event": "hurricane_maria_2017",
  "budget": 50,
  "seed_set": 1,
  "test_error_rate": 28.57142857142857,
  "test_macro_f1": 0.684921193110186,
  "test_ece": 0.10681834641260181,
  "test_per_class_f1": [
    0.6868686868686869,
    0.7428571428571429,
    0.8566775244299675,
    0.912,
    0.3191489361702128,
    0.5064220183486239,
    0.6645962732919255,
    0.7984293193717278,
    0.6772908366533864
  ],
  "dev_error_rate": 27.49326145552561,
  "dev_macro_f1": 0.6804875399930926,
  "dev_ece": 0.1048266751104288,
  "stopping_strategy": "baseline",
  "lambda1_mean": 1.0644685580386972,
  "lambda1_std": 0.212923930781018,
  "lambda2_mean": 0.578463084585852,
  "lambda2_std": 0.17781302743157779
}