{
  "event": "kerala_floods_2018",
  "budget": 25,
  "seed_set": 3,
  "test_error_rate": 37.16814159292036,
  "test_macro_f1": 0.5442934424701287,
  "test_per_class_f1": [
    0.42105263157894735,
    0.22857142857142856,
    0.5352112676056338,
    0.8671328671328671,
    0.401673640167364,
    0.39293598233995586,
    0.6407766990291263,
    0.7446197991391679,
    0.6666666666666666
  ],
  "dev_error_rate": 35.380835380835386,
  "dev_macro_f1": 0.5891785547416584,
  "lambda1_mean": 1.0751912558723633,
  "lambda1_std": 0.21883664763994812,
  "lambda2_mean": 0.5729726740794182,
  "lambda2_std": 0.16646758152824512
}