{
  "event": "cyclone_idai_2019",
  "budget": 25,
  "seed_set": 2,
  "test_error_rate": 31.450577663671375,
  "test_macro_f1": 0.5485425435072802,
  "test_ece": 0.16791211267567416,
  "test_per_class_f1": [
    0.43243243243243246,
    0.37037037037037035,
    0.8085106382978723,
    0.9032258064516129,
    0.4,
    0.3389830508474576,
    0.4022346368715084,
    0.27184466019417475,
    0.7757009345794392,
    0.7821229050279329
  ],
  "dev_error_rate": 31.17206982543641,
  "dev_macro_f1": 0.4974023871909107,
  "dev_ece": 0.16996312591054494,
  "stopping_strategy": "balanced_dev",
  "phase1_seed_strategy": "last",
  "phase1_best_epoch": null,
  "lambda1_mean": 0.9367477098745163,
  "lambda1_std": 0.3156851573240808,
  "lambda2_mean": 0.397556718885584,
  "lambda2_std": 0.19950369069847268
}