{
  "event": "kaikoura_earthquake_2016",
  "budget": 50,
  "seed_set": 1,
  "test_error_rate": 22.528735632183906,
  "test_macro_f1": 0.7704908023809177,
  "test_ece": 0.09760942842768527,
  "test_per_class_f1": [
    0.7065868263473054,
    0.8571428571428571,
    0.8805970149253731,
    1.0,
    0.6236559139784946,
    0.5161290322580645,
    0.5714285714285714,
    0.8470588235294118,
    0.9318181818181818
  ],
  "dev_error_rate": 23.214285714285708,
  "dev_macro_f1": 0.6929405589342159,
  "dev_ece": 0.09378480425636684,
  "lambda1_mean": 0.8180096908698302,
  "lambda1_std": 0.15808991023710697,
  "lambda2_mean": 0.1533661128899117,
  "lambda2_std": 0.08002445937279029
}