{
  "event": "canada_wildfires_2016",
  "budget": 50,
  "seed_set": 1,
  "test_error_rate": 20.2247191011236,
  "test_macro_f1": 0.6491456662752451,
  "test_per_class_f1": [
    0.4090909090909091,
    0.8734177215189873,
    0.8846153846153846,
    0.3157894736842105,
    0.5739130434782609,
    0.4,
    0.9166666666666666,
    0.819672131147541
  ],
  "dev_error_rate": 21.052631578947366,
  "dev_macro_f1": 0.6449656724113246,
  "lambda1_mean": 0.9550945990722474,
  "lambda1_std": 0.3010038427933179,
  "lambda2_mean": 0.49404239633466285,
  "lambda2_std": 0.2278963347035446
}