{
  "event": "hurricane_irma_2017",
  "budget": 10,
  "seed_set": 3,
  "test_error_rate": 36.412459720730396,
  "test_macro_f1": 0.612209948607392,
  "test_ece": 0.2935134129224607,
  "test_per_class_f1": [
    0.5714285714285714,
    0.7820895522388059,
    0.7258278145695364,
    0.9318181818181818,
    0.4756756756756757,
    0.2857142857142857,
    0.3404255319148936,
    0.7475592747559274,
    0.6493506493506493
  ],
  "dev_error_rate": 37.578288100208766,
  "dev_macro_f1": 0.597238321748247,
  "dev_ece": 0.30185681625049643,
  "stopping_strategy": "scaled_threshold",
  "phase1_seed_strategy": "last",
  "phase1_best_epoch": null,
  "lambda1_mean": 1.055455370995688,
  "lambda1_std": 0.2414439262634703,
  "lambda2_mean": 0.5296376992095123,
  "lambda2_std": 0.16277837547668567
}