{
  "event": "hurricane_dorian_2019",
  "budget": 5,
  "seed_set": 1,
  "test_error_rate": 38.9920424403183,
  "test_macro_f1": 0.5639328981064088,
  "test_ece": 0.18668801590444556,
  "test_per_class_f1": [
    0.5725047080979284,
    0.8620689655172413,
    0.579088471849866,
    0.45161290322580644,
    0.5820568927789934,
    0.2787286063569682,
    0.1927710843373494,
    0.7828418230563002,
    0.7737226277372263
  ],
  "dev_error_rate": 41.365979381443296,
  "dev_macro_f1": 0.5739995249520153,
  "dev_ece": 0.2157286031498122,
  "lambda1_mean": 0.8452762327185557,
  "lambda1_std": 0.16188961824344636,
  "lambda2_mean": 0.17071855931573723,
  "lambda2_std": 0.05366034864839691
}