{
  "event": "hurricane_florence_2018",
  "budget": 10,
  "seed_set": 2,
  "test_error_rate": 24.818694601128122,
  "test_macro_f1": 0.6544531900958241,
  "test_ece": 0.09775139572733743,
  "test_per_class_f1": [
    0.7225548902195609,
    0.8106060606060606,
    0.6153846153846154,
    0.9344262295081968,
    0.8502415458937198,
    0.30414746543778803,
    0.0,
    0.8546409807355516,
    0.7980769230769231
  ],
  "dev_error_rate": 23.161189358372457,
  "dev_macro_f1": 0.6929213677258381,
  "dev_ece": 0.10615737276830961,
  "stopping_strategy": "scaled_threshold",
  "phase1_seed_strategy": "last",
  "phase1_best_epoch": null,
  "lambda1_mean": 1.1011730020472847,
  "lambda1_std": 0.17500660021785258,
  "lambda2_mean": 0.5500680714693921,
  "lambda2_std": 0.13948240416134872
}