{
  "event": "hurricane_dorian_2019",
  "budget": 25,
  "seed_set": 2,
  "test_error_rate": 35.07957559681698,
  "test_macro_f1": 0.6077729231768593,
  "test_per_class_f1": [
    0.6062846580406654,
    0.9129129129129129,
    0.6287425149700598,
    0.4864864864864865,
    0.5595567867036011,
    0.451063829787234,
    0.20155038759689922,
    0.8186528497409327,
    0.8047058823529412
  ],
  "dev_error_rate": 35.4381443298969,
  "dev_macro_f1": 0.6225646473530027,
  "lambda1_mean": 1.0649122149397305,
  "lambda1_std": 0.23639970573178878,
  "lambda2_mean": 0.5651018762318895,
  "lambda2_std": 0.17502277682165027
}