{
  "event": "hurricane_maria_2017",
  "budget": 25,
  "seed_set": 2,
  "test_error_rate": 28.84882108183079,
  "test_macro_f1": 0.6764068564885739,
  "test_ece": 0.13080429536873026,
  "test_per_class_f1": [
    0.6491228070175439,
    0.7323943661971831,
    0.8663446054750402,
    0.9344262295081968,
    0.2753623188405797,
    0.463768115942029,
    0.6688741721854304,
    0.8173690932311622,
    0.68
  ],
  "dev_error_rate": 28.03234501347709,
  "dev_macro_f1": 0.698579508499376,
  "dev_ece": 0.1506243302333709,
  "stopping_strategy": "baseline",
  "lambda1_mean": 0.9378495916108948,
  "lambda1_std": 0.29835015139937904,
  "lambda2_mean": 0.6037136389323791,
  "lambda2_std": 0.31946240944607235
}