{
  "event": "california_wildfires_2018",
  "budget": 25,
  "seed_set": 3,
  "test_error_rate": 27.926078028747437,
  "test_macro_f1": 0.641833333176151,
  "test_ece": 0.05988846444904111,
  "test_per_class_f1": [
    0.5151515151515151,
    0.7682926829268293,
    0.6455026455026455,
    0.9022757697456493,
    0.6666666666666666,
    0.6745098039215687,
    0.42696629213483145,
    0.3333333333333333,
    0.821917808219178,
    0.6637168141592921
  ],
  "dev_error_rate": 28.058510638297875,
  "dev_macro_f1": 0.6392947420150021,
  "dev_ece": 0.06224443791236016,
  "stopping_strategy": "weighted_macro_f1",
  "phase1_seed_strategy": "last",
  "phase1_best_epoch": null,
  "lambda1_mean": 0.9977344638463737,
  "lambda1_std": 0.25993879126644814,
  "lambda2_mean": 0.6544160687376717,
  "lambda2_std": 0.26104447145130205
}