{
  "event": "hurricane_dorian_2019",
  "budget": 50,
  "seed_set": 3,
  "test_error_rate": 34.61538461538461,
  "test_macro_f1": 0.6019617663527819,
  "test_ece": 0.04589751292642613,
  "test_per_class_f1": [
    0.6360153256704981,
    0.8693181818181818,
    0.6595174262734584,
    0.4444444444444444,
    0.5541561712846348,
    0.4166666666666667,
    0.22916666666666666,
    0.7969151670951157,
    0.8114558472553699
  ],
  "dev_error_rate": 33.634020618556704,
  "dev_macro_f1": 0.6233619314438473,
  "dev_ece": 0.0446281524701524,
  "stopping_strategy": "weighted_macro_f1",
  "phase1_seed_strategy": "last",
  "phase1_best_epoch": null,
  "lambda1_mean": 0.903852061735538,
  "lambda1_std": 0.3182146210946995,
  "lambda2_mean": 0.5445734954336393,
  "lambda2_std": 0.33525924326704093
}