{
  "event": "hurricane_irma_2017",
  "budget": 25,
  "seed_set": 1,
  "test_error_rate": 32.81417830290011,
  "test_macro_f1": 0.6501878555554685,
  "test_ece": 0.1846467127701394,
  "test_per_class_f1": [
    0.5928571428571429,
    0.7851002865329513,
    0.7859007832898173,
    0.9348441926345609,
    0.512280701754386,
    0.46332046332046334,
    0.37681159420289856,
    0.7158908507223114,
    0.6846846846846847
  ],
  "dev_error_rate": 33.820459290187884,
  "dev_macro_f1": 0.6435580217203191,
  "dev_ece": 0.1891384644896601,
  "stopping_strategy": "no_early_stopping",
  "lambda1_mean": 1.0390982505546382,
  "lambda1_std": 0.24904719696528088,
  "lambda2_mean": 0.501605027254218,
  "lambda2_std": 0.16490764846510866
}