{
  "event": "cyclone_idai_2019",
  "budget": 10,
  "seed_set": 1,
  "test_error_rate": 23.748395378690635,
  "test_macro_f1": 0.5774235312046307,
  "test_ece": 0.13387628372122606,
  "test_per_class_f1": [
    0.3333333333333333,
    0.4444444444444444,
    0.7857142857142857,
    0.9047619047619048,
    0.4,
    0.3448275862068966,
    0.38926174496644295,
    0.47058823529411764,
    0.8645690834473324,
    0.8367346938775511
  ],
  "dev_error_rate": 27.431421446384043,
  "dev_macro_f1": 0.5088873223739803,
  "dev_ece": 0.17472603486065857,
  "stopping_strategy": "weighted_macro_f1",
  "phase1_seed_strategy": "last",
  "phase1_best_epoch": null,
  "lambda1_mean": 1.0769872130707059,
  "lambda1_std": 0.19794946326230403,
  "lambda2_mean": 0.6523156134374246,
  "lambda2_std": 0.19477844430228683
}