{
  "event": "hurricane_florence_2018",
  "budget": 10,
  "seed_set": 3,
  "test_error_rate": 25.705076551168414,
  "test_macro_f1": 0.6408681630923403,
  "test_per_class_f1": [
    0.70703125,
    0.8,
    0.6081871345029239,
    0.9230769230769231,
    0.8351648351648352,
    0.25380710659898476,
    0.0,
    0.8464285714285714,
    0.7941176470588235
  ],
  "dev_error_rate": 23.78716744913928,
  "dev_macro_f1": 0.6603401289720796,
  "lambda1_mean": 1.0780230025325692,
  "lambda1_std": 0.20000622912774635,
  "lambda2_mean": 0.57061277824458,
  "lambda2_std": 0.15360042722213363
}