{
  "event": "cyclone_idai_2019",
  "budget": 50,
  "seed_set": 1,
  "test_error_rate": 29.01155327342747,
  "test_macro_f1": 0.6427295826558638,
  "test_ece": 0.06502395543115588,
  "test_per_class_f1": [
    0.5333333333333333,
    0.46511627906976744,
    0.8344370860927153,
    0.9248554913294798,
    0.8571428571428571,
    0.5142857142857142,
    0.3592814371257485,
    0.37037037037037035,
    0.7882534775888718,
    0.7802197802197802
  ],
  "dev_error_rate": 29.177057356608483,
  "dev_macro_f1": 0.5241823041630861,
  "dev_ece": 0.07905213709484016,
  "lambda1_mean": 0.799688251601064,
  "lambda1_std": 0.23375436303811467,
  "lambda2_mean": 0.17610467527069687,
  "lambda2_std": 0.07637577960454948
}