{
  "event": "hurricane_harvey_2017",
  "budget": 10,
  "seed_set": 3,
  "test_error_rate": 32.74238227146814,
  "test_macro_f1": 0.6440106775683829,
  "test_ece": 0.1757012953718613,
  "test_per_class_f1": [
    0.6055776892430279,
    0.8206686930091185,
    0.8222222222222222,
    0.8842105263157894,
    0.3371647509578544,
    0.4657039711191336,
    0.37130801687763715,
    0.7777777777777778,
    0.7114624505928854
  ],
  "dev_error_rate": 31.86221743810549,
  "dev_macro_f1": 0.6616755852819759,
  "dev_ece": 0.15779382131584752,
  "stopping_strategy": "weighted_macro_f1",
  "phase1_seed_strategy": "last",
  "phase1_best_epoch": null,
  "lambda1_mean": 0.9746207118579439,
  "lambda1_std": 0.27842256147862204,
  "lambda2_mean": 0.385722027789219,
  "lambda2_std": 0.16069222754222134
}