{
  "event": "canada_wildfires_2016",
  "budget": 5,
  "seed_set": 1,
  "test_error_rate": 22.696629213483142,
  "test_macro_f1": 0.5682697712820102,
  "test_ece": 0.09336586413758524,
  "test_per_class_f1": [
    0.4444444444444444,
    0.8789808917197452,
    0.9090909090909091,
    0.3137254901960784,
    0.3023255813953488,
    0.0,
    0.8911392405063291,
    0.8064516129032258
  ],
  "dev_error_rate": 24.561403508771928,
  "dev_macro_f1": 0.5283693395416015,
  "dev_ece": 0.11331148301823099,
  "lambda1_mean": 0.8541189334361524,
  "lambda1_std": 0.19407800539336695,
  "lambda2_mean": 0.15642728328962055,
  "lambda2_std": 0.07045774587472568
}