{
  "event": "hurricane_dorian_2019",
  "budget": 50,
  "seed_set": 2,
  "test_error_rate": 36.14058355437666,
  "test_macro_f1": 0.5886750360202325,
  "test_ece": 0.20883191410521296,
  "test_per_class_f1": [
    0.6099009900990099,
    0.9048991354466859,
    0.6242424242424243,
    0.375,
    0.5502958579881657,
    0.4256198347107438,
    0.18666666666666668,
    0.8095238095238095,
    0.8119266055045872
  ],
  "dev_error_rate": 35.567010309278345,
  "dev_macro_f1": 0.6133955922905433,
  "dev_ece": 0.20164177735748984,
  "stopping_strategy": "no_early_stopping",
  "lambda1_mean": 0.9686476433496237,
  "lambda1_std": 0.2972075116835405,
  "lambda2_mean": 0.60329803186597,
  "lambda2_std": 0.28962598275767953
}