{
  "event": "california_wildfires_2018",
  "budget": 25,
  "seed_set": 2,
  "test_error_rate": 27.446954140999313,
  "test_macro_f1": 0.6452479924841951,
  "test_per_class_f1": [
    0.4473684210526316,
    0.8322981366459627,
    0.5826086956521739,
    0.8867403314917127,
    0.6470588235294118,
    0.688588007736944,
    0.4036144578313253,
    0.375,
    0.8555347091932458,
    0.7336683417085427
  ],
  "dev_error_rate": 27.925531914893618,
  "dev_macro_f1": 0.6540882725957335,
  "lambda1_mean": 1.0704032470405165,
  "lambda1_std": 0.2270030355493306,
  "lambda2_mean": 0.5645949995041664,
  "lambda2_std": 0.17501262725872402
}