{
  "event": "kerala_floods_2018",
  "budget": 10,
  "seed_set": 3,
  "test_error_rate": 30.657395701643487,
  "test_macro_f1": 0.5618274954482467,
  "test_per_class_f1": [
    0.48484848484848486,
    0.23728813559322035,
    0.5483870967741935,
    0.8270676691729323,
    0.43171806167400884,
    0.34421364985163205,
    0.691358024691358,
    0.833029751062538,
    0.6585365853658537
  ],
  "dev_error_rate": 28.25552825552825,
  "dev_macro_f1": 0.5932655676024902,
  "lambda1_mean": 1.0858226639005133,
  "lambda1_std": 0.19058699064753556,
  "lambda2_mean": 0.560295671465115,
  "lambda2_std": 0.1550920699450242
}