{
  "event": "cyclone_idai_2019",
  "budget": 50,
  "seed_set": 1,
  "test_error_rate": 28.11296534017972,
  "test_macro_f1": 0.49686000765654104,
  "test_ece": 0.10280266714034858,
  "test_per_class_f1": [
    0.19047619047619047,
    0.38095238095238093,
    0.8344370860927153,
    0.9130434782608695,
    0.0,
    0.38461538461538464,
    0.3382352941176471,
    0.2857142857142857,
    0.8328358208955224,
    0.8082901554404145
  ],
  "dev_error_rate": 27.182044887780542,
  "dev_macro_f1": 0.5034263454534871,
  "dev_ece": 0.10827160717691862,
  "stopping_strategy": "scaled_threshold",
  "lambda1_mean": 0.996055579907361,
  "lambda1_std": 0.3223819249262986,
  "lambda2_mean": 0.5337039095078874,
  "lambda2_std": 0.2135172827458177
}