{
  "event": "hurricane_dorian_2019",
  "budget": 10,
  "seed_set": 3,
  "test_error_rate": 38.52785145888594,
  "test_macro_f1": 0.5571005629800794,
  "test_ece": 0.2094850437098061,
  "test_per_class_f1": [
    0.5828092243186582,
    0.8862275449101796,
    0.5704697986577181,
    0.2857142857142857,
    0.579185520361991,
    0.36796536796536794,
    0.15267175572519084,
    0.8060453400503779,
    0.7828162291169452
  ],
  "dev_error_rate": 40.33505154639175,
  "dev_macro_f1": 0.5566091580416089,
  "dev_ece": 0.23246892904574726,
  "stopping_strategy": "balanced_dev",
  "phase1_seed_strategy": "last",
  "phase1_best_epoch": null,
  "lambda1_mean": 1.06235426016689,
  "lambda1_std": 0.22192307995007404,
  "lambda2_mean": 0.6571895847355048,
  "lambda2_std": 0.19390165952181482
}