{
  "event": "hurricane_florence_2018",
  "budget": 10,
  "seed_set": 3,
  "test_error_rate": 31.345688960515716,
  "test_macro_f1": 0.6513783952070245,
  "test_ece": 0.12176693026141522,
  "test_per_class_f1": [
    0.5847665847665847,
    0.8199233716475096,
    0.611764705882353,
    0.9032258064516129,
    0.7798408488063661,
    0.4161849710982659,
    0.12121212121212122,
    0.8007448789571695,
    0.8247422680412371
  ],
  "dev_error_rate": 28.169014084507037,
  "dev_macro_f1": 0.6874443413609003,
  "dev_ece": 0.09334024189969926,
  "lambda1_mean": 0.8481714780896443,
  "lambda1_std": 0.18792666613798004,
  "lambda2_mean": 0.1791704616334388,
  "lambda2_std": 0.060526553473770624
}