{
  "event": "hurricane_maria_2017",
  "budget": 50,
  "seed_set": 1,
  "test_error_rate": 29.819694868238557,
  "test_macro_f1": 0.6654054766144343,
  "test_ece": 0.14681974586600566,
  "test_per_class_f1": [
    0.6185567010309279,
    0.6756756756756757,
    0.86,
    0.9344262295081968,
    0.27450980392156865,
    0.44171779141104295,
    0.6772151898734177,
    0.8151898734177215,
    0.691358024691358
  ],
  "dev_error_rate": 28.4366576819407,
  "dev_macro_f1": 0.6884141975145598,
  "dev_ece": 0.1479072010099406,
  "stopping_strategy": "baseline",
  "lambda1_mean": 1.061129191739035,
  "lambda1_std": 0.19562505697024415,
  "lambda2_mean": 0.6499393340591115,
  "lambda2_std": 0.17666134805989722
}