{
  "event": "hurricane_maria_2017",
  "budget": 50,
  "seed_set": 2,
  "test_error_rate": 29.472954230235782,
  "test_macro_f1": 0.6605638983774524,
  "test_ece": 0.15971704399866798,
  "test_per_class_f1": [
    0.5981308411214953,
    0.64,
    0.8628099173553719,
    0.8992248062015504,
    0.352112676056338,
    0.4340425531914894,
    0.6666666666666666,
    0.8229426433915212,
    0.6691449814126395
  ],
  "dev_error_rate": 28.03234501347709,
  "dev_macro_f1": 0.689271728312714,
  "dev_ece": 0.15864178984152344,
  "stopping_strategy": "scaled_threshold",
  "phase1_seed_strategy": "last",
  "phase1_best_epoch": null,
  "lambda1_mean": 1.0585587307272473,
  "lambda1_std": 0.21930539452364384,
  "lambda2_mean": 0.5698624323567437,
  "lambda2_std": 0.1794576319884454
}