{
  "event": "kerala_floods_2018",
  "budget": 50,
  "seed_set": 2,
  "test_error_rate": 33.75474083438685,
  "test_macro_f1": 0.5388072500596781,
  "test_ece": 0.05636123207064555,
  "test_per_class_f1": [
    0.4358974358974359,
    0.21212121212121213,
    0.5511811023622047,
    0.8741721854304636,
    0.2822085889570552,
    0.4218009478672986,
    0.6118421052631579,
    0.8043039677202422,
    0.6557377049180327
  ],
  "dev_error_rate": 28.992628992628987,
  "dev_macro_f1": 0.6174692873636046,
  "dev_ece": 0.0618842844222043,
  "stopping_strategy": "balanced_dev",
  "phase1_seed_strategy": "last",
  "phase1_best_epoch": null,
  "lambda1_mean": 0.9978256647278584,
  "lambda1_std": 0.2610913032438429,
  "lambda2_mean": 0.6295984498884843,
  "lambda2_std": 0.26762559780032885
}