{
  "event": "hurricane_irma_2017",
  "budget": 5,
  "seed_set": 3,
  "test_error_rate": 37.540279269602586,
  "test_macro_f1": 0.6162782161368664,
  "test_per_class_f1": [
    0.5083135391923991,
    0.7962382445141066,
    0.7272727272727273,
    0.9248554913294798,
    0.49079754601226994,
    0.3242424242424242,
    0.38596491228070173,
    0.7191358024691358,
    0.669683257918552
  ],
  "dev_error_rate": 38.93528183716075,
  "dev_macro_f1": 0.6047837697279164,
  "lambda1_mean": 1.0814338095504514,
  "lambda1_std": 0.19906209551350892,
  "lambda2_mean": 0.5679805846681402,
  "lambda2_std": 0.15836353629225747
}