{
  "event": "canada_wildfires_2016",
  "budget": 50,
  "seed_set": 2,
  "test_error_rate": 24.71910112359551,
  "test_macro_f1": 0.5762109915028417,
  "test_ece": 0.10144611047894764,
  "test_per_class_f1": [
    0.39215686274509803,
    0.864516129032258,
    0.8807339449541285,
    0.36,
    0.4485981308411215,
    0.0,
    0.8695652173913043,
    0.7941176470588235
  ],
  "dev_error_rate": 24.561403508771928,
  "dev_macro_f1": 0.6420770993204479,
  "dev_ece": 0.0778027020002666,
  "stopping_strategy": "scaled_threshold",
  "phase1_seed_strategy": "last",
  "phase1_best_epoch": null,
  "lambda1_mean": 0.9784187622080943,
  "lambda1_std": 0.28488746421246536,
  "lambda2_mean": 0.5948438842337672,
  "lambda2_std": 0.2622321746060662
}