{
  "event": "hurricane_maria_2017",
  "budget": 10,
  "seed_set": 1,
  "test_error_rate": 32.80166435506241,
  "test_macro_f1": 0.6431542852736714,
  "test_ece": 0.14484529166215004,
  "test_per_class_f1": [
    0.6355140186915887,
    0.7222222222222222,
    0.8317152103559871,
    0.905982905982906,
    0.30344827586206896,
    0.34545454545454546,
    0.5886075949367089,
    0.7941534713763703,
    0.6612903225806451
  ],
  "dev_error_rate": 29.919137466307276,
  "dev_macro_f1": 0.6648249085568778,
  "dev_ece": 0.1427143784867464,
  "stopping_strategy": "balanced_dev",
  "phase1_seed_strategy": "last",
  "phase1_best_epoch": null,
  "lambda1_mean": 1.0406697904573672,
  "lambda1_std": 0.250569824613719,
  "lambda2_mean": 0.5493449093860753,
  "lambda2_std": 0.20515844564827918
}