{
  "event": "hurricane_dorian_2019",
  "budget": 10,
  "seed_set": 3,
  "test_error_rate": 37.267904509283824,
  "test_macro_f1": 0.5752427937945882,
  "test_ece": 0.23550542584306686,
  "test_per_class_f1": [
    0.6003683241252302,
    0.8680351906158358,
    0.5859872611464968,
    0.42857142857142855,
    0.5665024630541872,
    0.3490759753593429,
    0.18181818181818182,
    0.8286445012787724,
    0.7681818181818182
  ],
  "dev_error_rate": 39.046391752577314,
  "dev_macro_f1": 0.5649079711891533,
  "dev_ece": 0.25781217063825157,
  "stopping_strategy": "baseline",
  "lambda1_mean": 1.051934750604675,
  "lambda1_std": 0.2273122546052059,
  "lambda2_mean": 0.654223662316022,
  "lambda2_std": 0.1998485516642251
}