{
  "event": "california_wildfires_2018",
  "budget": 10,
  "seed_set": 2,
  "test_error_rate": 26.9678302532512,
  "test_macro_f1": 0.6560493382695418,
  "test_ece": 0.12659752083346903,
  "test_per_class_f1": [
    0.46153846153846156,
    0.7906976744186046,
    0.6192893401015228,
    0.9145860709592641,
    0.7878787878787878,
    0.6422764227642277,
    0.4141689373297003,
    0.35555555555555557,
    0.8582230623818525,
    0.7162790697674418
  ],
  "dev_error_rate": 28.191489361702125,
  "dev_macro_f1": 0.6492178900104788,
  "dev_ece": 0.1495528353497069,
  "stopping_strategy": "baseline",
  "lambda1_mean": 1.0895497716244245,
  "lambda1_std": 0.20941157259006885,
  "lambda2_mean": 0.5787073665055836,
  "lambda2_std": 0.165257204598078
}