{
  "event": "kerala_floods_2018",
  "budget": 25,
  "seed_set": 2,
  "test_error_rate": 35.018963337547405,
  "test_macro_f1": 0.5412144352325876,
  "test_ece": 0.14534914487909278,
  "test_per_class_f1": [
    0.4578313253012048,
    0.18823529411764706,
    0.5343511450381679,
    0.8441558441558441,
    0.3769633507853403,
    0.35933806146572106,
    0.6640625,
    0.7921462423832092,
    0.6538461538461539
  ],
  "dev_error_rate": 32.432432432432435,
  "dev_macro_f1": 0.587440567095358,
  "dev_ece": 0.13007484581458775,
  "stopping_strategy": "balanced_dev",
  "phase1_seed_strategy": "last",
  "phase1_best_epoch": null,
  "lambda1_mean": 1.0273129542703907,
  "lambda1_std": 0.2404019488436019,
  "lambda2_mean": 0.4323522738018679,
  "lambda2_std": 0.15431761016463397
}