{
  "event": "canada_wildfires_2016",
  "budget": 50,
  "seed_set": 2,
  "test_error_rate": 24.044943820224717,
  "test_macro_f1": 0.6339028093580055,
  "test_ece": 0.12639143875475686,
  "test_per_class_f1": [
    0.37735849056603776,
    0.8758169934640523,
    0.897196261682243,
    0.34146341463414637,
    0.45614035087719296,
    0.4444444444444444,
    0.8728323699421965,
    0.8059701492537313
  ],
  "dev_error_rate": 23.684210526315784,
  "dev_macro_f1": 0.6723163026811658,
  "dev_ece": 0.11481832882814233,
  "stopping_strategy": "no_early_stopping",
  "lambda1_mean": 0.9784187622080943,
  "lambda1_std": 0.28488746421246536,
  "lambda2_mean": 0.5948438842337672,
  "lambda2_std": 0.2622321746060662
}