{
  "event": "hurricane_dorian_2019",
  "budget": 10,
  "seed_set": 3,
  "test_error_rate": 36.6710875331565,
  "test_macro_f1": 0.5911206426144221,
  "test_ece": 0.22782067045450843,
  "test_per_class_f1": [
    0.5988023952095808,
    0.8705882352941177,
    0.5742574257425742,
    0.47058823529411764,
    0.5738758029978587,
    0.3951612903225806,
    0.24615384615384617,
    0.80306905370844,
    0.7875894988066826
  ],
  "dev_error_rate": 39.948453608247426,
  "dev_macro_f1": 0.575563315657659,
  "dev_ece": 0.2650948260555562,
  "stopping_strategy": "no_early_stopping",
  "lambda1_mean": 1.06235426016689,
  "lambda1_std": 0.22192307995007404,
  "lambda2_mean": 0.6571895847355048,
  "lambda2_std": 0.19390165952181482
}