{
  "event": "kaikoura_earthquake_2016",
  "budget": 10,
  "seed_set": 2,
  "test_error_rate": 26.436781609195403,
  "test_macro_f1": 0.6743066406913506,
  "test_ece": 0.18616505073404865,
  "test_per_class_f1": [
    0.686046511627907,
    0.8888888888888888,
    0.8051948051948052,
    0.975609756097561,
    0.5263157894736842,
    0.4603174603174603,
    0.0,
    0.8235294117647058,
    0.9028571428571428
  ],
  "dev_error_rate": 27.67857142857143,
  "dev_macro_f1": 0.6588499017199392,
  "dev_ece": 0.20117082247244458,
  "stopping_strategy": "per_class_patience",
  "lambda1_mean": 1.0490110952311222,
  "lambda1_std": 0.1632255995937876,
  "lambda2_mean": 0.3879585666079934,
  "lambda2_std": 0.12735505986372908
}