{
  "event": "hurricane_dorian_2019",
  "budget": 50,
  "seed_set": 1,
  "test_error_rate": 34.61538461538461,
  "test_macro_f1": 0.5994782390090848,
  "test_ece": 0.056578655072564474,
  "test_per_class_f1": [
    0.6011787819253438,
    0.8920454545454546,
    0.6287262872628726,
    0.39215686274509803,
    0.5616045845272206,
    0.4472573839662447,
    0.23655913978494625,
    0.81,
    0.8257756563245824
  ],
  "dev_error_rate": 35.4381443298969,
  "dev_macro_f1": 0.6165582520028239,
  "dev_ece": 0.04524316984353605,
  "stopping_strategy": "baseline",
  "lambda1_mean": 1.0666138245204075,
  "lambda1_std": 0.17540433798664162,
  "lambda2_mean": 0.6746070874777998,
  "lambda2_std": 0.18978797738489492
}