{
  "event": "hurricane_irma_2017",
  "budget": 50,
  "seed_set": 3,
  "test_error_rate": 30.880773361976367,
  "test_macro_f1": 0.665349266553155,
  "test_ece": 0.13590679761866625,
  "test_per_class_f1": [
    0.6490566037735849,
    0.8208092485549133,
    0.8375165125495376,
    0.9401709401709402,
    0.5016501650165016,
    0.47925033467202144,
    0.3516483516483517,
    0.7138263665594855,
    0.6942148760330579
  ],
  "dev_error_rate": 31.62839248434238,
  "dev_macro_f1": 0.6611988049183914,
  "dev_ece": 0.1525110572203216,
  "stopping_strategy": "no_early_stopping",
  "lambda1_mean": 1.002732314189264,
  "lambda1_std": 0.2829213198732604,
  "lambda2_mean": 0.44747755237493314,
  "lambda2_std": 0.17016260176891873
}