{
  "event": "california_wildfires_2018",
  "budget": 10,
  "seed_set": 1,
  "test_error_rate": 32.23819301848049,
  "test_macro_f1": 0.6054867970104859,
  "test_ece": 0.08582509445213929,
  "test_per_class_f1": [
    0.40963855421686746,
    0.7191011235955056,
    0.5327868852459017,
    0.8832214765100671,
    0.6138613861386139,
    0.5617433414043583,
    0.3940149625935162,
    0.43902439024390244,
    0.825147347740668,
    0.6763285024154589
  ],
  "dev_error_rate": 29.78723404255319,
  "dev_macro_f1": 0.6109997658048762,
  "dev_ece": 0.08104393849188976,
  "stopping_strategy": "balanced_dev",
  "phase1_seed_strategy": "last",
  "phase1_best_epoch": null,
  "lambda1_mean": 1.0177590906871492,
  "lambda1_std": 0.261319565562302,
  "lambda2_mean": 0.6124975275892933,
  "lambda2_std": 0.21256024195488596
}