{
  "event": "hurricane_irma_2017",
  "budget": 50,
  "seed_set": 1,
  "test_error_rate": 32.16970998925886,
  "test_macro_f1": 0.6519453652214182,
  "test_ece": 0.05923267020958962,
  "test_per_class_f1": [
    0.584192439862543,
    0.8197674418604651,
    0.8117797695262484,
    0.9540229885057471,
    0.48,
    0.4804045512010114,
    0.35135135135135137,
    0.6824324324324325,
    0.7035573122529645
  ],
  "dev_error_rate": 33.50730688935282,
  "dev_macro_f1": 0.6350113088733057,
  "dev_ece": 0.06901121046199679,
  "stopping_strategy": "baseline",
  "lambda1_mean": 1.0872472470052945,
  "lambda1_std": 0.16952102358229137,
  "lambda2_mean": 0.6568211221945459,
  "lambda2_std": 0.16235199862043284
}