{
  "event": "hurricane_irma_2017",
  "budget": 10,
  "seed_set": 1,
  "test_error_rate": 34.962406015037594,
  "test_macro_f1": 0.6300817574188204,
  "test_per_class_f1": [
    0.56973293768546,
    0.727735368956743,
    0.7842031029619182,
    0.9325842696629213,
    0.5016077170418006,
    0.4158686730506156,
    0.3380281690140845,
    0.7014681892332789,
    0.6995073891625616
  ],
  "dev_error_rate": 35.490605427974955,
  "dev_macro_f1": 0.6355058754741327,
  "lambda1_mean": 1.0899191157438461,
  "lambda1_std": 0.19959991016582426,
  "lambda2_mean": 0.5794243341546763,
  "lambda2_std": 0.1598949630757808
}