{
  "event": "canada_wildfires_2016",
  "budget": 25,
  "seed_set": 2,
  "test_error_rate": 25.39325842696629,
  "test_macro_f1": 0.6066850587043923,
  "test_ece": 0.06596301871069357,
  "test_per_class_f1": [
    0.391304347826087,
    0.8734177215189873,
    0.8727272727272727,
    0.3125,
    0.43609022556390975,
    0.3333333333333333,
    0.8579881656804734,
    0.7761194029850746
  ],
  "dev_error_rate": 20.175438596491226,
  "dev_macro_f1": 0.6569312109089187,
  "dev_ece": 0.04436016919320088,
  "stopping_strategy": "baseline",
  "lambda1_mean": 0.9157261088906348,
  "lambda1_std": 0.2890989898368166,
  "lambda2_mean": 0.5296003151735378,
  "lambda2_std": 0.28401480376134053
}