{
  "event": "hurricane_irma_2017",
  "budget": 25,
  "seed_set": 2,
  "test_error_rate": 31.41783029001074,
  "test_macro_f1": 0.6587922390561884,
  "test_ece": 0.15444921635723527,
  "test_per_class_f1": [
    0.6048109965635738,
    0.8495575221238938,
    0.8152866242038217,
    0.9444444444444444,
    0.5035971223021583,
    0.4218077474892396,
    0.35555555555555557,
    0.7433070866141732,
    0.6907630522088354
  ],
  "dev_error_rate": 32.463465553235906,
  "dev_macro_f1": 0.6439626895764843,
  "dev_ece": 0.171038544968175,
  "stopping_strategy": "balanced_dev",
  "phase1_seed_strategy": "last",
  "phase1_best_epoch": null,
  "lambda1_mean": 0.9952696422215624,
  "lambda1_std": 0.2592421389027054,
  "lambda2_mean": 0.4099304465218193,
  "lambda2_std": 0.17277173871183388
}