{
  "event": "kerala_floods_2018",
  "budget": 50,
  "seed_set": 2,
  "test_error_rate": 37.357774968394445,
  "test_macro_f1": 0.5313530655801894,
  "test_per_class_f1": [
    0.47058823529411764,
    0.1794871794871795,
    0.5466666666666666,
    0.8666666666666667,
    0.3391304347826087,
    0.39378238341968913,
    0.6214285714285714,
    0.7568325157673441,
    0.6075949367088608
  ],
  "dev_error_rate": 33.66093366093366,
  "dev_macro_f1": 0.5906043906802322,
  "lambda1_mean": 1.0672417026374954,
  "lambda1_std": 0.22446362541093226,
  "lambda2_mean": 0.5801119138640456,
  "lambda2_std": 0.17229023686896808
}