{
  "event": "cyclone_idai_2019",
  "budget": 5,
  "seed_set": 3,
  "test_error_rate": 25.80231065468549,
  "test_macro_f1": 0.5378102395661033,
  "test_ece": 0.08871033883370241,
  "test_per_class_f1": [
    0.2727272727272727,
    0.5128205128205128,
    0.7741935483870968,
    0.9024390243902439,
    0.0,
    0.4,
    0.47668393782383417,
    0.3835616438356164,
    0.834054834054834,
    0.8216216216216217
  ],
  "dev_error_rate": 30.17456359102244,
  "dev_macro_f1": 0.48314518748701474,
  "dev_ece": 0.1312880720803862,
  "stopping_strategy": "scaled_threshold",
  "phase1_seed_strategy": "last",
  "phase1_best_epoch": null,
  "lambda1_mean": 0.9877939990463919,
  "lambda1_std": 0.31361090825368076,
  "lambda2_mean": 0.5015460145669138,
  "lambda2_std": 0.2151298191540946
}