{
  "event": "kaikoura_earthquake_2016",
  "budget": 50,
  "seed_set": 1,
  "test_error_rate": 22.29885057471265,
  "test_macro_f1": 0.7439090079236094,
  "test_per_class_f1": [
    0.7337278106508875,
    0.8571428571428571,
    0.8759124087591241,
    0.9545454545454546,
    0.611764705882353,
    0.5271317829457365,
    0.3333333333333333,
    0.8705882352941177,
    0.9310344827586207
  ],
  "dev_error_rate": 25.89285714285714,
  "dev_macro_f1": 0.6784551290156416,
  "lambda1_mean": 0.9548992096688006,
  "lambda1_std": 0.2342329717424838,
  "lambda2_mean": 0.43872305765576747,
  "lambda2_std": 0.1946144100931959
}