{
  "event": "cyclone_idai_2019",
  "budget": 25,
  "seed_set": 2,
  "test_error_rate": 25.930680359435176,
  "test_macro_f1": 0.6105751284260463,
  "test_ece": 0.10919893991120821,
  "test_per_class_f1": [
    0.47619047619047616,
    0.41025641025641024,
    0.8115942028985508,
    0.9281767955801105,
    0.6666666666666666,
    0.4090909090909091,
    0.4142857142857143,
    0.36619718309859156,
    0.8338192419825073,
    0.7894736842105263
  ],
  "dev_error_rate": 27.182044887780542,
  "dev_macro_f1": 0.5157384599425875,
  "dev_ece": 0.11031083182949673,
  "stopping_strategy": "no_early_stopping",
  "lambda1_mean": 0.9367477098745163,
  "lambda1_std": 0.3156851573240808,
  "lambda2_mean": 0.397556718885584,
  "lambda2_std": 0.19950369069847268
}