{
  "event": "cyclone_idai_2019",
  "budget": 25,
  "seed_set": 3,
  "test_error_rate": 30.551989730423625,
  "test_macro_f1": 0.586170875701799,
  "test_ece": 0.05007933353735028,
  "test_per_class_f1": [
    0.4067796610169492,
    0.5555555555555556,
    0.8076923076923077,
    0.9069767441860465,
    0.5714285714285714,
    0.41025641025641024,
    0.375,
    0.24778761061946902,
    0.7680491551459293,
    0.8121827411167513
  ],
  "dev_error_rate": 30.922693266832912,
  "dev_macro_f1": 0.50178428478759,
  "dev_ece": 0.05646054513585242,
  "stopping_strategy": "per_class_patience",
  "lambda1_mean": 0.7902266501639399,
  "lambda1_std": 0.3679013823251827,
  "lambda2_mean": 0.2746691443701458,
  "lambda2_std": 0.18035254124566508
}