{
  "event": "california_wildfires_2018",
  "budget": 25,
  "seed_set": 1,
  "test_error_rate": 28.952772073921974,
  "test_macro_f1": 0.622333393140845,
  "test_ece": 0.09737556917793043,
  "test_per_class_f1": [
    0.42857142857142855,
    0.7619047619047619,
    0.6027397260273972,
    0.9107856191744341,
    0.6306306306306306,
    0.6829268292682927,
    0.42424242424242425,
    0.28169014084507044,
    0.7786885245901639,
    0.7211538461538461
  ],
  "dev_error_rate": 31.117021276595747,
  "dev_macro_f1": 0.6116898712548551,
  "dev_ece": 0.13390748091834656,
  "stopping_strategy": "balanced_dev",
  "phase1_seed_strategy": "last",
  "phase1_best_epoch": null,
  "lambda1_mean": 0.9817179010453798,
  "lambda1_std": 0.28798076818169854,
  "lambda2_mean": 0.46895207956888,
  "lambda2_std": 0.21989206968936123
}