{
  "event": "canada_wildfires_2016",
  "budget": 50,
  "seed_set": 3,
  "test_error_rate": 21.573033707865164,
  "test_macro_f1": 0.5935019464405236,
  "test_per_class_f1": [
    0.4166666666666667,
    0.9044585987261147,
    0.8648648648648649,
    0.4186046511627907,
    0.45714285714285713,
    0.0,
    0.9050279329608939,
    0.78125
  ],
  "dev_error_rate": 21.052631578947366,
  "dev_macro_f1": 0.6595264252403721,
  "lambda1_mean": 0.9741367748626958,
  "lambda1_std": 0.2686471926212819,
  "lambda2_mean": 0.5114545646580818,
  "lambda2_std": 0.23557251024722872
}