{
  "event": "cyclone_idai_2019",
  "budget": 10,
  "seed_set": 2,
  "test_error_rate": 27.984595635430043,
  "test_macro_f1": 0.591265118842873,
  "test_ece": 0.10884997833984042,
  "test_per_class_f1": [
    0.4074074074074074,
    0.5405405405405406,
    0.7943262411347518,
    0.8888888888888888,
    0.5,
    0.38596491228070173,
    0.3614457831325301,
    0.40625,
    0.8237037037037037,
    0.8041237113402062
  ],
  "dev_error_rate": 32.16957605985037,
  "dev_macro_f1": 0.5416629934025907,
  "dev_ece": 0.1301943026575959,
  "stopping_strategy": "per_class_patience",
  "lambda1_mean": 1.0746284620410516,
  "lambda1_std": 0.20056859507100336,
  "lambda2_mean": 0.5733188357060426,
  "lambda2_std": 0.18032382789442955
}