{
  "event": "cyclone_idai_2019",
  "budget": 5,
  "seed_set": 1,
  "test_error_rate": 23.106546854942234,
  "test_macro_f1": 0.5363128097563944,
  "test_ece": 0.15273154558511076,
  "test_per_class_f1": [
    0.375,
    0.5641025641025641,
    0.7769784172661871,
    0.8928571428571429,
    0.0,
    0.3448275862068966,
    0.38235294117647056,
    0.35294117647058826,
    0.8761408083441982,
    0.7979274611398963
  ],
  "dev_error_rate": 26.932668329177055,
  "dev_macro_f1": 0.5265493762001647,
  "dev_ece": 0.18566537624285406,
  "stopping_strategy": "per_class_patience",
  "lambda1_mean": 1.0701220179023618,
  "lambda1_std": 0.21525007626785925,
  "lambda2_mean": 0.5852311188501165,
  "lambda2_std": 0.17978342450162482
}