{
  "event": "cyclone_idai_2019",
  "budget": 50,
  "seed_set": 1,
  "test_error_rate": 32.86264441591784,
  "test_macro_f1": 0.5871359501115154,
  "test_ece": 0.10444369219693046,
  "test_per_class_f1": [
    0.4,
    0.4186046511627907,
    0.7549668874172185,
    0.9101123595505618,
    0.8571428571428571,
    0.32432432432432434,
    0.30985915492957744,
    0.375,
    0.7699680511182109,
    0.7513812154696132
  ],
  "dev_error_rate": 32.16957605985037,
  "dev_macro_f1": 0.5446662657677979,
  "dev_ece": 0.10924832593473113,
  "stopping_strategy": "weighted_macro_f1",
  "lambda1_mean": 0.981909752720095,
  "lambda1_std": 0.2880091837763698,
  "lambda2_mean": 0.624100331341421,
  "lambda2_std": 0.24136564451994338
}