{
  "event": "hurricane_dorian_2019",
  "budget": 25,
  "seed_set": 1,
  "test_error_rate": 41.57824933687002,
  "test_macro_f1": 0.5210819291159797,
  "test_ece": 0.14475315466365066,
  "test_per_class_f1": [
    0.5,
    0.8263157894736842,
    0.5857988165680473,
    0.34146341463414637,
    0.524822695035461,
    0.2962962962962963,
    0.06779661016949153,
    0.7587822014051522,
    0.7884615384615384
  ],
  "dev_error_rate": 39.948453608247426,
  "dev_macro_f1": 0.5719932500620968,
  "dev_ece": 0.1691970518338926,
  "stopping_strategy": "baseline",
  "lambda1_mean": 0.9897421718997497,
  "lambda1_std": 0.2724255801315674,
  "lambda2_mean": 0.04410835294337459,
  "lambda2_std": 0.04940234462045764
}