{
  "event": "hurricane_maria_2017",
  "budget": 25,
  "seed_set": 3,
  "test_error_rate": 33.356449375866845,
  "test_macro_f1": 0.6431484734021674,
  "test_ece": 0.10149115187615855,
  "test_per_class_f1": [
    0.4897959183673469,
    0.7936507936507936,
    0.8461538461538461,
    0.9206349206349206,
    0.30434782608695654,
    0.3141592920353982,
    0.6334519572953736,
    0.8025974025974026,
    0.6835443037974683
  ],
  "dev_error_rate": 32.47978436657682,
  "dev_macro_f1": 0.6567858417664492,
  "dev_ece": 0.10436394706247949,
  "stopping_strategy": "balanced_dev",
  "phase1_seed_strategy": "last",
  "phase1_best_epoch": null,
  "lambda1_mean": 0.9030638805251835,
  "lambda1_std": 0.33514349495183904,
  "lambda2_mean": 0.5907910031151369,
  "lambda2_std": 0.3183493617355041
}