{
  "event": "hurricane_florence_2018",
  "budget": 25,
  "seed_set": 1,
  "test_error_rate": 28.364222401289286,
  "test_macro_f1": 0.6619917383105178,
  "test_ece": 0.07919444286659971,
  "test_per_class_f1": [
    0.6786516853932584,
    0.8083623693379791,
    0.5822784810126582,
    0.890625,
    0.8031496062992126,
    0.38461538461538464,
    0.12048192771084337,
    0.8354898336414048,
    0.8542713567839196
  ],
  "dev_error_rate": 24.726134585289515,
  "dev_macro_f1": 0.6986584818134675,
  "dev_ece": 0.06268165896009767,
  "lambda1_mean": 0.888984424883195,
  "lambda1_std": 0.1656145209645946,
  "lambda2_mean": 0.18509231501600074,
  "lambda2_std": 0.059051545041325836
}