{
  "event": "hurricane_irma_2017",
  "budget": 5,
  "seed_set": 1,
  "test_error_rate": 36.19763694951666,
  "test_macro_f1": 0.6183331998436262,
  "test_per_class_f1": [
    0.5568181818181818,
    0.7661971830985915,
    0.7433155080213903,
    0.9344729344729344,
    0.5137614678899083,
    0.2709030100334448,
    0.35443037974683544,
    0.7428571428571429,
    0.6822429906542056
  ],
  "dev_error_rate": 37.578288100208766,
  "dev_macro_f1": 0.6094735676959783,
  "lambda1_mean": 1.0741641656341514,
  "lambda1_std": 0.22397244810414202,
  "lambda2_mean": 0.5693694705082493,
  "lambda2_std": 0.1708820439444765
}