{
  "event": "hurricane_irma_2017",
  "budget": 25,
  "seed_set": 2,
  "test_error_rate": 31.57894736842105,
  "test_macro_f1": 0.6520819137405574,
  "test_ece": 0.13411870036998447,
  "test_per_class_f1": [
    0.6199261992619927,
    0.8377581120943953,
    0.8164313222079589,
    0.947075208913649,
    0.48398576512455516,
    0.4295874822190612,
    0.3218390804597701,
    0.7396449704142012,
    0.6724890829694323
  ],
  "dev_error_rate": 32.35908141962421,
  "dev_macro_f1": 0.6459998097750328,
  "dev_ece": 0.14622555218932526,
  "stopping_strategy": "no_early_stopping",
  "lambda1_mean": 0.9952696422215624,
  "lambda1_std": 0.2592421389027054,
  "lambda2_mean": 0.4099304465218193,
  "lambda2_std": 0.17277173871183388
}