{
  "event": "kerala_floods_2018",
  "budget": 10,
  "seed_set": 2,
  "test_error_rate": 30.59418457648546,
  "test_macro_f1": 0.5507165281206102,
  "test_per_class_f1": [
    0.49230769230769234,
    0.1875,
    0.5112781954887218,
    0.8235294117647058,
    0.36464088397790057,
    0.3862433862433862,
    0.688,
    0.838475499092559,
    0.6644736842105263
  ],
  "dev_error_rate": 28.869778869778873,
  "dev_macro_f1": 0.5992828241448405,
  "lambda1_mean": 1.0862302515963698,
  "lambda1_std": 0.1990627028240365,
  "lambda2_mean": 0.5667173488775782,
  "lambda2_std": 0.15302360830985823
}