{
  "event": "canada_wildfires_2016",
  "budget": 10,
  "seed_set": 1,
  "test_error_rate": 24.269662921348313,
  "test_macro_f1": 0.6002668021598734,
  "test_ece": 0.10465456927090547,
  "test_per_class_f1": [
    0.42105263157894735,
    0.8553459119496856,
    0.8867924528301887,
    0.23255813953488372,
    0.44642857142857145,
    0.2857142857142857,
    0.8863636363636364,
    0.7878787878787878
  ],
  "dev_error_rate": 21.49122807017544,
  "dev_macro_f1": 0.6543907983723724,
  "dev_ece": 0.0739268514147976,
  "stopping_strategy": "per_class_patience",
  "lambda1_mean": 1.0991723252843963,
  "lambda1_std": 0.1721800685602864,
  "lambda2_mean": 0.6930449038866255,
  "lambda2_std": 0.16848499213545604
}