{
  "event": "hurricane_irma_2017",
  "budget": 50,
  "seed_set": 1,
  "test_error_rate": 34.31793770139635,
  "test_macro_f1": 0.6329017075548888,
  "test_ece": 0.2405027390710777,
  "test_per_class_f1": [
    0.5673076923076923,
    0.8045977011494253,
    0.7865459249676585,
    0.9398280802292264,
    0.49266862170087977,
    0.4491844416562108,
    0.28846153846153844,
    0.7008547008547008,
    0.6666666666666666
  ],
  "dev_error_rate": 34.864300626304804,
  "dev_macro_f1": 0.6443475439504037,
  "dev_ece": 0.2436556620426118,
  "stopping_strategy": "weighted_macro_f1",
  "lambda1_mean": 1.0705413404146076,
  "lambda1_std": 0.1735638950425615,
  "lambda2_mean": 0.7022741003842596,
  "lambda2_std": 0.17439730135218168
}