{
  "event": "hurricane_florence_2018",
  "budget": 5,
  "seed_set": 2,
  "test_error_rate": 25.06043513295729,
  "test_macro_f1": 0.6665988422887226,
  "test_ece": 0.09282869583267439,
  "test_per_class_f1": [
    0.6970954356846473,
    0.8060836501901141,
    0.5339805825242718,
    0.8870967741935484,
    0.8689320388349514,
    0.3438914027149321,
    0.13333333333333333,
    0.8641114982578397,
    0.8648648648648649
  ],
  "dev_error_rate": 25.978090766823158,
  "dev_macro_f1": 0.6482802421044231,
  "dev_ece": 0.09480741801955891,
  "lambda1_mean": 0.8681203841834191,
  "lambda1_std": 0.15807957583706278,
  "lambda2_mean": 0.16761979527512885,
  "lambda2_std": 0.04757366324769899
}