{
  "event": "california_wildfires_2018",
  "budget": 25,
  "seed_set": 1,
  "test_error_rate": 28.678986995208767,
  "test_macro_f1": 0.6384296306320143,
  "test_per_class_f1": [
    0.47368421052631576,
    0.7719298245614035,
    0.6288659793814433,
    0.9224704336399474,
    0.7209302325581395,
    0.640973630831643,
    0.4450402144772118,
    0.29333333333333333,
    0.7811860940695297,
    0.7058823529411765
  ],
  "dev_error_rate": 30.186170212765962,
  "dev_macro_f1": 0.6256064628830281,
  "lambda1_mean": 1.0683511095702172,
  "lambda1_std": 0.22888005124174868,
  "lambda2_mean": 0.5626629643954811,
  "lambda2_std": 0.17154121788147733
}