{
  "event": "california_wildfires_2018",
  "budget": 50,
  "seed_set": 3,
  "test_error_rate": 29.911019849418206,
  "test_macro_f1": 0.6340105522996796,
  "test_ece": 0.1403575879633223,
  "test_per_class_f1": [
    0.5,
    0.7710843373493976,
    0.644808743169399,
    0.8906882591093117,
    0.68,
    0.6413502109704642,
    0.4668304668304668,
    0.3,
    0.7723577235772358,
    0.6729857819905213
  ],
  "dev_error_rate": 27.792553191489368,
  "dev_macro_f1": 0.6531341880735723,
  "dev_ece": 0.13348113099469783,
  "stopping_strategy": "per_class_patience",
  "lambda1_mean": 0.9211232944458296,
  "lambda1_std": 0.2938953548078691,
  "lambda2_mean": 0.596091479621103,
  "lambda2_std": 0.34043939084321473
}