{
  "event": "hurricane_harvey_2017",
  "budget": 50,
  "seed_set": 1,
  "test_error_rate": 29.030470914127427,
  "test_macro_f1": 0.6679115558955666,
  "test_ece": 0.1660658859149901,
  "test_per_class_f1": [
    0.6048387096774194,
    0.8896321070234113,
    0.8208092485549133,
    0.8843537414965986,
    0.3584905660377358,
    0.44981412639405205,
    0.4479166666666667,
    0.8266666666666667,
    0.7286821705426356
  ],
  "dev_error_rate": 30.57050592034446,
  "dev_macro_f1": 0.6607967439122491,
  "dev_ece": 0.17726872962437357,
  "stopping_strategy": "no_early_stopping",
  "lambda1_mean": 1.0892369718453276,
  "lambda1_std": 0.18134532154788108,
  "lambda2_mean": 0.5837569848247228,
  "lambda2_std": 0.15515100361821757
}