{
  "event": "kerala_floods_2018",
  "budget": 50,
  "seed_set": 1,
  "test_error_rate": 34.3236409608091,
  "test_macro_f1": 0.5398435071711607,
  "test_ece": 0.13669574910635895,
  "test_per_class_f1": [
    0.42105263157894735,
    0.2153846153846154,
    0.5323741007194245,
    0.8198757763975155,
    0.39285714285714285,
    0.3793103448275862,
    0.6241610738255033,
    0.7890520694259012,
    0.6845238095238095
  ],
  "dev_error_rate": 35.25798525798526,
  "dev_macro_f1": 0.5487636251593061,
  "dev_ece": 0.15173591043644513,
  "stopping_strategy": "balanced_dev",
  "lambda1_mean": 0.9511358495875107,
  "lambda1_std": 0.2886658142449597,
  "lambda2_mean": 0.5605233118652219,
  "lambda2_std": 0.3095156750881851
}