{
  "event": "hurricane_irma_2017",
  "budget": 5,
  "seed_set": 3,
  "test_error_rate": 36.94951664876477,
  "test_macro_f1": 0.6068155419412437,
  "test_ece": 0.2956648258338297,
  "test_per_class_f1": [
    0.5656565656565656,
    0.7852760736196319,
    0.7167325428194994,
    0.9375,
    0.4723926380368098,
    0.2797427652733119,
    0.3333333333333333,
    0.7482993197278912,
    0.6224066390041494
  ],
  "dev_error_rate": 36.95198329853863,
  "dev_macro_f1": 0.6116872612100045,
  "dev_ece": 0.29250805515461525,
  "stopping_strategy": "no_early_stopping",
  "lambda1_mean": 1.115300824838716,
  "lambda1_std": 0.13372988361007157,
  "lambda2_mean": 0.6809578174817168,
  "lambda2_std": 0.1338016896697023
}