{
  "event": "hurricane_dorian_2019",
  "budget": 50,
  "seed_set": 2,
  "test_error_rate": 35.742705570291776,
  "test_macro_f1": 0.5949516246405305,
  "test_ece": 0.17903667255564137,
  "test_per_class_f1": [
    0.6040816326530613,
    0.9022988505747126,
    0.6338461538461538,
    0.4090909090909091,
    0.5568862275449101,
    0.4657534246575342,
    0.16993464052287582,
    0.8053333333333333,
    0.8073394495412844
  ],
  "dev_error_rate": 35.18041237113402,
  "dev_macro_f1": 0.6203676544192289,
  "dev_ece": 0.17410517046132035,
  "stopping_strategy": "balanced_dev",
  "phase1_seed_strategy": "last",
  "phase1_best_epoch": null,
  "lambda1_mean": 0.9686476433496237,
  "lambda1_std": 0.2972075116835405,
  "lambda2_mean": 0.60329803186597,
  "lambda2_std": 0.28962598275767953
}