{
  "event": "hurricane_irma_2017",
  "budget": 50,
  "seed_set": 1,
  "test_error_rate": 31.095596133190117,
  "test_macro_f1": 0.6563548170180735,
  "test_per_class_f1": [
    0.5882352941176471,
    0.8834355828220859,
    0.8278688524590164,
    0.9392265193370166,
    0.44621513944223107,
    0.5012919896640827,
    0.3516483516483517,
    0.7192716236722306,
    0.65
  ],
  "dev_error_rate": 31.524008350730693,
  "dev_macro_f1": 0.6564730171891839,
  "lambda1_mean": 1.0688317536268217,
  "lambda1_std": 0.21095046234278417,
  "lambda2_mean": 0.5764350155513094,
  "lambda2_std": 0.1775275322465774
}