{
  "event": "hurricane_irma_2017",
  "budget": 5,
  "seed_set": 3,
  "test_error_rate": 37.21804511278195,
  "test_macro_f1": 0.612703510443096,
  "test_ece": 0.2929422482928195,
  "test_per_class_f1": [
    0.55625,
    0.778816199376947,
    0.712,
    0.9291784702549575,
    0.4629080118694362,
    0.2838915470494418,
    0.4,
    0.7553041018387553,
    0.6359832635983264
  ],
  "dev_error_rate": 37.89144050104384,
  "dev_macro_f1": 0.610413445512524,
  "dev_ece": 0.2933894177132708,
  "stopping_strategy": "balanced_dev",
  "phase1_seed_strategy": "last",
  "phase1_best_epoch": null,
  "lambda1_mean": 1.115300824838716,
  "lambda1_std": 0.13372988361007157,
  "lambda2_mean": 0.6809578174817168,
  "lambda2_std": 0.1338016896697023
}