{
  "event": "hurricane_irma_2017",
  "budget": 50,
  "seed_set": 1,
  "test_error_rate": 33.72717508055854,
  "test_macro_f1": 0.6390603365991969,
  "test_ece": 0.17869703724548203,
  "test_per_class_f1": [
    0.6382978723404256,
    0.8248587570621468,
    0.8333333333333334,
    0.9285714285714286,
    0.4984025559105431,
    0.363905325443787,
    0.3157894736842105,
    0.6872964169381107,
    0.6610878661087866
  ],
  "dev_error_rate": 32.6722338204593,
  "dev_macro_f1": 0.6460844443908964,
  "dev_ece": 0.17387532254599325,
  "lambda1_mean": 0.9133472339772364,
  "lambda1_std": 0.16542327359856512,
  "lambda2_mean": 0.19548772718474824,
  "lambda2_std": 0.07514357946416735
}