{
  "event": "california_wildfires_2018",
  "budget": 5,
  "seed_set": 3,
  "test_error_rate": 27.515400410677614,
  "test_macro_f1": 0.6275530467845699,
  "test_ece": 0.1509289524067272,
  "test_per_class_f1": [
    0.49230769230769234,
    0.7597765363128491,
    0.5363636363636364,
    0.9077117572692794,
    0.65625,
    0.6956521739130435,
    0.3684210526315789,
    0.34285714285714286,
    0.8304761904761905,
    0.6857142857142857
  ],
  "dev_error_rate": 27.526595744680847,
  "dev_macro_f1": 0.6132195736043069,
  "dev_ece": 0.16485507465264893,
  "stopping_strategy": "balanced_dev",
  "phase1_seed_strategy": "last",
  "phase1_best_epoch": null,
  "lambda1_mean": 1.0744099552944235,
  "lambda1_std": 0.20663610781705039,
  "lambda2_mean": 0.4665273096998622,
  "lambda2_std": 0.15315931255633436
}