{
  "event": "canada_wildfires_2016",
  "budget": 50,
  "seed_set": 1,
  "test_error_rate": 22.022471910112362,
  "test_macro_f1": 0.6280679260709243,
  "test_ece": 0.08207223026939997,
  "test_per_class_f1": [
    0.44,
    0.8860759493670886,
    0.8932038834951457,
    0.23529411764705882,
    0.5087719298245614,
    0.4,
    0.8919667590027701,
    0.7692307692307693
  ],
  "dev_error_rate": 17.982456140350877,
  "dev_macro_f1": 0.7166905398523045,
  "dev_ece": 0.07939217893177998,
  "stopping_strategy": "balanced_dev",
  "phase1_seed_strategy": "last",
  "phase1_best_epoch": null,
  "lambda1_mean": 0.9480135286695975,
  "lambda1_std": 0.30081589144249204,
  "lambda2_mean": 0.43252194980299985,
  "lambda2_std": 0.21164483866025355
}