{
  "event": "kerala_floods_2018",
  "budget": 5,
  "seed_set": 2,
  "test_error_rate": 30.78381795195955,
  "test_macro_f1": 0.5626667134228525,
  "test_ece": 0.21305118602913642,
  "test_per_class_f1": [
    0.5217391304347826,
    0.24489795918367346,
    0.5426356589147286,
    0.8285714285714286,
    0.39215686274509803,
    0.36883116883116884,
    0.6609442060085837,
    0.8354740061162079,
    0.66875
  ],
  "dev_error_rate": 27.27272727272727,
  "dev_macro_f1": 0.6222824868239761,
  "dev_ece": 0.18214182976715687,
  "stopping_strategy": "balanced_dev",
  "phase1_seed_strategy": "last",
  "phase1_best_epoch": null,
  "lambda1_mean": 1.0564704840697718,
  "lambda1_std": 0.22323743220130926,
  "lambda2_mean": 0.5547170369830688,
  "lambda2_std": 0.1763243542683625
}