{
  "event": "hurricane_irma_2017",
  "budget": 25,
  "seed_set": 3,
  "test_error_rate": 33.13641245972073,
  "test_macro_f1": 0.6475021074544494,
  "test_ece": 0.16700506059875037,
  "test_per_class_f1": [
    0.6217228464419475,
    0.8057971014492754,
    0.8133848133848134,
    0.915068493150685,
    0.4722222222222222,
    0.43843031123139375,
    0.37383177570093457,
    0.694078947368421,
    0.6929824561403509
  ],
  "dev_error_rate": 32.567849686847595,
  "dev_macro_f1": 0.6460720373046955,
  "dev_ece": 0.16339576487003632,
  "stopping_strategy": "balanced_dev",
  "phase1_seed_strategy": "last",
  "phase1_best_epoch": null,
  "lambda1_mean": 0.9353570410982763,
  "lambda1_std": 0.305919950245666,
  "lambda2_mean": 0.5782315795805447,
  "lambda2_std": 0.28787907218833936
}