{
  "event": "hurricane_harvey_2017",
  "budget": 25,
  "seed_set": 2,
  "test_error_rate": 28.033240997229914,
  "test_macro_f1": 0.6834791623323889,
  "test_ece": 0.13954199015929097,
  "test_per_class_f1": [
    0.646551724137931,
    0.8385093167701864,
    0.7973856209150327,
    0.9078498293515358,
    0.3888888888888889,
    0.4645390070921986,
    0.5033112582781457,
    0.845943482224248,
    0.7583333333333333
  ],
  "dev_error_rate": 28.094725511302478,
  "dev_macro_f1": 0.6886937694598824,
  "dev_ece": 0.13451199129271943,
  "stopping_strategy": "weighted_macro_f1",
  "phase1_seed_strategy": "last",
  "phase1_best_epoch": null,
  "lambda1_mean": 1.0707724062397685,
  "lambda1_std": 0.21319915429309844,
  "lambda2_mean": 0.4855199246838084,
  "lambda2_std": 0.18145361941420857
}