{
  "event": "kaikoura_earthquake_2016",
  "budget": 10,
  "seed_set": 3,
  "test_error_rate": 24.827586206896555,
  "test_macro_f1": 0.6878244720116832,
  "test_ece": 0.14469790033910468,
  "test_per_class_f1": [
    0.6892655367231638,
    0.8648648648648649,
    0.8939393939393939,
    1.0,
    0.5476190476190477,
    0.49586776859504134,
    0.0,
    0.8125,
    0.8863636363636364
  ],
  "dev_error_rate": 25.89285714285714,
  "dev_macro_f1": 0.6757251931675436,
  "dev_ece": 0.17213495009179622,
  "stopping_strategy": "per_class_patience",
  "lambda1_mean": 1.093218453870722,
  "lambda1_std": 0.13555738766791697,
  "lambda2_mean": 0.5175827385801097,
  "lambda2_std": 0.11496442910767742
}