{
  "event": "cyclone_idai_2019",
  "budget": 50,
  "seed_set": 2,
  "test_error_rate": 36.71373555840821,
  "test_macro_f1": 0.5000281946346183,
  "test_ece": 0.09249776594139951,
  "test_per_class_f1": [
    0.31746031746031744,
    0.5161290322580645,
    0.8027210884353742,
    0.898876404494382,
    0.0,
    0.23529411764705882,
    0.4484848484848485,
    0.3,
    0.6770833333333334,
    0.8042328042328042
  ],
  "dev_error_rate": 36.65835411471322,
  "dev_macro_f1": 0.47599790955196075,
  "dev_ece": 0.11240852247003902,
  "stopping_strategy": "balanced_dev",
  "phase1_seed_strategy": "last",
  "phase1_best_epoch": null,
  "lambda1_mean": 1.0064127456515828,
  "lambda1_std": 0.27561342972285036,
  "lambda2_mean": 0.5884488097059476,
  "lambda2_std": 0.22594548065160897
}