{
  "event": "hurricane_harvey_2017",
  "budget": 5,
  "seed_set": 1,
  "test_error_rate": 33.46260387811635,
  "test_macro_f1": 0.614252235941427,
  "test_per_class_f1": [
    0.5756457564575646,
    0.8391608391608392,
    0.716,
    0.8817204301075269,
    0.3469387755102041,
    0.21709006928406466,
    0.42962962962962964,
    0.8456140350877193,
    0.6764705882352942
  ],
  "dev_error_rate": 34.33799784714747,
  "dev_macro_f1": 0.6074081209049152,
  "lambda1_mean": 1.0884347266474874,
  "lambda1_std": 0.19678951068077288,
  "lambda2_mean": 0.5779171952956011,
  "lambda2_std": 0.1592759958392542
}