{
  "event": "hurricane_irma_2017",
  "budget": 5,
  "seed_set": 3,
  "test_error_rate": 37.00322234156821,
  "test_macro_f1": 0.6174094458690977,
  "test_ece": 0.2548929421845364,
  "test_per_class_f1": [
    0.5308310991957105,
    0.7987421383647799,
    0.7344173441734417,
    0.9344729344729344,
    0.49122807017543857,
    0.26955074875207985,
    0.40625,
    0.7325581395348837,
    0.6586345381526104
  ],
  "dev_error_rate": 37.99582463465553,
  "dev_macro_f1": 0.604176789451071,
  "dev_ece": 0.263735653058721,
  "lambda1_mean": 0.8755551733178175,
  "lambda1_std": 0.1576751015545549,
  "lambda2_mean": 0.1722997655871413,
  "lambda2_std": 0.05521221042210783
}