{
  "event": "hurricane_irma_2017",
  "budget": 5,
  "seed_set": 1,
  "test_error_rate": 34.47905477980666,
  "test_macro_f1": 0.6281503985555362,
  "test_ece": 0.25755955986318474,
  "test_per_class_f1": [
    0.5855263157894737,
    0.8011869436201781,
    0.7568270481144344,
    0.9344729344729344,
    0.5031446540880503,
    0.3543913713405239,
    0.32727272727272727,
    0.7356643356643356,
    0.6548672566371682
  ],
  "dev_error_rate": 35.908141962421716,
  "dev_macro_f1": 0.6321393566258839,
  "dev_ece": 0.2692709837987677,
  "stopping_strategy": "balanced_dev",
  "phase1_seed_strategy": "last",
  "phase1_best_epoch": null,
  "lambda1_mean": 1.0746757448233755,
  "lambda1_std": 0.22648862039462714,
  "lambda2_mean": 0.5647619025878281,
  "lambda2_std": 0.17229810030894044
}