{
  "event": "kaikoura_earthquake_2016",
  "budget": 25,
  "seed_set": 1,
  "test_error_rate": 24.827586206896555,
  "test_macro_f1": 0.7143009884739322,
  "test_ece": 0.08350065850663457,
  "test_per_class_f1": [
    0.6586826347305389,
    0.8205128205128205,
    0.8872180451127819,
    1.0,
    0.5714285714285714,
    0.5343511450381679,
    0.2,
    0.8536585365853658,
    0.9028571428571428
  ],
  "dev_error_rate": 27.23214285714286,
  "dev_macro_f1": 0.7189292996646045,
  "dev_ece": 0.11878091362970217,
  "stopping_strategy": "per_class_patience",
  "lambda1_mean": 1.0894249179266955,
  "lambda1_std": 0.16063187285164124,
  "lambda2_mean": 0.6186756037985921,
  "lambda2_std": 0.148671097098089
}