{
  "event": "hurricane_dorian_2019",
  "budget": 5,
  "seed_set": 2,
  "test_error_rate": 37.9973474801061,
  "test_macro_f1": 0.5636496435924135,
  "test_ece": 0.185713639962104,
  "test_per_class_f1": [
    0.5760869565217391,
    0.8658536585365854,
    0.5567765567765568,
    0.35714285714285715,
    0.5772727272727273,
    0.34968017057569295,
    0.20512820512820512,
    0.7971698113207547,
    0.7877358490566038
  ],
  "dev_error_rate": 39.30412371134021,
  "dev_macro_f1": 0.5595968376273349,
  "dev_ece": 0.19508967675345462,
  "stopping_strategy": "balanced_dev",
  "phase1_seed_strategy": "last",
  "phase1_best_epoch": null,
  "lambda1_mean": 1.0254751651269667,
  "lambda1_std": 0.2743935650904122,
  "lambda2_mean": 0.5954043766763948,
  "lambda2_std": 0.18991610854569418
}