{
  "event": "kaikoura_earthquake_2016",
  "budget": 5,
  "seed_set": 2,
  "test_error_rate": 27.126436781609197,
  "test_macro_f1": 0.6595194270541698,
  "test_ece": 0.18787243188112626,
  "test_per_class_f1": [
    0.6888888888888889,
    0.7741935483870968,
    0.7870967741935484,
    0.9523809523809523,
    0.5753424657534246,
    0.453781512605042,
    0.0,
    0.8275862068965517,
    0.8764044943820225
  ],
  "dev_error_rate": 28.57142857142857,
  "dev_macro_f1": 0.6490958041232997,
  "dev_ece": 0.1558320720547012,
  "stopping_strategy": "no_early_stopping",
  "lambda1_mean": 1.0020074392968563,
  "lambda1_std": 0.2490921278435417,
  "lambda2_mean": 0.4663406971227741,
  "lambda2_std": 0.20100179869628051
}