{
  "event": "kaikoura_earthquake_2016",
  "budget": 25,
  "seed_set": 3,
  "test_error_rate": 27.816091954022994,
  "test_macro_f1": 0.690134556411524,
  "test_ece": 0.12063103174341139,
  "test_per_class_f1": [
    0.6989247311827957,
    0.875,
    0.7633587786259542,
    0.9767441860465116,
    0.5135135135135135,
    0.49612403100775193,
    0.18181818181818182,
    0.8641975308641975,
    0.8415300546448088
  ],
  "dev_error_rate": 29.910714285714292,
  "dev_macro_f1": 0.6814814207553481,
  "dev_ece": 0.0554988449439406,
  "stopping_strategy": "scaled_threshold",
  "phase1_seed_strategy": "last",
  "phase1_best_epoch": null,
  "lambda1_mean": 0.9746923417506942,
  "lambda1_std": 0.24817078275750196,
  "lambda2_mean": 0.5694609625968837,
  "lambda2_std": 0.24235928432479142
}