{
  "event": "hurricane_dorian_2019",
  "budget": 50,
  "seed_set": 2,
  "test_error_rate": 34.814323607427056,
  "test_macro_f1": 0.5979492825669692,
  "test_ece": 0.07262369343116683,
  "test_per_class_f1": [
    0.6176470588235294,
    0.9017341040462428,
    0.6507936507936508,
    0.375,
    0.5344827586206896,
    0.42247191011235957,
    0.2549019607843137,
    0.8095238095238095,
    0.8149882903981265
  ],
  "dev_error_rate": 33.376288659793815,
  "dev_macro_f1": 0.6263874613662299,
  "dev_ece": 0.06412415179548803,
  "lambda1_mean": 0.9201144758295303,
  "lambda1_std": 0.16536156474146052,
  "lambda2_mean": 0.19002494065419848,
  "lambda2_std": 0.06676787752118722
}