{
  "event": "kerala_floods_2018",
  "budget": 5,
  "seed_set": 1,
  "test_error_rate": 29.96207332490518,
  "test_macro_f1": 0.5518015159978951,
  "test_ece": 0.22961297186677887,
  "test_per_class_f1": [
    0.48484848484848486,
    0.28,
    0.48739495798319327,
    0.8148148148148148,
    0.39215686274509803,
    0.35942028985507246,
    0.6557377049180327,
    0.851063829787234,
    0.6407766990291263
  ],
  "dev_error_rate": 27.027027027027028,
  "dev_macro_f1": 0.6028890137706893,
  "dev_ece": 0.20657012510944056,
  "stopping_strategy": "baseline",
  "lambda1_mean": 1.0926956980373497,
  "lambda1_std": 0.1948269696284613,
  "lambda2_mean": 0.6349954955859853,
  "lambda2_std": 0.16043827669616145
}