{
  "event": "hurricane_harvey_2017",
  "budget": 25,
  "seed_set": 3,
  "test_error_rate": 30.249307479224374,
  "test_macro_f1": 0.6646608465383844,
  "test_per_class_f1": [
    0.5857740585774058,
    0.8598726114649682,
    0.8347457627118644,
    0.8775510204081632,
    0.38095238095238093,
    0.4713584288052373,
    0.46153846153846156,
    0.7984111221449851,
    0.7117437722419929
  ],
  "dev_error_rate": 31.10871905274488,
  "dev_macro_f1": 0.6634842675627817,
  "lambda1_mean": 1.0693070636263506,
  "lambda1_std": 0.22507220838528125,
  "lambda2_mean": 0.5723838278075871,
  "lambda2_std": 0.17221594481518013
}