{
  "event": "canada_wildfires_2016",
  "budget": 10,
  "seed_set": 1,
  "test_error_rate": 25.39325842696629,
  "test_macro_f1": 0.5488202037158044,
  "test_per_class_f1": [
    0.5283018867924528,
    0.8589743589743589,
    0.8679245283018868,
    0.1875,
    0.26666666666666666,
    0.0,
    0.8943089430894309,
    0.7868852459016393
  ],
  "dev_error_rate": 25.438596491228072,
  "dev_macro_f1": 0.6184894807612996,
  "lambda1_mean": 1.0253644567056395,
  "lambda1_std": 0.22394739821596613,
  "lambda2_mean": 0.470011525259092,
  "lambda2_std": 0.1811478806664429
}