{
  "event": "hurricane_maria_2017",
  "budget": 5,
  "seed_set": 1,
  "test_error_rate": 33.009708737864074,
  "test_macro_f1": 0.6296826723646146,
  "test_ece": 0.2380411428361924,
  "test_per_class_f1": [
    0.5647058823529412,
    0.7123287671232876,
    0.8256578947368421,
    0.9043478260869565,
    0.3312883435582822,
    0.30317848410757947,
    0.5555555555555556,
    0.8144796380090498,
    0.6556016597510373
  ],
  "dev_error_rate": 31.53638814016172,
  "dev_macro_f1": 0.6368854569193154,
  "dev_ece": 0.24187169125619926,
  "stopping_strategy": "weighted_macro_f1",
  "phase1_seed_strategy": "last",
  "phase1_best_epoch": null,
  "lambda1_mean": 1.0853768748854837,
  "lambda1_std": 0.1873524982171975,
  "lambda2_mean": 0.511491055735153,
  "lambda2_std": 0.16787272951274215
}