{
  "event": "cyclone_idai_2019",
  "budget": 10,
  "seed_set": 2,
  "test_error_rate": 23.106546854942234,
  "test_macro_f1": 0.6304547082497081,
  "test_ece": 0.09686088787728922,
  "test_per_class_f1": [
    0.5531914893617021,
    0.6111111111111112,
    0.7611940298507462,
    0.9212121212121213,
    0.5,
    0.42105263157894735,
    0.4217687074829932,
    0.4262295081967213,
    0.8785310734463276,
    0.8102564102564103
  ],
  "dev_error_rate": 28.6783042394015,
  "dev_macro_f1": 0.5393123896942018,
  "dev_ece": 0.1183176129090221,
  "stopping_strategy": "weighted_macro_f1",
  "phase1_seed_strategy": "last",
  "phase1_best_epoch": null,
  "lambda1_mean": 1.0634114150670257,
  "lambda1_std": 0.22440864542755926,
  "lambda2_mean": 0.5819953926297671,
  "lambda2_std": 0.1970147989538754
}