{
  "event": "hurricane_harvey_2017",
  "budget": 10,
  "seed_set": 3,
  "test_error_rate": 32.963988919667585,
  "test_macro_f1": 0.6371411129325968,
  "test_ece": 0.1506805349419982,
  "test_per_class_f1": [
    0.6134453781512605,
    0.7894736842105263,
    0.8270042194092827,
    0.8912280701754386,
    0.34375,
    0.4117647058823529,
    0.350597609561753,
    0.7892644135188867,
    0.717741935483871
  ],
  "dev_error_rate": 32.83100107642627,
  "dev_macro_f1": 0.6462362698639922,
  "dev_ece": 0.16177049660964984,
  "stopping_strategy": "balanced_dev",
  "phase1_seed_strategy": "last",
  "phase1_best_epoch": null,
  "lambda1_mean": 0.9746207118579439,
  "lambda1_std": 0.27842256147862204,
  "lambda2_mean": 0.385722027789219,
  "lambda2_std": 0.16069222754222134
}