{
  "event": "canada_wildfires_2016",
  "budget": 10,
  "seed_set": 1,
  "test_error_rate": 24.494382022471907,
  "test_macro_f1": 0.6028847178161512,
  "test_ece": 0.0656025942121999,
  "test_per_class_f1": [
    0.5217391304347826,
    0.8554216867469879,
    0.8952380952380953,
    0.28,
    0.42424242424242425,
    0.2,
    0.8703170028818443,
    0.7761194029850746
  ],
  "dev_error_rate": 23.684210526315784,
  "dev_macro_f1": 0.6400506639680154,
  "dev_ece": 0.08215381061298804,
  "lambda1_mean": 0.8449095361842294,
  "lambda1_std": 0.19665488506764242,
  "lambda2_mean": 0.15875018968640808,
  "lambda2_std": 0.06641094349617167
}