{
  "event": "hurricane_harvey_2017",
  "budget": 50,
  "seed_set": 1,
  "test_error_rate": 27.922437673130197,
  "test_macro_f1": 0.6736428888267308,
  "test_ece": 0.1337658627871992,
  "test_per_class_f1": [
    0.6134453781512605,
    0.8979591836734694,
    0.8120300751879699,
    0.8733333333333333,
    0.3516483516483517,
    0.4716636197440585,
    0.4648648648648649,
    0.8373831775700935,
    0.7404580152671756
  ],
  "dev_error_rate": 30.139935414424112,
  "dev_macro_f1": 0.660385994399183,
  "dev_ece": 0.15682627990505027,
  "stopping_strategy": "per_class_patience",
  "lambda1_mean": 1.0892369718453276,
  "lambda1_std": 0.18134532154788108,
  "lambda2_mean": 0.5837569848247228,
  "lambda2_std": 0.15515100361821757
}