{
  "event": "kerala_floods_2018",
  "budget": 50,
  "seed_set": 3,
  "test_error_rate": 33.62831858407079,
  "test_macro_f1": 0.56382675456111,
  "test_per_class_f1": [
    0.41975308641975306,
    0.3684210526315789,
    0.5605095541401274,
    0.8513513513513513,
    0.39800995024875624,
    0.3224181360201511,
    0.6736111111111112,
    0.7975708502024291,
    0.6827956989247311
  ],
  "dev_error_rate": 32.30958230958231,
  "dev_macro_f1": 0.6125977178569536,
  "lambda1_mean": 1.0592376316641379,
  "lambda1_std": 0.22936634726363714,
  "lambda2_mean": 0.5745666875710869,
  "lambda2_std": 0.18327464275305433
}