{
  "event": "kerala_floods_2018",
  "budget": 50,
  "seed_set": 3,
  "test_error_rate": 31.605562579013903,
  "test_macro_f1": 0.553196813978491,
  "test_ece": 0.05321515823435389,
  "test_per_class_f1": [
    0.3764705882352941,
    0.3111111111111111,
    0.5735294117647058,
    0.8258064516129032,
    0.3793103448275862,
    0.3854748603351955,
    0.6742424242424242,
    0.8265635074145713,
    0.6262626262626263
  ],
  "dev_error_rate": 30.22113022113022,
  "dev_macro_f1": 0.6033358987618599,
  "dev_ece": 0.06727416849985757,
  "stopping_strategy": "weighted_macro_f1",
  "phase1_seed_strategy": "last",
  "phase1_best_epoch": null,
  "lambda1_mean": 0.9860109347509762,
  "lambda1_std": 0.26360414923141967,
  "lambda2_mean": 0.47004773022754043,
  "lambda2_std": 0.20409007485298314
}