{
  "event": "cyclone_idai_2019",
  "budget": 10,
  "seed_set": 1,
  "test_error_rate": 34.78818998716303,
  "test_macro_f1": 0.541256118352307,
  "test_ece": 0.1485563650516858,
  "test_per_class_f1": [
    0.4444444444444444,
    0.4,
    0.8,
    0.8333333333333334,
    0.4,
    0.34285714285714286,
    0.35714285714285715,
    0.29310344827586204,
    0.7527910685805422,
    0.7888888888888889
  ],
  "dev_error_rate": 38.15461346633416,
  "dev_macro_f1": 0.47533682720215625,
  "dev_ece": 0.170445866418301,
  "stopping_strategy": "balanced_dev",
  "phase1_seed_strategy": "last",
  "phase1_best_epoch": null,
  "lambda1_mean": 1.0904713126565113,
  "lambda1_std": 0.17539092485757546,
  "lambda2_mean": 0.6486174354389396,
  "lambda2_std": 0.17319675341718374
}