{
  "event": "cyclone_idai_2019",
  "budget": 10,
  "seed_set": 2,
  "test_error_rate": 22.978177150192558,
  "test_macro_f1": 0.630144272643068,
  "test_ece": 0.09799540322154418,
  "test_per_class_f1": [
    0.5217391304347826,
    0.6111111111111112,
    0.7703703703703704,
    0.926829268292683,
    0.5,
    0.42105263157894735,
    0.4217687074829932,
    0.4406779661016949,
    0.8776371308016878,
    0.8102564102564103
  ],
  "dev_error_rate": 27.431421446384043,
  "dev_macro_f1": 0.5550603543935717,
  "dev_ece": 0.14588028497232167,
  "stopping_strategy": "no_early_stopping",
  "lambda1_mean": 1.0634114150670257,
  "lambda1_std": 0.22440864542755926,
  "lambda2_mean": 0.5819953926297671,
  "lambda2_std": 0.1970147989538754
}