{
  "event": "kaikoura_earthquake_2016",
  "budget": 10,
  "seed_set": 2,
  "test_error_rate": 27.126436781609197,
  "test_macro_f1": 0.6678687376678392,
  "test_ece": 0.12215975543548321,
  "test_per_class_f1": [
    0.6308724832214765,
    0.8421052631578947,
    0.8368794326241135,
    0.9130434782608695,
    0.5384615384615384,
    0.5032258064516129,
    0.0,
    0.8433734939759037,
    0.9028571428571428
  ],
  "dev_error_rate": 26.785714285714292,
  "dev_macro_f1": 0.6696875086303,
  "dev_ece": 0.1195034532408629,
  "stopping_strategy": "balanced_dev",
  "phase1_seed_strategy": "last",
  "phase1_best_epoch": null,
  "lambda1_mean": 1.0569303097125617,
  "lambda1_std": 0.16899692711994196,
  "lambda2_mean": 0.38862888871862505,
  "lambda2_std": 0.15359415362918993
}