{
  "event": "kerala_floods_2018",
  "budget": 50,
  "seed_set": 2,
  "test_error_rate": 31.795195954487987,
  "test_macro_f1": 0.5586522412738151,
  "test_ece": 0.06584132435424289,
  "test_per_class_f1": [
    0.463768115942029,
    0.25925925925925924,
    0.5490196078431373,
    0.8607594936708861,
    0.31213872832369943,
    0.40632054176072235,
    0.6823529411764706,
    0.8255208333333334,
    0.6687306501547987
  ],
  "dev_error_rate": 29.238329238329243,
  "dev_macro_f1": 0.6253860928261141,
  "dev_ece": 0.06228004194594719,
  "stopping_strategy": "weighted_macro_f1",
  "phase1_seed_strategy": "last",
  "phase1_best_epoch": null,
  "lambda1_mean": 0.976797214579831,
  "lambda1_std": 0.2719818896357567,
  "lambda2_mean": 0.6044179996128953,
  "lambda2_std": 0.2773021646303297
}