{
  "event": "hurricane_florence_2018",
  "budget": 5,
  "seed_set": 2,
  "test_error_rate": 23.126510878323934,
  "test_macro_f1": 0.6646883058824395,
  "test_ece": 0.1676063874524798,
  "test_per_class_f1": [
    0.7425373134328358,
    0.8075471698113208,
    0.6428571428571429,
    0.8888888888888888,
    0.8538283062645011,
    0.3434343434343434,
    0.0,
    0.8626760563380281,
    0.8404255319148937
  ],
  "dev_error_rate": 22.37871674491393,
  "dev_macro_f1": 0.6704111219949493,
  "dev_ece": 0.15542796198191217,
  "stopping_strategy": "no_early_stopping",
  "lambda1_mean": 1.111263111865817,
  "lambda1_std": 0.15773683533054403,
  "lambda2_mean": 0.5912307137521771,
  "lambda2_std": 0.13463432389323035
}