{
  "event": "california_wildfires_2018",
  "budget": 50,
  "seed_set": 1,
  "test_error_rate": 28.268309377138944,
  "test_macro_f1": 0.6434609376669445,
  "test_ece": 0.06739725027689783,
  "test_per_class_f1": [
    0.49230769230769234,
    0.8,
    0.6153846153846154,
    0.8934993084370678,
    0.64,
    0.6679462571976967,
    0.4257703081232493,
    0.375,
    0.8247011952191236,
    0.7
  ],
  "dev_error_rate": 26.994680851063833,
  "dev_macro_f1": 0.6594776738218884,
  "dev_ece": 0.07685493665965312,
  "stopping_strategy": "weighted_macro_f1",
  "lambda1_mean": 1.067255631510414,
  "lambda1_std": 0.224876901134882,
  "lambda2_mean": 0.5926863360646656,
  "lambda2_std": 0.18734738021492828
}