{
  "event": "hurricane_maria_2017",
  "budget": 25,
  "seed_set": 3,
  "test_error_rate": 30.859916782246877,
  "test_macro_f1": 0.6653114016833857,
  "test_ece": 0.1543439475822052,
  "test_per_class_f1": [
    0.6086956521739131,
    0.7619047619047619,
    0.8469055374592834,
    0.921875,
    0.3142857142857143,
    0.4294234592445328,
    0.6495176848874598,
    0.8051948051948052,
    0.65
  ],
  "dev_error_rate": 30.99730458221024,
  "dev_macro_f1": 0.672988042749907,
  "dev_ece": 0.16133196539473987,
  "stopping_strategy": "weighted_macro_f1",
  "phase1_seed_strategy": "last",
  "phase1_best_epoch": null,
  "lambda1_mean": 0.9030638805251835,
  "lambda1_std": 0.33514349495183904,
  "lambda2_mean": 0.5907910031151369,
  "lambda2_std": 0.3183493617355041
}