{
  "event": "kerala_floods_2018",
  "budget": 25,
  "seed_set": 1,
  "test_error_rate": 34.260429835651074,
  "test_macro_f1": 0.5405337065050191,
  "test_ece": 0.16560032275209832,
  "test_per_class_f1": [
    0.43902439024390244,
    0.1917808219178082,
    0.5891472868217055,
    0.8345323741007195,
    0.3925233644859813,
    0.3286118980169972,
    0.6225165562913907,
    0.8,
    0.6666666666666666
  ],
  "dev_error_rate": 29.729729729729726,
  "dev_macro_f1": 0.5962554558030537,
  "dev_ece": 0.13819796864757958,
  "stopping_strategy": "scaled_threshold",
  "phase1_seed_strategy": "last",
  "phase1_best_epoch": null,
  "lambda1_mean": 1.0493663151132995,
  "lambda1_std": 0.24689267765675096,
  "lambda2_mean": 0.5474210133426657,
  "lambda2_std": 0.1828473006163602
}