{
  "event": "canada_wildfires_2016",
  "budget": 5,
  "seed_set": 3,
  "test_error_rate": 24.943820224719104,
  "test_macro_f1": 0.5852707932216809,
  "test_per_class_f1": [
    0.37209302325581395,
    0.8627450980392157,
    0.9,
    0.1951219512195122,
    0.5263157894736842,
    0.16666666666666666,
    0.8713450292397661,
    0.7878787878787878
  ],
  "dev_error_rate": 22.807017543859654,
  "dev_macro_f1": 0.6481817879198744,
  "lambda1_mean": 1.0138930232822179,
  "lambda1_std": 0.24045025439975734,
  "lambda2_mean": 0.4903625383350197,
  "lambda2_std": 0.18448041424594974
}