{
  "event": "canada_wildfires_2016",
  "budget": 25,
  "seed_set": 3,
  "test_error_rate": 21.79775280898877,
  "test_macro_f1": 0.6145782730341554,
  "test_ece": 0.0660458817240897,
  "test_per_class_f1": [
    0.42857142857142855,
    0.8758169934640523,
    0.8727272727272727,
    0.3076923076923077,
    0.4727272727272727,
    0.25,
    0.9090909090909091,
    0.8
  ],
  "dev_error_rate": 17.982456140350877,
  "dev_macro_f1": 0.7590822807948121,
  "dev_ece": 0.08230698121744293,
  "lambda1_mean": 0.8683797912303749,
  "lambda1_std": 0.15417794398161763,
  "lambda2_mean": 0.17148553392112872,
  "lambda2_std": 0.06646491959187681
}