{
  "event": "kaikoura_earthquake_2016",
  "budget": 50,
  "seed_set": 1,
  "test_error_rate": 24.36781609195402,
  "test_macro_f1": 0.7402315792734662,
  "test_ece": 0.06734833292577458,
  "test_per_class_f1": [
    0.7142857142857143,
    0.8333333333333334,
    0.8549618320610687,
    1.0,
    0.5333333333333333,
    0.4576271186440678,
    0.46153846153846156,
    0.8705882352941177,
    0.9364161849710982
  ],
  "dev_error_rate": 25.44642857142857,
  "dev_macro_f1": 0.6663292462668332,
  "dev_ece": 0.10159207494663339,
  "stopping_strategy": "balanced_dev",
  "phase1_seed_strategy": "last",
  "phase1_best_epoch": null,
  "lambda1_mean": 0.6863115730828716,
  "lambda1_std": 0.2714324562488346,
  "lambda2_mean": 0.2557144673595965,
  "lambda2_std": 0.16882500407557097
}