{
  "event": "hurricane_dorian_2019",
  "budget": 10,
  "seed_set": 1,
  "test_error_rate": 38.3289124668435,
  "test_macro_f1": 0.5646588582218792,
  "test_ece": 0.16324776431807475,
  "test_per_class_f1": [
    0.6025408348457351,
    0.8735632183908046,
    0.6027397260273972,
    0.36,
    0.5903614457831325,
    0.25,
    0.1935483870967742,
    0.8129675810473815,
    0.7962085308056872
  ],
  "dev_error_rate": 42.912371134020624,
  "dev_macro_f1": 0.527676524194521,
  "dev_ece": 0.2019373093990935,
  "stopping_strategy": "balanced_dev",
  "phase1_seed_strategy": "last",
  "phase1_best_epoch": null,
  "lambda1_mean": 1.0895885906598415,
  "lambda1_std": 0.18896089973296235,
  "lambda2_mean": 0.6050967222709285,
  "lambda2_std": 0.15685382768052625
}