{
  "event": "hurricane_dorian_2019",
  "budget": 10,
  "seed_set": 3,
  "test_error_rate": 37.6657824933687,
  "test_macro_f1": 0.5435467877418184,
  "test_ece": 0.25548891128295304,
  "test_per_class_f1": [
    0.6,
    0.8728323699421965,
    0.572289156626506,
    0.3,
    0.5590909090909091,
    0.30260047281323876,
    0.125,
    0.7954022988505747,
    0.7647058823529411
  ],
  "dev_error_rate": 38.53092783505154,
  "dev_macro_f1": 0.5889777054776439,
  "dev_ece": 0.2628033199184334,
  "lambda1_mean": 0.8483458409854849,
  "lambda1_std": 0.17964722672567432,
  "lambda2_mean": 0.17513393651029582,
  "lambda2_std": 0.05928594057829288
}