{
  "event": "hurricane_harvey_2017",
  "budget": 50,
  "seed_set": 1,
  "test_error_rate": 29.25207756232687,
  "test_macro_f1": 0.6703629292605817,
  "test_ece": 0.10702080645719719,
  "test_per_class_f1": [
    0.64,
    0.8989547038327527,
    0.8356997971602435,
    0.8986486486486487,
    0.3412322274881517,
    0.49016100178890876,
    0.4019138755980861,
    0.8042226487523992,
    0.7224334600760456
  ],
  "dev_error_rate": 30.247578040904198,
  "dev_macro_f1": 0.6741607729699459,
  "dev_ece": 0.10941058727717116,
  "stopping_strategy": "baseline",
  "lambda1_mean": 1.092414100970516,
  "lambda1_std": 0.14857937366628135,
  "lambda2_mean": 0.6497965203623045,
  "lambda2_std": 0.15537429712208986
}