{
  "event": "hurricane_dorian_2019",
  "budget": 50,
  "seed_set": 3,
  "test_error_rate": 37.267904509283824,
  "test_macro_f1": 0.5825679349585327,
  "test_ece": 0.18656294103168364,
  "test_per_class_f1": [
    0.5662921348314607,
    0.8767908309455588,
    0.6491228070175439,
    0.3548387096774194,
    0.5427728613569321,
    0.5083487940630798,
    0.20359281437125748,
    0.7477744807121661,
    0.7935779816513762
  ],
  "dev_error_rate": 37.11340206185567,
  "dev_macro_f1": 0.5979106739318796,
  "dev_ece": 0.1913423546273069,
  "stopping_strategy": "balanced_dev",
  "phase1_seed_strategy": "last",
  "phase1_best_epoch": null,
  "lambda1_mean": 0.903852061735538,
  "lambda1_std": 0.3182146210946995,
  "lambda2_mean": 0.5445734954336393,
  "lambda2_std": 0.33525924326704093
}