{
  "event": "california_wildfires_2018",
  "budget": 5,
  "seed_set": 3,
  "test_error_rate": 27.58384668035592,
  "test_macro_f1": 0.6231346687296337,
  "test_ece": 0.17038573217587794,
  "test_per_class_f1": [
    0.5263157894736842,
    0.7457627118644068,
    0.5846153846153846,
    0.9132653061224489,
    0.6666666666666666,
    0.696113074204947,
    0.3150684931506849,
    0.2857142857142857,
    0.8253358925143954,
    0.6724890829694323
  ],
  "dev_error_rate": 28.723404255319153,
  "dev_macro_f1": 0.6119620471431514,
  "dev_ece": 0.1865436570282947,
  "lambda1_mean": 0.8317931228492165,
  "lambda1_std": 0.16617432677997102,
  "lambda2_mean": 0.16230614175263974,
  "lambda2_std": 0.06087952765917871
}