{
  "event": "hurricane_dorian_2019",
  "budget": 5,
  "seed_set": 2,
  "test_error_rate": 36.40583554376657,
  "test_macro_f1": 0.5980395969765402,
  "test_ece": 0.24188285164871012,
  "test_per_class_f1": [
    0.5958083832335329,
    0.8454810495626822,
    0.6336633663366337,
    0.6206896551724138,
    0.5897435897435898,
    0.2595419847328244,
    0.21818181818181817,
    0.8135593220338984,
    0.8056872037914692
  ],
  "dev_error_rate": 39.81958762886598,
  "dev_macro_f1": 0.570468324813886,
  "dev_ece": 0.27193407637556805,
  "lambda1_mean": 0.8673491674360595,
  "lambda1_std": 0.16597124427253973,
  "lambda2_mean": 0.16921870429470254,
  "lambda2_std": 0.056404043522591214
}