{
  "event": "hurricane_harvey_2017",
  "budget": 5,
  "seed_set": 3,
  "test_error_rate": 33.85041551246537,
  "test_macro_f1": 0.6264509092879859,
  "test_ece": 0.25060291004643215,
  "test_per_class_f1": [
    0.6031746031746031,
    0.84,
    0.7201565557729941,
    0.88,
    0.3853820598006645,
    0.27213822894168466,
    0.4277456647398844,
    0.8180112570356473,
    0.6914498141263941
  ],
  "dev_error_rate": 34.33799784714747,
  "dev_macro_f1": 0.6263642680018991,
  "dev_ece": 0.25359918935819903,
  "stopping_strategy": "no_early_stopping",
  "lambda1_mean": 1.117803186074454,
  "lambda1_std": 0.1339138736160144,
  "lambda2_mean": 0.6796305218850038,
  "lambda2_std": 0.1307899484716499
}