{
  "event": "hurricane_florence_2018",
  "budget": 25,
  "seed_set": 3,
  "test_error_rate": 26.430298146655918,
  "test_macro_f1": 0.6793376834404207,
  "test_ece": 0.08940899833184304,
  "test_per_class_f1": [
    0.6921348314606741,
    0.8028673835125448,
    0.6363636363636364,
    0.9,
    0.8148148148148148,
    0.45936395759717313,
    0.12698412698412698,
    0.8490230905861457,
    0.8324873096446701
  ],
  "dev_error_rate": 26.447574334898285,
  "dev_macro_f1": 0.6788834621591796,
  "dev_ece": 0.09622376518256973,
  "stopping_strategy": "baseline",
  "lambda1_mean": 1.1012382232175733,
  "lambda1_std": 0.16968726712886514,
  "lambda2_mean": 0.6641079562649214,
  "lambda2_std": 0.14481410731812114
}