{
  "event": "kaikoura_earthquake_2016",
  "budget": 25,
  "seed_set": 3,
  "test_error_rate": 27.816091954022994,
  "test_macro_f1": 0.7105994034324481,
  "test_ece": 0.13232867361485273,
  "test_per_class_f1": [
    0.6904761904761905,
    0.9411764705882353,
    0.8091603053435115,
    0.9130434782608695,
    0.45454545454545453,
    0.5196850393700787,
    0.375,
    0.8461538461538461,
    0.8461538461538461
  ],
  "dev_error_rate": 29.01785714285714,
  "dev_macro_f1": 0.6742020285503982,
  "dev_ece": 0.11964915360191038,
  "stopping_strategy": "per_class_patience",
  "lambda1_mean": 0.9785353206329156,
  "lambda1_std": 0.29648823224916176,
  "lambda2_mean": 0.5137089721850367,
  "lambda2_std": 0.2291640617233848
}