{
  "event": "kaikoura_earthquake_2016",
  "budget": 5,
  "seed_set": 3,
  "test_error_rate": 27.126436781609197,
  "test_macro_f1": 0.710769734851738,
  "test_ece": 0.15574782477028065,
  "test_per_class_f1": [
    0.6961325966850829,
    0.8,
    0.8142857142857143,
    0.9545454545454546,
    0.45901639344262296,
    0.5170068027210885,
    0.46153846153846156,
    0.8157894736842105,
    0.8786127167630058
  ],
  "dev_error_rate": 29.910714285714292,
  "dev_macro_f1": 0.6710686017516857,
  "dev_ece": 0.14603705358292376,
  "stopping_strategy": "no_early_stopping",
  "lambda1_mean": 1.0681722596853878,
  "lambda1_std": 0.20936217212933622,
  "lambda2_mean": 0.5463484554782628,
  "lambda2_std": 0.17209718677045555
}