{
  "event": "hurricane_dorian_2019",
  "budget": 25,
  "seed_set": 3,
  "test_error_rate": 36.273209549071616,
  "test_macro_f1": 0.5758604675979897,
  "test_ece": 0.10807191580533983,
  "test_per_class_f1": [
    0.6043956043956044,
    0.9064327485380117,
    0.6757493188010899,
    0.35294117647058826,
    0.5786802030456852,
    0.3581395348837209,
    0.11538461538461539,
    0.798941798941799,
    0.7920792079207921
  ],
  "dev_error_rate": 35.18041237113402,
  "dev_macro_f1": 0.6061737115065564,
  "dev_ece": 0.11160703669734223,
  "stopping_strategy": "per_class_patience",
  "lambda1_mean": 1.0204987671319312,
  "lambda1_std": 0.28011766241576175,
  "lambda2_mean": 0.4861833378542284,
  "lambda2_std": 0.175064930133113
}