{
  "event": "hurricane_irma_2017",
  "budget": 10,
  "seed_set": 2,
  "test_error_rate": 35.12352309344791,
  "test_macro_f1": 0.6264663941054863,
  "test_ece": 0.1724347614320085,
  "test_per_class_f1": [
    0.5878378378378378,
    0.8449848024316109,
    0.7726708074534161,
    0.9318181818181818,
    0.4409448818897638,
    0.41324503311258276,
    0.2809917355371901,
    0.6869712351945855,
    0.6787330316742082
  ],
  "dev_error_rate": 34.55114822546973,
  "dev_macro_f1": 0.6366903880986309,
  "dev_ece": 0.1800757607985638,
  "stopping_strategy": "scaled_threshold",
  "phase1_seed_strategy": "last",
  "phase1_best_epoch": null,
  "lambda1_mean": 1.0126028809408911,
  "lambda1_std": 0.2858343572280434,
  "lambda2_mean": 0.45292044848231644,
  "lambda2_std": 0.19464963739019994
}