{
  "event": "hurricane_harvey_2017",
  "budget": 5,
  "seed_set": 2,
  "test_error_rate": 36.95290858725762,
  "test_macro_f1": 0.594937968254992,
  "test_ece": 0.12428615984824229,
  "test_per_class_f1": [
    0.5029239766081871,
    0.8093645484949833,
    0.74235807860262,
    0.8857142857142857,
    0.2558139534883721,
    0.3333333333333333,
    0.3384615384615385,
    0.7759456838021338,
    0.7105263157894737
  ],
  "dev_error_rate": 35.522066738428414,
  "dev_macro_f1": 0.6191859797518037,
  "dev_ece": 0.10808389464671952,
  "lambda1_mean": 0.8799991623093972,
  "lambda1_std": 0.14794801817116446,
  "lambda2_mean": 0.17639593426261793,
  "lambda2_std": 0.04882488991896076
}