{
  "event": "kerala_floods_2018",
  "budget": 50,
  "seed_set": 1,
  "test_error_rate": 34.63969658659924,
  "test_macro_f1": 0.5352882095545821,
  "test_ece": 0.1722435724795543,
  "test_per_class_f1": [
    0.43478260869565216,
    0.20588235294117646,
    0.527027027027027,
    0.8552631578947368,
    0.37962962962962965,
    0.34502923976608185,
    0.6174496644295302,
    0.7954696868754164,
    0.6570605187319885
  ],
  "dev_error_rate": 32.92383292383292,
  "dev_macro_f1": 0.581941161007356,
  "dev_ece": 0.18810900269620837,
  "stopping_strategy": "no_early_stopping",
  "lambda1_mean": 1.0716521194337973,
  "lambda1_std": 0.21358083688155083,
  "lambda2_mean": 0.5906423734931399,
  "lambda2_std": 0.17288938037543355
}