{
  "event": "hurricane_harvey_2017",
  "budget": 10,
  "seed_set": 3,
  "test_error_rate": 34.73684210526316,
  "test_macro_f1": 0.605852949871802,
  "test_ece": 0.23133893838549585,
  "test_per_class_f1": [
    0.5836909871244635,
    0.8278145695364238,
    0.7210144927536232,
    0.8695652173913043,
    0.32926829268292684,
    0.1411192214111922,
    0.4496124031007752,
    0.8268876611418048,
    0.7037037037037037
  ],
  "dev_error_rate": 33.58449946178686,
  "dev_macro_f1": 0.622618164263241,
  "dev_ece": 0.2095627871024211,
  "lambda1_mean": 0.868405135872525,
  "lambda1_std": 0.16583143954538251,
  "lambda2_mean": 0.17722740314533442,
  "lambda2_std": 0.057900522303438444
}