{
  "event": "hurricane_irma_2017",
  "budget": 10,
  "seed_set": 1,
  "test_error_rate": 34.80128893662729,
  "test_macro_f1": 0.631222827007502,
  "test_ece": 0.21505888469045067,
  "test_per_class_f1": [
    0.5623188405797102,
    0.8104956268221575,
    0.7622950819672131,
    0.947075208913649,
    0.5049833887043189,
    0.3430321592649311,
    0.345679012345679,
    0.7355982274741507,
    0.6695278969957081
  ],
  "dev_error_rate": 35.17745302713987,
  "dev_macro_f1": 0.6243051524346842,
  "dev_ece": 0.22229444221564276,
  "stopping_strategy": "balanced_dev",
  "phase1_seed_strategy": "last",
  "phase1_best_epoch": null,
  "lambda1_mean": 1.064254364388425,
  "lambda1_std": 0.22692240518139428,
  "lambda2_mean": 0.46944305159529376,
  "lambda2_std": 0.159713684361324
}