{
  "event": "cyclone_idai_2019",
  "budget": 5,
  "seed_set": 2,
  "test_error_rate": 22.59306803594352,
  "test_macro_f1": 0.5362611487642504,
  "test_per_class_f1": [
    0.41379310344827586,
    0.5517241379310345,
    0.8163265306122449,
    0.8757396449704142,
    0.0,
    0.09523809523809523,
    0.49142857142857144,
    0.4583333333333333,
    0.8708388814913449,
    0.7891891891891892
  ],
  "dev_error_rate": 25.187032418952615,
  "dev_macro_f1": 0.5336985978555437,
  "lambda1_mean": 0.9956808398961713,
  "lambda1_std": 0.323904492478469,
  "lambda2_mean": 0.49277385821234876,
  "lambda2_std": 0.21525585472385006
}