{
  "event": "kaikoura_earthquake_2016",
  "budget": 10,
  "seed_set": 1,
  "test_error_rate": 25.977011494252878,
  "test_macro_f1": 0.6766321048683951,
  "test_ece": 0.1539905940664226,
  "test_per_class_f1": [
    0.717948717948718,
    0.8571428571428571,
    0.7794117647058824,
    0.9545454545454546,
    0.5813953488372093,
    0.46956521739130436,
    0.0,
    0.8395061728395061,
    0.8901734104046243
  ],
  "dev_error_rate": 28.125,
  "dev_macro_f1": 0.6559520247724705,
  "dev_ece": 0.20530486519315408,
  "stopping_strategy": "no_early_stopping",
  "lambda1_mean": 1.0638308787960398,
  "lambda1_std": 0.1685343635962381,
  "lambda2_mean": 0.5400599452556543,
  "lambda2_std": 0.1607973197370209
}