{
  "event": "cyclone_idai_2019",
  "budget": 50,
  "seed_set": 3,
  "test_error_rate": 33.24775353016688,
  "test_macro_f1": 0.576353769440115,
  "test_ece": 0.14429460360700883,
  "test_per_class_f1": [
    0.4,
    0.4444444444444444,
    0.7692307692307693,
    0.8735632183908046,
    0.75,
    0.27450980392156865,
    0.4397163120567376,
    0.2857142857142857,
    0.750402576489533,
    0.7759562841530054
  ],
  "dev_error_rate": 31.670822942643394,
  "dev_macro_f1": 0.5562216031733554,
  "dev_ece": 0.1522084094788368,
  "stopping_strategy": "no_early_stopping",
  "lambda1_mean": 1.0150309314139274,
  "lambda1_std": 0.26001077977722115,
  "lambda2_mean": 0.47682091540202337,
  "lambda2_std": 0.18606353678844198
}