{
  "event": "california_wildfires_2018",
  "budget": 25,
  "seed_set": 2,
  "test_error_rate": 28.06297056810404,
  "test_macro_f1": 0.6553655724481947,
  "test_ece": 0.08327200498832238,
  "test_per_class_f1": [
    0.5333333333333333,
    0.7792207792207793,
    0.6133333333333333,
    0.893048128342246,
    0.723404255319149,
    0.6375545851528385,
    0.5,
    0.36363636363636365,
    0.8181818181818182,
    0.6919431279620853
  ],
  "dev_error_rate": 29.122340425531913,
  "dev_macro_f1": 0.6352963385093113,
  "dev_ece": 0.09972465042262638,
  "lambda1_mean": 0.8748662243659446,
  "lambda1_std": 0.14973809839355426,
  "lambda2_mean": 0.16749727401031153,
  "lambda2_std": 0.05660578793072098
}