{
  "event": "hurricane_harvey_2017",
  "budget": 25,
  "seed_set": 2,
  "test_error_rate": 27.70083102493075,
  "test_macro_f1": 0.6869563060368683,
  "test_ece": 0.1477341669253035,
  "test_per_class_f1": [
    0.6396396396396397,
    0.8490566037735849,
    0.8,
    0.9047619047619048,
    0.3884297520661157,
    0.4879725085910653,
    0.5093167701863354,
    0.845096241979835,
    0.7583333333333333
  ],
  "dev_error_rate": 27.98708288482239,
  "dev_macro_f1": 0.6889857423161141,
  "dev_ece": 0.1447262036402593,
  "stopping_strategy": "no_early_stopping",
  "lambda1_mean": 1.0707724062397685,
  "lambda1_std": 0.21319915429309844,
  "lambda2_mean": 0.4855199246838084,
  "lambda2_std": 0.18145361941420857
}