{
  "event": "hurricane_maria_2017",
  "budget": 10,
  "seed_set": 3,
  "test_error_rate": 31.276005547850204,
  "test_macro_f1": 0.6570315676180787,
  "test_ece": 0.22524236341041926,
  "test_per_class_f1": [
    0.6041666666666666,
    0.6753246753246753,
    0.8327759197324415,
    0.9322033898305084,
    0.33962264150943394,
    0.3907563025210084,
    0.6360655737704918,
    0.8161764705882353,
    0.6861924686192469
  ],
  "dev_error_rate": 31.132075471698116,
  "dev_macro_f1": 0.668365743059727,
  "dev_ece": 0.23899847329305515,
  "stopping_strategy": "weighted_macro_f1",
  "phase1_seed_strategy": "last",
  "phase1_best_epoch": null,
  "lambda1_mean": 1.0671236111635622,
  "lambda1_std": 0.20705228135095077,
  "lambda2_mean": 0.5404528683236076,
  "lambda2_std": 0.17170101873162988
}