{
  "event": "hurricane_harvey_2017",
  "budget": 50,
  "seed_set": 2,
  "test_error_rate": 28.698060941828253,
  "test_macro_f1": 0.6801877452814797,
  "test_ece": 0.13514888492977856,
  "test_per_class_f1": [
    0.6134453781512605,
    0.9,
    0.8451882845188284,
    0.9045936395759717,
    0.375,
    0.5309446254071661,
    0.41509433962264153,
    0.8086785009861933,
    0.728744939271255
  ],
  "dev_error_rate": 28.848223896663082,
  "dev_macro_f1": 0.6906881746625934,
  "dev_ece": 0.14090105948971723,
  "stopping_strategy": "balanced_dev",
  "phase1_seed_strategy": "last",
  "phase1_best_epoch": null,
  "lambda1_mean": 1.0166659395115407,
  "lambda1_std": 0.2523287105878553,
  "lambda2_mean": 0.6511366758292266,
  "lambda2_std": 0.2594423660523095
}