{
  "event": "cyclone_idai_2019",
  "budget": 50,
  "seed_set": 2,
  "test_error_rate": 28.36970474967908,
  "test_macro_f1": 0.6162327219840643,
  "test_ece": 0.10217915083232679,
  "test_per_class_f1": [
    0.38461538461538464,
    0.5882352941176471,
    0.7972972972972973,
    0.903954802259887,
    0.75,
    0.375,
    0.37681159420289856,
    0.4235294117647059,
    0.8128834355828221,
    0.75
  ],
  "dev_error_rate": 27.68079800498753,
  "dev_macro_f1": 0.5292806648030131,
  "dev_ece": 0.14500081695226064,
  "stopping_strategy": "per_class_patience",
  "lambda1_mean": 1.0064127456515828,
  "lambda1_std": 0.27561342972285036,
  "lambda2_mean": 0.5884488097059476,
  "lambda2_std": 0.22594548065160897
}