{
  "event": "cyclone_idai_2019",
  "budget": 10,
  "seed_set": 3,
  "test_error_rate": 29.01155327342747,
  "test_macro_f1": 0.5705996722015896,
  "test_ece": 0.045439159935184874,
  "test_per_class_f1": [
    0.4,
    0.5116279069767442,
    0.72,
    0.8734177215189873,
    0.5,
    0.3684210526315789,
    0.3708609271523179,
    0.3614457831325301,
    0.8180451127819549,
    0.7821782178217822
  ],
  "dev_error_rate": 31.92019950124688,
  "dev_macro_f1": 0.48357894930911166,
  "dev_ece": 0.08265504348753691,
  "stopping_strategy": "per_class_patience",
  "lambda1_mean": 1.0063391214557793,
  "lambda1_std": 0.28324339709783336,
  "lambda2_mean": 0.4070106949375443,
  "lambda2_std": 0.18063262753067258
}