{
  "event": "hurricane_florence_2018",
  "budget": 25,
  "seed_set": 1,
  "test_error_rate": 24.41579371474617,
  "test_macro_f1": 0.6732073529490955,
  "test_per_class_f1": [
    0.6899563318777293,
    0.8357142857142857,
    0.6021505376344086,
    0.9105691056910569,
    0.8484848484848485,
    0.39316239316239315,
    0.08695652173913043,
    0.8745644599303136,
    0.8173076923076923
  ],
  "dev_error_rate": 21.5962441314554,
  "dev_macro_f1": 0.7160902446301225,
  "lambda1_mean": 1.0754298535550226,
  "lambda1_std": 0.2072337254885622,
  "lambda2_mean": 0.5723647016558033,
  "lambda2_std": 0.16254492035116186
}