{
  "event": "cyclone_idai_2019",
  "budget": 50,
  "seed_set": 2,
  "test_error_rate": 24.518613607188698,
  "test_macro_f1": 0.6510065065656006,
  "test_ece": 0.06634294738053356,
  "test_per_class_f1": [
    0.5714285714285714,
    0.6470588235294118,
    0.8226950354609929,
    0.9050279329608939,
    0.6666666666666666,
    0.3870967741935484,
    0.3835616438356164,
    0.4918032786885246,
    0.8471615720524017,
    0.7875647668393783
  ],
  "dev_error_rate": 29.177057356608483,
  "dev_macro_f1": 0.5169130356660758,
  "dev_ece": 0.0783566828826419,
  "stopping_strategy": "no_early_stopping",
  "lambda1_mean": 0.992509012083485,
  "lambda1_std": 0.29646709146166095,
  "lambda2_mean": 0.5933232998862518,
  "lambda2_std": 0.2424890228736279
}