{
  "event": "california_wildfires_2018",
  "budget": 5,
  "seed_set": 1,
  "test_error_rate": 32.58042436687201,
  "test_macro_f1": 0.6045992940982249,
  "test_ece": 0.16877508849864295,
  "test_per_class_f1": [
    0.4444444444444444,
    0.7222222222222222,
    0.5728643216080402,
    0.8849797023004059,
    0.6829268292682927,
    0.6185567010309279,
    0.4174757281553398,
    0.2553191489361702,
    0.7627118644067796,
    0.6844919786096256
  ],
  "dev_error_rate": 33.51063829787234,
  "dev_macro_f1": 0.6079372858914491,
  "dev_ece": 0.1579353798854541,
  "stopping_strategy": "balanced_dev",
  "phase1_seed_strategy": "last",
  "phase1_best_epoch": null,
  "lambda1_mean": 0.5109623179709263,
  "lambda1_std": 0.22262153199866336,
  "lambda2_mean": 0.616121663306845,
  "lambda2_std": 0.20234939012636086
}