{
  "event": "hurricane_maria_2017",
  "budget": 10,
  "seed_set": 2,
  "test_error_rate": 31.206657420249652,
  "test_macro_f1": 0.654830545467676,
  "test_ece": 0.18977338881664568,
  "test_per_class_f1": [
    0.6476190476190476,
    0.6842105263157895,
    0.8390243902439024,
    0.9411764705882353,
    0.2676056338028169,
    0.39655172413793105,
    0.6269592476489029,
    0.81,
    0.680327868852459
  ],
  "dev_error_rate": 28.301886792452834,
  "dev_macro_f1": 0.6901481174463684,
  "dev_ece": 0.1639683474748925,
  "stopping_strategy": "scaled_threshold",
  "phase1_seed_strategy": "last",
  "phase1_best_epoch": null,
  "lambda1_mean": 1.0878678527606644,
  "lambda1_std": 0.1801200861934569,
  "lambda2_mean": 0.6364198862473784,
  "lambda2_std": 0.1585061596380453
}