{
  "event": "canada_wildfires_2016",
  "budget": 50,
  "seed_set": 1,
  "test_error_rate": 22.92134831460674,
  "test_macro_f1": 0.5974039166146687,
  "test_ece": 0.1208518516146735,
  "test_per_class_f1": [
    0.43478260869565216,
    0.89171974522293,
    0.8737864077669902,
    0.17647058823529413,
    0.4918032786885246,
    0.18181818181818182,
    0.8901408450704226,
    0.8387096774193549
  ],
  "dev_error_rate": 18.85964912280702,
  "dev_macro_f1": 0.7222408065916108,
  "dev_ece": 0.07339354447628323,
  "stopping_strategy": "no_early_stopping",
  "lambda1_mean": 0.9527917517439928,
  "lambda1_std": 0.2879416445926294,
  "lambda2_mean": 0.43472880063366676,
  "lambda2_std": 0.2114898788616853
}