{
  "event": "california_wildfires_2018",
  "budget": 10,
  "seed_set": 1,
  "test_error_rate": 32.16974674880218,
  "test_macro_f1": 0.6013518510421557,
  "test_ece": 0.07944150762677113,
  "test_per_class_f1": [
    0.3119266055045872,
    0.7374301675977654,
    0.5483870967741935,
    0.8918558077436582,
    0.6326530612244898,
    0.5508684863523573,
    0.39195979899497485,
    0.4186046511627907,
    0.8346456692913385,
    0.6951871657754011
  ],
  "dev_error_rate": 30.984042553191493,
  "dev_macro_f1": 0.6030805695082914,
  "dev_ece": 0.08101449659133847,
  "stopping_strategy": "scaled_threshold",
  "phase1_seed_strategy": "last",
  "phase1_best_epoch": null,
  "lambda1_mean": 1.0177590906871492,
  "lambda1_std": 0.261319565562302,
  "lambda2_mean": 0.6124975275892933,
  "lambda2_std": 0.21256024195488596
}