{
  "event": "hurricane_florence_2018",
  "budget": 25,
  "seed_set": 2,
  "test_error_rate": 24.254633360193388,
  "test_macro_f1": 0.6844851372099644,
  "test_ece": 0.04118014364161867,
  "test_per_class_f1": [
    0.7260869565217392,
    0.8304498269896193,
    0.6363636363636364,
    0.9206349206349206,
    0.8490566037735849,
    0.32460732984293195,
    0.19230769230769232,
    0.8502581755593803,
    0.8306010928961749
  ],
  "dev_error_rate": 22.691705790297345,
  "dev_macro_f1": 0.694470784429659,
  "dev_ece": 0.04872265005708678,
  "lambda1_mean": 0.9077663980312425,
  "lambda1_std": 0.14353655831092652,
  "lambda2_mean": 0.17709015407836448,
  "lambda2_std": 0.0517500949006442
}