{
  "event": "california_wildfires_2018",
  "budget": 50,
  "seed_set": 1,
  "test_error_rate": 27.446954140999313,
  "test_macro_f1": 0.6543389931771213,
  "test_ece": 0.11845724847649644,
  "test_per_class_f1": [
    0.5714285714285714,
    0.7582417582417582,
    0.5633802816901409,
    0.8922237380627558,
    0.6947368421052632,
    0.6978557504873294,
    0.4540229885057471,
    0.37037037037037035,
    0.821917808219178,
    0.7192118226600985
  ],
  "dev_error_rate": 29.255319148936167,
  "dev_macro_f1": 0.6331178933933953,
  "dev_ece": 0.14775030049396323,
  "stopping_strategy": "balanced_dev",
  "phase1_seed_strategy": "last",
  "phase1_best_epoch": null,
  "lambda1_mean": 1.0389206206497452,
  "lambda1_std": 0.20253530528191122,
  "lambda2_mean": 0.7609983825603489,
  "lambda2_std": 0.22632579938258035
}