{
  "event": "kerala_floods_2018",
  "budget": 25,
  "seed_set": 3,
  "test_error_rate": 29.83565107458913,
  "test_macro_f1": 0.5537303402619802,
  "test_ece": 0.21546876029253909,
  "test_per_class_f1": [
    0.4262295081967213,
    0.27906976744186046,
    0.5081967213114754,
    0.8120300751879699,
    0.41148325358851673,
    0.3767313019390582,
    0.6666666666666666,
    0.8471148126115408,
    0.6560509554140127
  ],
  "dev_error_rate": 27.027027027027028,
  "dev_macro_f1": 0.6135706162695307,
  "dev_ece": 0.1996541320911496,
  "stopping_strategy": "baseline",
  "lambda1_mean": 1.0603480082503873,
  "lambda1_std": 0.20808825414981436,
  "lambda2_mean": 0.5701513998514266,
  "lambda2_std": 0.18158886611171215
}