{
  "event": "kerala_floods_2018",
  "budget": 25,
  "seed_set": 2,
  "test_error_rate": 34.45006321112516,
  "test_macro_f1": 0.5458083932347426,
  "test_ece": 0.19764225056816442,
  "test_per_class_f1": [
    0.47058823529411764,
    0.17073170731707318,
    0.5441176470588235,
    0.8421052631578947,
    0.37185929648241206,
    0.35545023696682465,
    0.6859504132231405,
    0.7973154362416107,
    0.6741573033707865
  ],
  "dev_error_rate": 30.95823095823096,
  "dev_macro_f1": 0.6032812749637252,
  "dev_ece": 0.17138420221114337,
  "stopping_strategy": "no_early_stopping",
  "lambda1_mean": 1.029436706410245,
  "lambda1_std": 0.2329558648684691,
  "lambda2_mean": 0.43089099475422377,
  "lambda2_std": 0.1529647792544782
}