{
  "event": "hurricane_harvey_2017",
  "budget": 10,
  "seed_set": 1,
  "test_error_rate": 29.196675900277015,
  "test_macro_f1": 0.659174301210941,
  "test_ece": 0.09902589747945356,
  "test_per_class_f1": [
    0.6265060240963856,
    0.8283582089552238,
    0.7991967871485943,
    0.8960573476702509,
    0.3553299492385787,
    0.48056537102473496,
    0.43870967741935485,
    0.8342342342342343,
    0.6736111111111112
  ],
  "dev_error_rate": 30.355220667384287,
  "dev_macro_f1": 0.6559783662436585,
  "dev_ece": 0.11055692000589283,
  "lambda1_mean": 0.9189411065891664,
  "lambda1_std": 0.16247282083086279,
  "lambda2_mean": 0.1891959431723016,
  "lambda2_std": 0.06613827413805681
}