{
  "event": "kerala_floods_2018",
  "budget": 5,
  "seed_set": 1,
  "test_error_rate": 29.266750948166877,
  "test_macro_f1": 0.5544762639928719,
  "test_ece": 0.23128383696154606,
  "test_per_class_f1": [
    0.5161290322580645,
    0.2222222222222222,
    0.5,
    0.8120300751879699,
    0.4,
    0.3673469387755102,
    0.6837606837606838,
    0.8548104956268222,
    0.6339869281045751
  ],
  "dev_error_rate": 26.412776412776417,
  "dev_macro_f1": 0.6020574651658678,
  "dev_ece": 0.21339034298274673,
  "stopping_strategy": "balanced_dev",
  "phase1_seed_strategy": "last",
  "phase1_best_epoch": null,
  "lambda1_mean": 1.0926956980373497,
  "lambda1_std": 0.1948269696284613,
  "lambda2_mean": 0.6349954955859853,
  "lambda2_std": 0.16043827669616145
}