{
  "event": "cyclone_idai_2019",
  "budget": 10,
  "seed_set": 3,
  "test_error_rate": 26.44415917843389,
  "test_macro_f1": 0.6173205398162356,
  "test_ece": 0.05662251477140516,
  "test_per_class_f1": [
    0.47368421052631576,
    0.5365853658536586,
    0.7870967741935484,
    0.8860759493670886,
    0.6666666666666666,
    0.4,
    0.38095238095238093,
    0.375,
    0.8304093567251462,
    0.8367346938775511
  ],
  "dev_error_rate": 30.42394014962594,
  "dev_macro_f1": 0.5069002153570277,
  "dev_ece": 0.058428886896951526,
  "stopping_strategy": "weighted_macro_f1",
  "phase1_seed_strategy": "last",
  "phase1_best_epoch": null,
  "lambda1_mean": 1.006520897731696,
  "lambda1_std": 0.27414534731535045,
  "lambda2_mean": 0.3987211923037739,
  "lambda2_std": 0.17385524798821905
}