{
  "event": "kerala_floods_2018",
  "budget": 5,
  "seed_set": 1,
  "test_error_rate": 29.45638432364096,
  "test_macro_f1": 0.5677956626365831,
  "test_per_class_f1": [
    0.5230769230769231,
    0.34146341463414637,
    0.5151515151515151,
    0.8260869565217391,
    0.4095238095238095,
    0.32679738562091504,
    0.6397306397306397,
    0.8511151295961422,
    0.6772151898734177
  ],
  "dev_error_rate": 28.00982800982801,
  "dev_macro_f1": 0.6163241490794553,
  "lambda1_mean": 1.0813286232372714,
  "lambda1_std": 0.20974792108095014,
  "lambda2_mean": 0.5697434453824654,
  "lambda2_std": 0.1705821290638087
}